position,index,stem,psnr_pre,psnr_attn,ssim_pre,ssim_attn,latency_pre_ms,latency_attn_ms,gt_std,psnr_delta,ssim_delta
0,32,000032,30.346754652616582,30.263998105351277,0.8842893242835999,0.8834429979324341,179.7880999984045,181.22520000179065,0.292438268661499,-0.0827565472653049,-0.0008463263511657715
1,33,000033,24.050633132156385,23.93826757566732,0.6536206603050232,0.6523260474205017,123.06809999790858,181.94869999933871,0.30821433663368225,-0.11236555648906332,-0.0012946128845214844
2,34,000034,24.302598712557074,24.171185184176306,0.6118658185005188,0.6037998795509338,120.43629999971017,168.8715999989654,0.3003484904766083,-0.1314135283807687,-0.008065938949584961
3,35,000035,23.921441837064606,23.86866516556239,0.6508097052574158,0.6528792381286621,125.7603999983985,171.7361000009987,0.3065718710422516,-0.05277667150221532,0.002069532871246338
4,36,000036,29.246041068004057,29.225724667104483,0.7844668626785278,0.7764824032783508,136.3366000005044,186.93720000010217,0.09860191494226456,-0.020316400899574205,-0.007984459400177002
5,37,000037,26.587289524237015,26.276245061596654,0.6256206035614014,0.5847964286804199,115.57429999811575,170.4715000014403,0.18124808371067047,-0.31104446264036056,-0.040824174880981445
6,38,000038,26.24811835573744,26.07594573213288,0.6001799702644348,0.5790511965751648,119.04719999802182,201.31349999792292,0.1701653003692627,-0.17217262360455976,-0.02112877368927002
7,39,000039,26.74831212355805,26.639829023941097,0.6358209848403931,0.6242316365242004,127.76880000092206,174.75700000068173,0.17871098220348358,-0.10848309961695435,-0.011589348316192627
8,40,000040,25.024341328622818,25.131125690878157,0.7542081475257874,0.7612125277519226,130.1768000012089,195.48410000061267,0.1739709973335266,0.10678436225533972,0.007004380226135254
9,41,000041,25.57102920742484,25.53863165829788,0.830498456954956,0.8321475386619568,130.33480000012787,172.5484000016877,0.2482706606388092,-0.03239754912695858,0.0016490817070007324
10,42,000042,24.586669233405555,24.685440195729008,0.8155331611633301,0.813254177570343,126.64349999977276,190.1475999984541,0.2541305422782898,0.09877096232345295,-0.0022789835929870605
11,43,000043,25.511573404007937,25.49853983618736,0.8285439610481262,0.8315114974975586,138.25229999929434,176.43569999927422,0.25778302550315857,-0.013033567820578185,0.002967536449432373
12,44,000044,19.383804557271578,19.390191854664774,0.7163200974464417,0.7137088775634766,127.07589999990887,176.61219999718014,0.30329617857933044,0.006387297393196434,-0.002611219882965088
13,45,000045,23.995132358233707,23.933606639968197,0.6899107694625854,0.6817378401756287,118.76639999900362,175.96659999981057,0.1881379634141922,-0.061525718265510676,-0.008172929286956787
14,46,000046,23.868934998312092,23.792329031862526,0.6981974840164185,0.69391268491745,129.53030000062427,177.70240000027115,0.1962425261735916,-0.07660596644956641,-0.004284799098968506
15,47,000047,23.570129879470567,23.55187207231449,0.6699532270431519,0.6614559292793274,122.50389999826439,174.20819999824744,0.19095280766487122,-0.0182578071560755,-0.008497297763824463
16,48,000048,30.37744133449248,30.15203736512493,0.8995623588562012,0.8970212340354919,123.0851000000257,179.70820000118692,0.24734480679035187,-0.22540396936755158,-0.0025411248207092285
17,49,000049,17.3260431872453,17.46665552377995,0.2996509075164795,0.29136043787002563,129.0073999989545,171.92179999983637,0.13608382642269135,0.1406123365346481,-0.008290469646453857
18,50,000050,17.270957252160898,17.37467201088924,0.2984399199485779,0.29260778427124023,117.2937000010279,167.68619999857037,0.1366325169801712,0.10371475872834068,-0.0058321356773376465
19,51,000051,16.910240256860824,17.0810868386477,0.2962232530117035,0.2924383580684662,118.53859999973793,170.7325999996101,0.13750924170017242,0.17084658178687562,-0.0037848949432373047
20,52,000052,26.19395475781711,26.16413592444777,0.35950228571891785,0.35907191038131714,119.5981999990181,168.49069999807398,0.10555339604616165,-0.029818833369340325,-0.000430375337600708
21,53,000053,25.41058123904302,25.415551680182634,0.6700225472450256,0.6708704829216003,126.07660000139731,170.8364000005531,0.22424571216106415,0.0049704411396156445,0.000847935676574707
22,54,000054,25.71043536422248,25.662626616370034,0.6616710424423218,0.6618025302886963,123.59690000084811,167.96740000063437,0.21521195769309998,-0.04780874785244649,0.00013148784637451172
23,55,000055,26.79098197847201,26.76565865115284,0.7391940951347351,0.7403120994567871,125.86430000010296,162.86719999698107,0.19726648926734924,-0.025323327319171085,0.001118004322052002
24,56,000056,26.576345990439716,26.543996865393744,0.8697553873062134,0.8694360256195068,128.40389999837498,172.59930000000168,0.23804867267608643,-0.03234912504597176,-0.00031936168670654297
25,57,000057,31.183410297047228,31.091845173096694,0.6931000351905823,0.6928263902664185,134.9796000031347,175.49090000102296,0.18054503202438354,-0.0915651239505344,-0.00027364492416381836
26,58,000058,31.71598380682941,31.757113751007058,0.7075344920158386,0.707608699798584,122.33930000002147,175.7906999991974,0.18289601802825928,0.041129944177647815,7.420778274536133e-05
27,59,000059,31.53349905140432,31.649644616114937,0.6936810612678528,0.6952305436134338,122.32109999968088,176.1995000015304,0.1789974719285965,0.11614556471061732,0.0015494823455810547
28,60,000060,26.409913384693972,26.173874410891713,0.6731939315795898,0.6532379984855652,132.25020000027143,170.28209999989485,0.23212698101997375,-0.23603897380225902,-0.019955933094024658
29,61,000061,31.165712035925438,31.07586281962172,0.7996814846992493,0.7978166341781616,122.05199999880278,172.68680000051972,0.12157823890447617,-0.089849216303719,-0.0018648505210876465
30,62,000062,30.97659620825811,30.925386215561925,0.7917261123657227,0.791212260723114,140.99500000156695,202.60639999833074,0.12354709208011627,-0.05120999269618309,-0.0005138516426086426
31,63,000063,30.811424881554018,30.81637276128528,0.8077691793441772,0.8088198304176331,127.19479999941541,166.82349999973667,0.11535890400409698,0.004947879731261651,0.0010506510734558105
32,64,000064,28.8841213232011,28.920438180601103,0.8934193253517151,0.8941789269447327,130.91759999952046,174.25309999816818,0.2867126762866974,0.03631685740000279,0.0007596015930175781
33,65,000065,27.249086904426502,27.368279794461976,0.7217394113540649,0.7209559082984924,136.07009999759612,171.45940000045812,0.14153264462947845,0.11919289003547462,-0.0007835030555725098
34,66,000066,27.50482269302992,27.41009299948628,0.7414090037345886,0.7411416172981262,129.9619999990682,174.8779999979888,0.14436955749988556,-0.0947296935436377,-0.00026738643646240234
35,67,000067,26.448767756632343,26.407337592117997,0.7240998148918152,0.7277576327323914,138.05449999927077,188.20880000203033,0.17701497673988342,-0.041430164514345336,0.003657817840576172
36,68,000068,28.505414800415995,28.377940290438165,0.7566835284233093,0.7551705241203308,120.99049999960698,197.417300001689,0.23685309290885925,-0.12747450997783005,-0.0015130043029785156
37,69,000069,32.58154876982155,32.570068470736345,0.9196290969848633,0.9206596612930298,136.82840000183205,197.19590000022436,0.1572173833847046,-0.01148029908520698,0.001030564308166504
38,70,000070,32.1768462688991,32.0316993340675,0.9171671271324158,0.915032684803009,130.4670999998052,170.1165000013134,0.15687373280525208,-0.14514693483160102,-0.0021344423294067383
39,71,000071,32.78945555657917,32.79649982569554,0.9229682683944702,0.9229223728179932,123.88709999868297,183.3651999986614,0.15699760615825653,0.007044269116370572,-4.589557647705078e-05
40,72,000072,25.011759769014184,25.11186654631694,0.7044033408164978,0.7132804989814758,135.5105000002368,175.92530000183615,0.275653213262558,0.10010677730275575,0.008877158164978027
41,73,000073,24.88906573932086,24.75062560198438,0.629642128944397,0.6154919862747192,120.53599999853759,167.73470000043744,0.27167809009552,-0.13844013733647742,-0.014150142669677734
42,74,000074,24.8209680594612,24.82604784595594,0.6830556988716125,0.6868191957473755,128.61340000017663,175.6362000014633,0.27499809861183167,0.005079786494739835,0.0037634968757629395
43,75,000075,24.033472512362543,23.91701358113851,0.6147986054420471,0.6084423661231995,116.93539999760105,164.6586999995634,0.2746172547340393,-0.1164589312240345,-0.006356239318847656
44,76,000076,33.31627795893239,33.551881429137104,0.9118941426277161,0.9160552620887756,116.9941000007384,179.4097000019974,0.2024315595626831,0.2356034702047154,0.00416111946105957
45,77,000077,33.359509610997534,33.387104346883234,0.8208650350570679,0.8212223052978516,135.53150000007008,172.54089999914868,0.12127391993999481,0.027594735885699606,0.0003572702407836914
46,78,000078,30.245354925308945,30.23615486506193,0.6945061087608337,0.6915550827980042,125.44530000013765,183.62960000013118,0.12257623672485352,-0.009200060247014363,-0.00295102596282959
47,79,000079,33.17769997427769,33.317893214503414,0.8151270747184753,0.816149115562439,123.22530000164988,170.7218000010471,0.10402794927358627,0.14019324022572732,0.001022040843963623
48,80,000080,25.191107609240156,25.13981663013807,0.8337917327880859,0.8265121579170227,122.28680000043823,173.1422000011662,0.1588093489408493,-0.05129097910208458,-0.007279574871063232
49,81,000081,26.000160952402137,25.95935189378231,0.7618113160133362,0.7606083750724792,124.71989999903599,215.87500000168802,0.225690558552742,-0.04080905861982842,-0.0012029409408569336
50,82,000082,26.151447841151075,26.162655070416555,0.7593304514884949,0.763648271560669,137.14619999882416,190.70600000122795,0.23439989984035492,0.011207229265480123,0.004317820072174072
51,83,000083,26.23698145754119,26.198601216343803,0.7570269107818604,0.7594534754753113,151.67659999860916,179.66229999728967,0.23369131982326508,-0.03838024119738748,0.0024265646934509277
52,84,000084,22.71292613379274,22.70271667814951,0.5927475690841675,0.6064826250076294,127.78909999906318,170.4874999995809,0.15700383484363556,-0.01020945564323128,0.013735055923461914
53,85,000085,20.056187693993746,20.095501455541477,0.71976238489151,0.728482723236084,118.44420000124956,168.93440000058035,0.2694215774536133,0.039313761547731474,0.008720338344573975
54,86,000086,19.018582039718403,19.04941626243993,0.6952126622200012,0.6927407383918762,119.16969999947469,176.96209999849088,0.28538548946380615,0.030834222721527027,-0.002471923828125
55,87,000087,19.601013852984405,19.61612954169092,0.7093865275382996,0.7073456048965454,135.14600000053179,187.5510000027134,0.27845537662506104,0.015115688706515584,-0.0020409226417541504
56,88,000088,36.96666333553181,36.56374692797896,0.9624318480491638,0.9626071453094482,124.64680000266526,169.42540000309236,0.34501194953918457,-0.4029164075528513,0.00017529726028442383
57,89,000089,30.805247302484116,30.93465528143664,0.879727840423584,0.8836179375648499,120.26419999892823,170.67490000044927,0.16325907409191132,0.12940797895252487,0.003890097141265869
58,90,000090,31.021916810591144,30.93270822176686,0.8815961480140686,0.8798999190330505,132.47460000275169,174.20010000205366,0.16221822798252106,-0.08920858882428462,-0.0016962289810180664
59,91,000091,31.009455551053854,30.876910651947295,0.8806388974189758,0.8781552910804749,125.2481000010448,168.57189999791444,0.16085077822208405,-0.1325448991065592,-0.0024836063385009766
60,92,000092,25.89384678052371,25.879840833685943,0.6276055574417114,0.6236684918403625,120.36240000088583,173.00140000224928,0.1454237401485443,-0.014005946837766459,-0.003937065601348877
61,93,000093,35.16735187812828,35.15316616966015,0.8631699681282043,0.8626286387443542,121.65319999985513,165.6994000004488,0.11855877935886383,-0.014185708468126279,-0.0005413293838500977
62,94,000094,33.143902862495615,33.17943460482391,0.8460466265678406,0.8466991186141968,123.64240000169957,171.91749999983585,0.1322949081659317,0.03553174232829548,0.0006524920463562012
63,95,000095,35.313625205961785,35.29644663223932,0.864657461643219,0.8657407760620117,123.90049999885377,173.320000001695,0.11862867325544357,-0.01717857372246101,0.0010833144187927246
64,96,000096,20.483726127131558,20.51771397266307,0.6596957445144653,0.6444029808044434,128.1139999991865,169.81089999899268,0.22899943590164185,0.03398784553151302,-0.015292763710021973
65,97,000097,28.86279033881188,28.895620491697713,0.7477822303771973,0.7476096153259277,123.09620000087307,178.16809999931138,0.18561799824237823,0.032830152885832575,-0.00017261505126953125
66,98,000098,29.051389364465038,29.06711638086997,0.7457080483436584,0.7446582913398743,119.39100000017788,180.94319999727304,0.1759771853685379,0.015727016404930794,-0.0010497570037841797
67,99,000099,28.754953360194836,28.73725037403107,0.7455746531486511,0.7447881102561951,120.9290000006149,173.9529999977094,0.184261754155159,-0.017702986163765644,-0.0007865428924560547
68,100,000100,32.127878474288316,32.042393441646446,0.8869116902351379,0.8861967921257019,121.31550000049174,168.67379999894183,0.2479257583618164,-0.0854850326418699,-0.0007148981094360352
69,101,000101,33.55364558504154,33.63731998882364,0.8331461548805237,0.833307683467865,127.79579999914858,166.7845000010857,0.1990128457546234,0.08367440378210489,0.0001615285873413086
70,102,000102,33.07441219269485,33.083567502079845,0.8238331079483032,0.8241782188415527,133.35759999972652,182.81539999952656,0.19764995574951172,0.00915530938499387,0.0003451108932495117
71,103,000103,32.949428311486855,33.08877156786255,0.8194754123687744,0.8204543590545654,132.08469999881345,175.88830000022426,0.20347045361995697,0.139343256375696,0.0009789466857910156
72,104,000104,27.2719638809934,27.224435557692296,0.7950335741043091,0.7968315482139587,134.87919999897713,194.5441000025312,0.2654359042644501,-0.04752832330110479,0.0017979741096496582
73,105,000105,33.4405350722541,33.61364572125405,0.9564255475997925,0.9554614424705505,129.99249999847962,188.56640000012703,0.28449252247810364,0.17311064899995188,-0.0009641051292419434
74,106,000106,34.92697230312502,34.87115249369489,0.9657831788063049,0.9664461016654968,135.1689000002807,215.68549999938114,0.1959226131439209,-0.0558198094301261,0.0006629228591918945
75,107,000107,33.58565067503917,33.57404515787656,0.9604878425598145,0.9594191312789917,164.62379999939003,244.28529999931925,0.24800057709217072,-0.01160551716260727,-0.001068711280822754
76,108,000108,18.650107158267716,18.693441603382922,0.6203628778457642,0.6153461933135986,171.27740000069025,242.3581999973976,0.20975720882415771,0.04333444511520668,-0.005016684532165527
77,109,000109,22.30085752713505,22.18310984289608,0.776905357837677,0.776570200920105,183.20589999711956,276.2470999987272,0.2607799768447876,-0.11774768423897086,-0.0003351569175720215
78,110,000110,23.451835222063586,23.41996225249742,0.7777099013328552,0.779388964176178,208.24509999874863,255.0228000000061,0.1915719360113144,-0.03187296956616592,0.001679062843322754
79,111,000111,23.608919896328224,23.55044231921466,0.775009274482727,0.7703613042831421,189.76919999840902,252.88080000245827,0.1837540864944458,-0.05847757711356394,-0.004647970199584961
80,112,000112,25.93403617170029,25.90768999007945,0.7211938500404358,0.7198417782783508,211.46809999845573,252.69870000192896,0.19236324727535248,-0.026346181620837683,-0.001352071762084961
81,113,000113,31.853704978376093,31.99304322555113,0.7788153290748596,0.7809475660324097,187.2853999993822,261.09659999929136,0.14634734392166138,0.1393382471750364,0.002132236957550049
82,114,000114,31.51887292732953,31.36234731106488,0.7707908749580383,0.7655975222587585,182.91989999852376,267.3197000003711,0.14721304178237915,-0.15652561626464845,-0.005193352699279785
83,115,000115,29.60749354958726,29.58575478452417,0.9074885249137878,0.9063801169395447,197.00190000003204,272.0372000003408,0.10237982869148254,-0.021738765063091137,-0.001108407974243164
84,116,000116,25.51235991655915,25.29709320413645,0.6511817574501038,0.6257067918777466,185.04549999852316,270.74029999857885,0.16068406403064728,-0.21526671242270012,-0.025474965572357178
85,117,000117,26.08599925541298,25.993669398517078,0.6668969988822937,0.6484944820404053,181.94339999899967,246.0471000013058,0.1368698924779892,-0.09232985689590123,-0.018402516841888428
86,118,000118,26.113001142305382,26.10333508545988,0.6612126231193542,0.6522905826568604,162.20790000079433,274.2082999975537,0.13649579882621765,-0.00966605684550359,-0.008922040462493896
87,119,000119,25.994230697447435,25.686677864164153,0.6552218794822693,0.6120284795761108,197.36360000024433,330.9250000020256,0.12833172082901,-0.30755283328328176,-0.04319339990615845
88,120,000120,28.121427743347635,28.086029527250425,0.8599786758422852,0.8580605387687683,229.4422000013583,295.5307999982324,0.29640644788742065,-0.03539821609721017,-0.0019181370735168457
89,121,000121,32.35446935867667,32.32038470600619,0.939752995967865,0.9393888115882874,208.7576000012632,265.41659999929834,0.23725003004074097,-0.03408465267047944,-0.0003641843795776367
90,122,000122,30.67345168695045,30.526468990508924,0.9140068292617798,0.9108996987342834,186.3411999984237,274.4602000020677,0.26693201065063477,-0.14698269644152617,-0.003107130527496338
91,123,000123,30.622516573053193,30.38364909196229,0.920389711856842,0.9172709584236145,204.39649999752874,264.8472999972,0.26315176486968994,-0.23886748109090306,-0.003118753433227539
92,124,000124,23.061397939264822,23.026999783602562,0.8075380325317383,0.806808352470398,183.54990000079852,251.8294999972568,0.21527712047100067,-0.034398155662259455,-0.000729680061340332
93,125,000125,26.617679076452887,26.591318930364118,0.8274888396263123,0.8263424038887024,175.70920000071055,280.4089999990538,0.22898130118846893,-0.02636014608876991,-0.0011464357376098633
94,126,000126,26.838843820792114,26.909325263640127,0.8392324447631836,0.8363101482391357,210.7174999982817,251.65709999782848,0.22723527252674103,0.07048144284801339,-0.0029222965240478516
95,127,000127,26.752263162903105,26.718975388168097,0.8446192145347595,0.837823212146759,173.0974000020069,297.9191999984323,0.22842541337013245,-0.03328777473500821,-0.006796002388000488
96,128,000128,33.17405245478158,33.04018096979984,0.7939050197601318,0.7948605418205261,186.7177999993146,363.3845999975165,0.1950235366821289,-0.13387148498173929,0.0009555220603942871
97,129,000129,23.342229996759198,23.328468428091718,0.7486891150474548,0.7510978579521179,226.455400003033,338.92049999849405,0.17278510332107544,-0.013761568667479906,0.002408742904663086
98,130,000130,23.748738228344607,23.76402068958319,0.7667123675346375,0.7746915817260742,217.89870000066003,307.4148999985482,0.16975408792495728,0.015282461238584233,0.007979214191436768
99,131,000131,23.72877107077596,23.8973875878073,0.7560182809829712,0.7755569219589233,218.6413999988872,301.2039999994158,0.16984553635120392,0.16861651703134228,0.01953864097595215
100,132,000132,31.158845726287787,31.127938910781655,0.897098958492279,0.8963645696640015,235.51529999895138,315.61060000240104,0.08392320573329926,-0.030906815506131835,-0.0007343888282775879
101,133,000133,22.222491757149424,22.0896804470702,0.36452150344848633,0.34706518054008484,219.92839999802527,316.00990000151796,0.12343623489141464,-0.13281131007922298,-0.01745632290840149
102,134,000134,26.33453931479272,26.516659843047496,0.557040810585022,0.5604855418205261,223.2893000000331,304.92940000112867,0.06487694382667542,0.18212052825477443,0.0034447312355041504
103,135,000135,21.823124235922066,21.774023060090908,0.3612043261528015,0.3620433211326599,217.10990000065067,371.4411000000837,0.12533466517925262,-0.04910117583115792,0.0008389949798583984
104,136,000136,28.068953377688132,28.05280891485281,0.8515015840530396,0.849859893321991,254.988400000002,340.4569000012998,0.23845039308071136,-0.016144462835320894,-0.001641690731048584
105,137,000137,28.760976172947025,28.79061972805847,0.6974351406097412,0.704276978969574,673.9715000003343,352.51370000332827,0.10133348405361176,0.029643555111444897,0.006841838359832764
106,138,000138,28.502571075340647,28.571965172579695,0.6885362863540649,0.6971476078033447,249.6964999991178,336.9951000022411,0.10191310197114944,0.06939409723904788,0.008611321449279785
107,139,000139,28.8837154428344,28.832771244584343,0.6969153881072998,0.6789110898971558,433.8117000006605,392.98779999808175,0.09659148752689362,-0.05094419825005758,-0.018004298210144043
108,140,000140,23.482262655872212,23.300320421494185,0.7843850255012512,0.7766550183296204,234.7872999998799,325.51299999977346,0.2370678037405014,-0.18194223437802748,-0.007730007171630859
109,141,000141,24.34558013517708,24.241586560603906,0.8454229831695557,0.84345942735672,399.72559999660007,541.928700000426,0.25182071328163147,-0.10399357457317393,-0.0019635558128356934
110,142,000142,24.277928728166955,24.183272827973106,0.8420207500457764,0.840240478515625,407.3960999994597,546.669400002429,0.2478359192609787,-0.09465590019384962,-0.0017802715301513672
111,143,000143,24.021040206900043,23.941206802182236,0.8328827619552612,0.8315461874008179,372.4450000008801,638.9071000012336,0.25016704201698303,-0.07983340471780664,-0.0013365745544433594
112,144,000144,27.104088756191025,27.069643816116677,0.6381287574768066,0.6390921473503113,337.34979999644565,368.44550000023446,0.1519019603729248,-0.03444494007434784,0.0009633898735046387
113,145,000145,31.142850002301145,31.149742639926686,0.5896072387695312,0.5885526537895203,228.6062999992282,326.41249999869615,0.20939788222312927,0.0068926376255404875,-0.0010545849800109863
114,146,000146,31.064732027994587,31.091272680978644,0.5890824198722839,0.5895105004310608,25531.373800000438,621.9564999992144,0.21111412346363068,0.026540652984056834,0.00042808055877685547
115,147,000147,31.244843268932577,31.254455433543498,0.5906116962432861,0.5931911468505859,838.768000001437,350.7229000024381,0.20702579617500305,0.00961216461092107,0.0025794506072998047
116,148,000148,25.172217003719574,25.21090524641966,0.7139061093330383,0.7125483751296997,122.65490000208956,172.323899998446,0.2045460045337677,0.038688242700086306,-0.001357734203338623
117,149,000149,28.486202455308764,28.504160509758485,0.5195237994194031,0.5190590023994446,128.92700000156765,154.43020000020624,0.23789002001285553,0.017958054449721317,-0.0004647970199584961
118,150,000150,28.34424500938224,28.486030880059538,0.5335487127304077,0.5356442332267761,175.9319000011601,375.7172999976319,0.2368062138557434,0.1417858706772961,0.002095520496368408
119,151,000151,28.39250267538544,28.4842631314616,0.5312104821205139,0.5261503458023071,214.961100002256,240.69130000134464,0.23697291314601898,0.0917604560761589,-0.005060136318206787
120,152,000152,23.06593674105548,23.02868563429113,0.5706298351287842,0.5621058344841003,248.88759999885224,306.1669000016991,0.18438467383384705,-0.037251106764351505,-0.008524000644683838
121,153,000153,29.75830753545473,29.778032582660106,0.6889470815658569,0.6869136095046997,125.52119999963907,140.20040000104927,0.20646321773529053,0.01972504720537671,-0.0020334720611572266
122,154,000154,30.210852092632802,30.19268864680953,0.7373592853546143,0.7374136447906494,96.96679999979096,134.51260000147158,0.17809143662452698,-0.018163445823272895,5.435943603515625e-05
123,155,000155,29.94706034992978,29.9981919372153,0.7076585292816162,0.7073379755020142,105.3451000007044,174.24819999723695,0.22328168153762817,0.05113158728551781,-0.0003205537796020508
124,156,000156,25.565853469426912,25.25482781993839,0.8659995794296265,0.8592365384101868,175.43230000228505,247.58600000131992,0.24102173745632172,-0.31102564948852063,-0.006763041019439697
125,157,000157,30.444888235509232,30.548082004264998,0.9284273982048035,0.9273368716239929,152.07200000077137,213.80620000127237,0.09487007558345795,0.1031937687557658,-0.0010905265808105469
126,158,000158,30.763205493806268,30.991270767187807,0.9358014464378357,0.9354695677757263,200.10560000082478,184.96370000138995,0.09191974252462387,0.2280652733815387,-0.000331878662109375
127,159,000159,30.92848838358155,30.9766352592803,0.9412024617195129,0.9401485919952393,172.37460000251303,294.0257999980531,0.09128759801387787,0.04814687569875176,-0.0010538697242736816
128,160,000160,30.78559661174783,30.689122534877086,0.8920238614082336,0.8915967345237732,149.35870000044815,214.1382000008889,0.1824551522731781,-0.09647407687074505,-0.0004271268844604492
129,161,000161,30.82249641934635,30.700214673863407,0.9006526470184326,0.8979254364967346,123.22439999843482,194.7175999994215,0.18348084390163422,-0.1222817454829439,-0.002727210521697998
130,162,000162,30.284335791142496,30.200102507392778,0.9006725549697876,0.8987646102905273,138.66689999849768,179.53830000260496,0.19814158976078033,-0.08423328374971817,-0.001907944679260254
131,163,000163,31.032580366242357,30.99632262268208,0.9084745049476624,0.9088617563247681,125.58089999947697,185.65590000071097,0.18912838399410248,-0.036257743560277333,0.0003872513771057129
132,164,000164,25.363551271451335,25.34238404741189,0.7084888815879822,0.6989867687225342,140.83749999917927,175.5343000004359,0.14495083689689636,-0.021167224039444932,-0.009502112865447998
133,165,000165,29.97599695043023,29.94398894306462,0.8496736884117126,0.8497698307037354,145.55519999703392,179.55219999930705,0.1312572956085205,-0.03200800736560794,9.614229202270508e-05
134,166,000166,30.615712811515223,30.714318864465987,0.8521345257759094,0.8535172939300537,134.3458000010287,173.78430000098888,0.1255001574754715,0.09860605295076397,0.0013827681541442871
135,167,000167,30.204749104232267,30.9059450995041,0.8274308443069458,0.8614192008972168,135.59329999770853,173.25369999889517,0.10846494138240814,0.7011959952718314,0.033988356590270996
136,168,000168,24.178481718070625,24.09806644459176,0.7490407824516296,0.7444077134132385,127.79629999931785,206.26029999766615,0.22227632999420166,-0.08041527347886657,-0.004633069038391113
137,169,000169,32.937818441220365,32.900474102155826,0.8109878897666931,0.8114177584648132,169.4217000003846,225.55900000224938,0.1483355462551117,-0.037344339064539156,0.0004298686981201172
138,170,000170,33.45377468081508,33.474276035312364,0.8318564891815186,0.8362941741943359,153.6443999975745,197.2237000009045,0.14075981080532074,0.020501354497284296,0.004437685012817383
139,171,000171,34.276602215755105,34.392889842380264,0.9454923272132874,0.9459896087646484,132.73660000049858,182.05209999723593,0.10117631405591965,0.11628762662515868,0.000497281551361084
140,172,000172,28.156143954313052,28.171909226174296,0.5311993360519409,0.5293025374412537,127.62989999828278,178.96920000202954,0.10130660235881805,0.015765271861244656,-0.0018967986106872559
141,173,000173,23.850516622702852,23.858627394657496,0.2752968668937683,0.27834638953208923,126.41599999915343,175.55350000111503,0.18650516867637634,0.008110771954644491,0.003049522638320923
142,174,000174,24.298739039812478,24.305510736266186,0.3167373239994049,0.3181779682636261,138.83290000012494,193.05610000083107,0.16937485337257385,0.006771696453707676,0.0014406442642211914
143,175,000175,24.10576044884342,24.11897639721996,0.2922774851322174,0.2856312096118927,180.41449999873294,288.75759999937145,0.17090414464473724,0.01321594837654061,-0.006646275520324707
144,176,000176,24.31960511735567,24.36676773070072,0.7007220983505249,0.7028784155845642,140.64839999991818,189.24240000342252,0.13665542006492615,0.04716261334504779,0.0021563172340393066
145,177,000177,26.46655979066034,26.344418720025327,0.36843663454055786,0.37749651074409485,195.62890000088373,203.31230000010692,0.1586018204689026,-0.12214107063501345,0.009059876203536987
146,178,000178,30.4945072492459,30.510663020822506,0.555951714515686,0.5624276399612427,147.17229999951087,188.5108999995282,0.09649897366762161,0.016155771576606526,0.006475925445556641
147,179,000179,26.26373886317561,26.287625941037046,0.36147549748420715,0.37275248765945435,141.96650000303634,183.61899999945308,0.17086021602153778,0.023887077861434847,0.011276990175247192
148,180,000180,35.930722647663,36.10040590993557,0.9380165338516235,0.9387240409851074,138.22810000056052,184.84019999959855,0.1580861657857895,0.1696832622725637,0.0007075071334838867
149,181,000181,28.553766314338496,28.353311157056602,0.7300859689712524,0.7150838971138,143.42649999889545,191.47929999962798,0.19906799495220184,-0.200455157281894,-0.015002071857452393
150,182,000182,27.7958060643654,27.745297189618444,0.7423945665359497,0.7384226322174072,139.7450000004028,209.91119999962393,0.20041196048259735,-0.05050887474695642,-0.0039719343185424805
151,183,000183,27.718587452068064,27.775331367761336,0.7412872910499573,0.732330858707428,174.3549000020721,245.37320000308682,0.20006081461906433,0.05674391569327142,-0.008956432342529297
152,184,000184,23.787325840122328,23.778100576039307,0.6260650157928467,0.6311440467834473,203.0181000009179,281.9491999980528,0.2145245224237442,-0.009225264083021045,0.005079030990600586
153,185,000185,32.65329485715417,32.587649446037815,0.9011996984481812,0.9002793431282043,191.17740000001504,268.5775999998441,0.17634357511997223,-0.06564541111635691,-0.0009203553199768066
154,186,000186,31.62302207193161,31.58017088542949,0.8929873704910278,0.8909050822257996,203.46839999911026,253.95239999852492,0.1824149340391159,-0.04285118650212283,-0.0020822882652282715
155,187,000187,31.97854214149901,32.13275246178031,0.8956798315048218,0.8980942368507385,188.12960000286694,254.19980000151554,0.17613860964775085,0.15421032028130455,0.002414405345916748
156,188,000188,24.667807652816798,24.730104128369206,0.717546820640564,0.7277876138687134,243.8454000002821,394.3278000006103,0.15956921875476837,0.062296475552408026,0.010240793228149414
157,189,000189,24.665157819965287,24.544901038118205,0.7592437863349915,0.7532768845558167,206.8353000031493,258.14919999902486,0.19327980279922485,-0.12025678184708255,-0.005966901779174805
158,190,000190,24.96216340852697,24.867247742976883,0.7636827230453491,0.7593611478805542,189.2593999982637,253.5706000016944,0.1944497674703598,-0.09491566555008646,-0.004321575164794922
159,191,000191,25.11537823473494,24.977379841659086,0.7537195682525635,0.7394635081291199,185.06780000097933,243.26859999928274,0.18888019025325775,-0.13799839307585415,-0.014256060123443604
160,192,000192,28.491151638988566,28.52233237066403,0.9311020374298096,0.9318404197692871,157.8351999996812,237.31690000204253,0.06397079676389694,0.031180731675465978,0.0007383823394775391
161,193,000193,27.164309614390163,27.041067114962026,0.8849306702613831,0.8831013441085815,166.93400000076508,227.52879999825382,0.20717358589172363,-0.12324249942813736,-0.0018293261528015137
162,194,000194,27.860399461031825,27.75548378789424,0.8927464485168457,0.8915315866470337,162.69060000195168,224.8701999997138,0.20125867426395416,-0.10491567313758665,-0.0012148618698120117
163,195,000195,28.156627401957557,28.12435991659303,0.8985962271690369,0.8964841365814209,210.39969999765162,284.11339999729535,0.19937355816364288,-0.03226748536452817,-0.002112090587615967
164,196,000196,24.374739667221128,24.486085213150947,0.6526539921760559,0.6774547100067139,180.20339999930002,257.7774999990652,0.12037491053342819,0.11134554592981871,0.02480071783065796
165,197,000197,28.5936381862218,28.648861675159,0.8015080690383911,0.8036741018295288,185.86099999811267,258.6427999995067,0.13261686265468597,0.05522348893720164,0.0021660327911376953
166,198,000198,27.903506367590758,27.884580947301487,0.7764384746551514,0.7763866186141968,175.15519999869866,266.275099998893,0.12496466934680939,-0.018925420289271244,-5.1856040954589844e-05
167,199,000199,27.557002843826304,27.49293137659742,0.7685267329216003,0.7643076181411743,170.83389999970677,231.87700000198674,0.13158932328224182,-0.06407146722888513,-0.004219114780426025
168,200,000200,26.907134520007574,26.860907363304687,0.3935849070549011,0.3793148994445801,177.04170000070008,261.9737000022724,0.15402470529079437,-0.04622715670288713,-0.014270007610321045
169,201,000201,33.098692282827166,33.271725289894285,0.7430501580238342,0.7429541945457458,181.72079999931157,252.55140000081155,0.31496384739875793,0.17303300706711866,-9.59634780883789e-05
170,202,000202,34.009014258519926,33.92780641188449,0.7751486897468567,0.7747742533683777,175.56949999925564,237.35820000001695,0.30374589562416077,-0.08120784663543645,-0.0003744363784790039
171,203,000203,33.788680118118165,33.687807420223024,0.757659375667572,0.7581313252449036,172.07219999909285,238.02250000153435,0.30753928422927856,-0.10087269789514153,0.00047194957733154297
172,204,000204,24.13299050156388,24.10885593122988,0.8798798322677612,0.8788403868675232,172.24170000190497,235.30350000146427,0.19655165076255798,-0.024134570334002348,-0.0010394454002380371
173,205,000205,22.406413892295646,22.3849599281968,0.7333681583404541,0.7288146018981934,178.00250000072992,249.15469999905326,0.20989421010017395,-0.021453964098846257,-0.004553556442260742
174,206,000206,21.11268045799514,21.103428882569816,0.6794896125793457,0.6784042119979858,165.3796999999031,218.5247999987041,0.20234453678131104,-0.009251575425324177,-0.0010854005813598633
175,207,000207,21.66721022847971,21.65533469666423,0.706392228603363,0.702753484249115,159.2476000005263,242.36170000222046,0.20427781343460083,-0.0118755318154804,-0.003638744354248047
176,208,000208,31.627295568991045,31.63196136400405,0.7368707060813904,0.7364247441291809,155.79190000062226,226.15530000257422,0.18706673383712769,0.004665795013004015,-0.00044596195220947266
177,209,000209,32.09699238220863,32.18301698842487,0.7742407321929932,0.7830231189727783,161.28849999950035,233.91819999960717,0.19206376373767853,0.08602460621623464,0.008782386779785156
178,210,000210,32.30496091353734,32.367238162133006,0.7806377410888672,0.7825711369514465,164.30890000265208,228.87550000086776,0.19053015112876892,0.06227724859566308,0.0019333958625793457
179,211,000211,31.52684176431928,31.51127926187221,0.7402722239494324,0.7396206855773926,223.12269999747514,266.10929999878863,0.19347169995307922,-0.015562502447068027,-0.0006515383720397949
180,212,000212,29.86851036597358,29.94304220333983,0.9135458469390869,0.9149559736251831,185.80970000039088,289.16539999772795,0.1854057013988495,0.0745318373662478,0.0014101266860961914
181,213,000213,37.464325424926,37.41259264397241,0.96919846534729,0.9679622650146484,210.8248000004096,270.67929999975604,0.16996188461780548,-0.051732780953592794,-0.0012362003326416016
182,214,000214,37.7629393042985,37.590064930902614,0.9543402194976807,0.9534144401550293,185.6593000011344,245.96509999901173,0.20257258415222168,-0.17287437339588507,-0.0009257793426513672
183,215,000215,38.108237856584324,37.90507548615696,0.9692575931549072,0.9689239859580994,187.15520000114338,279.7707999998238,0.1538904309272766,-0.20316237042736418,-0.00033360719680786133
184,216,000216,29.638927808023325,29.661556317144935,0.8772972226142883,0.8760316371917725,186.2258999972255,234.021299998858,0.10330138355493546,0.022628509121609852,-0.0012655854225158691
185,217,000217,29.53489335429506,29.665742251866412,0.7867516279220581,0.7907713055610657,168.71499999979278,232.0480000016687,0.28766822814941406,0.13084889757135088,0.004019677639007568
186,218,000218,30.475804819529344,30.62007511822838,0.8252576589584351,0.827214241027832,166.82800000126008,271.17100000032224,0.36180418729782104,0.14427029869903762,0.0019565820693969727
187,219,000219,31.195171440671604,31.358031606786536,0.8496379256248474,0.8493106365203857,208.69829999719514,269.8417999999947,0.3633117973804474,0.16286016611493181,-0.0003272891044616699
188,220,000220,33.899176547362956,33.91914381342863,0.8100208044052124,0.8097168803215027,190.31420000101207,272.0757000024605,0.12110107392072678,0.019967266065677336,-0.0003039240837097168
189,221,000221,23.174357578641825,23.121785955695614,0.6656022071838379,0.6573651432991028,183.60789999860572,255.8794999968086,0.26477181911468506,-0.05257162294621054,-0.008237063884735107
190,222,000222,24.369048084458722,24.277330172864595,0.6863582730293274,0.6845414638519287,193.94960000136052,260.6034999989788,0.25675877928733826,-0.09171791159412734,-0.0018168091773986816
191,223,000223,21.670082905922598,21.603247502500096,0.7432529330253601,0.7387170791625977,190.08909999683965,244.4711999996798,0.2880024313926697,-0.06683540342250183,-0.004535853862762451
192,224,000224,24.44316153077075,24.457988611978408,0.4311894178390503,0.4295770227909088,180.0187000008009,255.75380000009318,0.15683571994304657,0.014827081207656079,-0.0016123950481414795
193,225,000225,26.69075699988975,26.654053056271398,0.4813234508037567,0.4547957181930542,174.40060000080848,242.9837999989104,0.08589582145214081,-0.0367039436183525,-0.026527732610702515
194,226,000226,25.271226858399768,25.265142281318017,0.43516984581947327,0.4200652837753296,168.67330000241054,239.3594999994093,0.11184068769216537,-0.006084577081750808,-0.015104562044143677
195,227,000227,25.822683632233286,25.780270245214666,0.43165186047554016,0.44255566596984863,171.98170000119717,244.59650000062538,0.107998788356781,-0.04241338701861963,0.010903805494308472
196,228,000228,18.302744096552424,18.19119055171437,0.735105037689209,0.7358080148696899,180.7705999999598,239.22979999770178,0.2623853087425232,-0.11155354483805269,0.000702977180480957
197,229,000229,20.694021615163454,20.634694470556752,0.7134587168693542,0.7114440202713013,172.4426000000676,247.44830000054208,0.21413597464561462,-0.05932714460670141,-0.0020146965980529785
198,230,000230,20.488641753948297,20.48664493148778,0.6904349327087402,0.6884422898292542,163.41999999713153,254.7751000020071,0.21122179925441742,-0.0019968224605158014,-0.001992642879486084
199,231,000231,21.14189084378228,21.21158703466753,0.6952065229415894,0.6897730827331543,179.6875,226.8365999989328,0.21008144319057465,0.06969619088524937,-0.005433440208435059
200,232,000232,21.687476283194655,21.74769493263323,0.6954107284545898,0.6929261684417725,160.52780000245548,217.3569000005955,0.14868859946727753,0.0602186494385748,-0.002484560012817383
201,233,000233,23.117240947471913,23.126407320274417,0.6692509651184082,0.6664465069770813,153.81129999877885,235.07669999889913,0.12082138657569885,0.009166372802503986,-0.0028044581413269043
202,234,000234,23.316589459871718,23.337607325128694,0.6763467788696289,0.6742245554924011,169.46979999920586,245.2043000012054,0.11771218478679657,0.02101786525697591,-0.002122223377227783
203,235,000235,23.237270012698282,23.188254344943037,0.6649178862571716,0.6685399413108826,173.25899999923422,229.0173000001232,0.11708229035139084,-0.04901566775524557,0.0036220550537109375
204,236,000236,28.364276765617053,28.19401423730879,0.8050451278686523,0.7994194030761719,170.3388999994786,239.8049000003084,0.22546261548995972,-0.17026252830826394,-0.005625724792480469
205,237,000237,26.21806149797907,26.262451477430616,0.7680559158325195,0.7693189978599548,170.75200000181212,232.24870000194642,0.15979652106761932,0.0443899794515481,0.0012630820274353027
206,238,000238,26.601938701052475,26.486622994721195,0.7541228532791138,0.7484050393104553,162.26060000190046,221.15110000231653,0.16848842799663544,-0.11531570633128041,-0.005717813968658447
207,239,000239,27.345117721002122,27.377385120942147,0.7663892507553101,0.7715350985527039,152.68169999762904,214.43429999999353,0.1626354306936264,0.03226739994002514,0.005145847797393799
208,240,000240,23.18213833177382,23.102942984149514,0.8490971326828003,0.8533322811126709,164.00659999999334,221.32069999861415,0.21666494011878967,-0.07919534762430658,0.0042351484298706055
209,241,000241,35.521229601772035,35.61268314925317,0.9673487544059753,0.9673067927360535,161.18049999931827,232.3753000018769,0.1340300291776657,0.09145354748113732,-4.1961669921875e-05
210,242,000242,35.70303288175923,35.8730452056892,0.9666160345077515,0.9680569171905518,170.5026000017824,216.36550000039279,0.14809754490852356,0.17001232392997423,0.001440882682800293
211,243,000243,36.10522563773928,36.41406406657053,0.9712837934494019,0.9719045758247375,154.45439999894006,226.3760000023467,0.1340906023979187,0.3088384288312511,0.0006207823753356934
212,244,000244,19.702962941781454,19.74572724859369,0.6730762720108032,0.6705862283706665,157.90070000002743,219.58010000162176,0.26319900155067444,0.04276430681223431,-0.0024900436401367188
213,245,000245,27.76870648047737,27.754810198992818,0.9344245195388794,0.9344167709350586,160.04180000163615,221.91149999707704,0.11442015320062637,-0.01389628148455202,-7.748603820800781e-06
214,246,000246,26.11898301878524,26.16905747956647,0.9224843978881836,0.9224854111671448,150.118300000031,216.68339999814634,0.14410854876041412,0.05007446078122868,1.0132789611816406e-06
215,247,000247,26.81485844713737,26.819069633588274,0.9298023581504822,0.9307364225387573,172.4251000014192,234.84749999988708,0.1281321793794632,0.00421118645090246,0.0009340643882751465
216,248,000248,28.196439336893224,28.1439753898811,0.8336926102638245,0.8309924006462097,189.41870000344352,219.5566999980656,0.33405596017837524,-0.05246394701212509,-0.002700209617614746
217,249,000249,22.559889306501336,22.598098079929162,0.7530104517936707,0.7533507347106934,147.99970000240137,220.9774999973888,0.16182129085063934,0.038208773427825804,0.0003402829170227051
218,250,000250,21.51853497711365,21.511562915662353,0.7093703150749207,0.7081151604652405,172.5146999997378,219.04540000105044,0.175541952252388,-0.006972061451296696,-0.0012551546096801758
219,251,000251,22.710765526916457,22.7342906993956,0.7521631717681885,0.7541407346725464,150.4120999998122,229.04550000021118,0.1617288738489151,0.023525172479143208,0.00197756290435791
220,252,000252,28.60275511939024,28.483742771515743,0.7882673740386963,0.7830949425697327,148.64360000137822,212.59719999943627,0.2320828139781952,-0.1190123478744951,-0.005172431468963623
221,253,000253,29.44160357489698,29.288530050731204,0.8554630875587463,0.8562384247779846,167.74680000162334,225.7671000006667,0.17648199200630188,-0.15307352416577658,0.0007753372192382812
222,254,000254,28.960249705004863,28.95115462605398,0.8249418139457703,0.8235030174255371,152.94559999892954,227.9034999992291,0.23236770927906036,-0.009095078950881685,-0.0014387965202331543
223,255,000255,29.453165175103454,29.402429421565884,0.8524699211120605,0.8497617244720459,148.52629999950295,222.4034999999276,0.16833952069282532,-0.05073575353756965,-0.0027081966400146484
224,256,000256,24.13941611224557,24.086176859862995,0.8078969717025757,0.8037208914756775,154.74259999973583,220.3455999988364,0.19668810069561005,-0.053239252382574875,-0.004176080226898193
225,257,000257,20.39404855054325,20.327502433267867,0.6958490610122681,0.6937633156776428,147.4523999968369,204.5695999986492,0.23891912400722504,-0.06654611727538295,-0.002085745334625244
226,258,000258,21.02515266510427,20.956582418941217,0.7263312935829163,0.7253008484840393,158.9717999995628,225.39289999986067,0.23900023102760315,-0.06857024616305196,-0.0010304450988769531
227,259,000259,21.215670497695665,21.130476757753044,0.7409590482711792,0.7355486154556274,177.69249999764725,209.13739999741665,0.23264965415000916,-0.08519373994262125,-0.005410432815551758
228,260,000260,25.309331906493895,25.211487659201456,0.7145176529884338,0.7155806422233582,157.40399999776855,221.82149999935064,0.12413521111011505,-0.09784424729243923,0.0010629892349243164
229,261,000261,28.733214809096634,28.699532995227585,0.8362725973129272,0.8334252238273621,149.44780000223545,211.84019999782322,0.21554018557071686,-0.03368181386904823,-0.0028473734855651855
230,262,000262,27.603904890127712,27.602273431161155,0.8314362168312073,0.8322277665138245,155.66600000238395,224.49880000203848,0.23053434491157532,-0.0016314589665569201,0.0007915496826171875
231,263,000263,27.99989982213242,28.16492763930988,0.8211149573326111,0.8215954303741455,155.24100000038743,216.33849999852828,0.22301392257213593,0.16502781717746018,0.00048047304153442383
232,264,000264,23.869964536508693,23.873284545714352,0.7441723942756653,0.7396489381790161,168.86419999718782,239.5622000003641,0.258482962846756,0.0033200092056588915,-0.00452345609664917
233,265,000265,32.04318507708418,32.072172180732764,0.868959903717041,0.8690406680107117,158.33220000058645,215.19270000135293,0.13882549107074738,0.028987103648582035,8.07642936706543e-05
234,266,000266,31.849022136203622,31.874194649191384,0.8632916212081909,0.8635208606719971,150.2080999998725,231.17180000190274,0.13880285620689392,0.02517251298776202,0.00022923946380615234
235,267,000267,31.128750843438553,31.013804613878605,0.8651353716850281,0.8654029965400696,183.8930000012624,232.50369999732357,0.14183208346366882,-0.11494622955994771,0.0002676248550415039
236,268,000268,32.97866276036184,33.34837724556709,0.8776812553405762,0.8897872567176819,164.2362000020512,225.30950000145822,0.2570277750492096,0.3697144852052503,0.012106001377105713
237,269,000269,26.42987237034605,26.409253325873124,0.8090713620185852,0.808128297328949,166.0943999995652,230.87060000034398,0.09334155172109604,-0.020619044472926618,-0.0009430646896362305
238,270,000270,26.84041235333693,26.8377673974943,0.8170441389083862,0.8181173801422119,168.8594999977795,226.49900000033085,0.09265665709972382,-0.0026449558426300257,0.0010732412338256836
239,271,000271,26.732197320705545,26.744783921224563,0.8173383474349976,0.8187373280525208,161.1382999981288,262.46289999835426,0.09248252958059311,0.012586600519018276,0.0013989806175231934
240,272,000272,19.987340392693053,19.998315901187013,0.7099966406822205,0.7091044187545776,186.71069999982137,249.13540000125067,0.2763819098472595,0.010975508493960007,-0.0008922219276428223
241,273,000273,25.18887372891657,25.143251716913824,0.31474411487579346,0.3243705630302429,172.99569999886444,261.4706999993359,0.15112274885177612,-0.045622012002745294,0.009626448154449463
242,274,000274,24.71503739180055,24.75565543234378,0.321022093296051,0.32123467326164246,189.79570000010426,261.3022999976238,0.15703238546848297,0.04061804054322948,0.00021257996559143066
243,275,000275,25.222365685534598,25.186152129946407,0.32398584485054016,0.31551599502563477,187.1623000006366,264.34669999798643,0.15232732892036438,-0.036213555588190616,-0.008469849824905396
244,276,000276,36.45481881100008,36.492561088431344,0.9701997637748718,0.9682825207710266,208.24419999917154,264.05090000116616,0.25785157084465027,0.03774227743126346,-0.0019172430038452148
245,277,000277,35.60090088892852,35.54789227655554,0.9538581967353821,0.9539971947669983,196.95510000019567,248.14689999766415,0.15349611639976501,-0.05300861237298449,0.00013899803161621094
246,278,000278,33.80690891656842,33.31497866131045,0.93500816822052,0.9266195893287659,175.76719999851775,251.39130000025034,0.16008581221103668,-0.4919302552579694,-0.00838857889175415
247,279,000279,34.16739444902609,33.370279054187606,0.9382410049438477,0.9211001992225647,189.24380000316887,259.493300000031,0.14539627730846405,-0.7971153948384853,-0.01714080572128296
248,280,000280,21.55108749535952,21.509722681555886,0.7244859337806702,0.7224779725074768,184.26950000139186,257.9139999979816,0.22157609462738037,-0.04136481380363577,-0.0020079612731933594
249,281,000281,25.510403030204767,25.488734979930932,0.8406263589859009,0.8410180807113647,183.03089999972144,240.97450000044773,0.28409522771835327,-0.021668050273834893,0.0003917217254638672
250,282,000282,25.99471069013866,26.123061414231692,0.8386156558990479,0.8480600714683533,193.53210000190302,253.66610000128276,0.2839158773422241,0.12835072409303194,0.00944441556930542
251,283,000283,25.631634461347904,25.585672147838654,0.8538480401039124,0.8511725664138794,183.64719999954104,249.60830000054557,0.2817254960536957,-0.04596231350924995,-0.002675473690032959
252,284,000284,22.652856167815973,22.67510984686412,0.6632516384124756,0.6596568822860718,289.16129999925033,409.75299999990966,0.1892266571521759,0.022253679048148456,-0.0035947561264038086
253,285,000285,30.15053901590676,30.079197727337323,0.7832728028297424,0.7796660661697388,344.3274000019301,473.25659999842173,0.13077548146247864,-0.07134128856943533,-0.003606736660003662
254,286,000286,29.77024080647542,29.707087804574627,0.7796515226364136,0.776939332485199,276.852200000576,477.1786000019347,0.13652631640434265,-0.06315300190079398,-0.0027121901512145996
255,287,000287,31.547893270284888,31.55670702926631,0.776269793510437,0.7775170207023621,368.0525999989186,480.87479999958305,0.09819193184375763,0.008813758981421671,0.0012472271919250488
256,288,000288,27.15391406273955,26.94842998093302,0.8223859667778015,0.8107050657272339,355.4412000012235,494.9519000001601,0.2781201899051666,-0.205484081806528,-0.011680901050567627
257,289,000289,24.808054372722147,24.797753889316443,0.6355238556861877,0.6327189207077026,311.5192000004754,496.2168999991263,0.11119119822978973,-0.010300483405703886,-0.0028049349784851074
258,290,000290,22.791206178295806,22.788312049820505,0.6329478621482849,0.6372113227844238,311.97689999680733,287.5893999989785,0.122836634516716,-0.0028941284753010166,0.004263460636138916
259,291,000291,23.22635374948672,23.20145620160709,0.6376223564147949,0.6416467428207397,204.50209999762592,282.050399997388,0.12038765847682953,-0.024897547879628945,0.004024386405944824
260,292,000292,31.708415306772302,31.63663860260678,0.9421172738075256,0.9388661980628967,186.5077000002202,242.62280000039027,0.17060203850269318,-0.07177670416552218,-0.0032510757446289062
261,293,000293,26.11901930500958,26.09191726172181,0.35565251111984253,0.34665778279304504,157.5542000027781,223.24079999816604,0.2024775892496109,-0.027102043287769106,-0.008994728326797485
262,294,000294,26.051435884435445,26.042519124358016,0.3534007668495178,0.3535810112953186,146.46749999883468,243.30319999717176,0.1951342076063156,-0.008916760077429586,0.00018024444580078125
263,295,000295,25.605372362241404,25.52577166929645,0.34224140644073486,0.3534547686576843,159.34520000155317,224.26120000091032,0.2049490213394165,-0.07960069294495398,0.011213362216949463
264,296,000296,24.378767039488647,24.34467571115814,0.7151324152946472,0.7034668326377869,154.86659999805852,212.6527000000351,0.2682953178882599,-0.034091328330507764,-0.011665582656860352
265,297,000297,24.457815261708387,24.56890183400798,0.6995292901992798,0.7139906883239746,150.6745000006049,280.50790000270354,0.1377466768026352,0.11108657229959462,0.014461398124694824
266,298,000298,24.642298396222987,24.730043647210685,0.7052529454231262,0.7158273458480835,158.58879999723285,203.0799999993178,0.1350337564945221,0.08774525098769814,0.010574400424957275
267,299,000299,25.314583872102734,25.259987288116584,0.7657851576805115,0.7642450928688049,197.8309000005538,210.93450000262237,0.13810493052005768,-0.05459658398615019,-0.001540064811706543
268,300,000300,26.790525787331344,26.893728977895975,0.3769822418689728,0.4143863618373871,162.74759999942034,225.85320000143838,0.04815946891903877,0.10320319056463134,0.03740411996841431
269,301,000301,29.06799386571904,29.142174659107614,0.877397358417511,0.8772606253623962,147.63890000176616,221.70329999789828,0.24270440638065338,0.07418079338857453,-0.0001367330551147461
270,302,000302,30.473721481234186,30.48788860850971,0.9019752144813538,0.9010229706764221,165.51279999839608,214.08840000003693,0.23709194362163544,0.014167127275523939,-0.0009522438049316406
271,303,000303,30.418408044516234,30.43864569791268,0.9017746448516846,0.900791347026825,225.59689999980037,247.87239999932353,0.23254497349262238,0.02023765339644612,-0.0009832978248596191
272,304,000304,28.236127589847335,28.151346812903817,0.7948991060256958,0.7890905141830444,174.48629999853438,237.03000000023167,0.1934063583612442,-0.08478077694351782,-0.005808591842651367
273,305,000305,28.759676277582997,28.790726422928913,0.7258520722389221,0.722670316696167,172.02569999790285,227.6702999988629,0.19997616112232208,0.031050145345915325,-0.003181755542755127
274,306,000306,28.430654426335366,28.51578185558803,0.7269046306610107,0.7257838845252991,158.91090000150143,205.47629999782657,0.20178799331188202,0.08512742925266537,-0.00112074613571167
275,307,000307,28.982484925101847,28.95509942649155,0.7445563673973083,0.742918074131012,147.7721000010206,219.23090000200318,0.20185987651348114,-0.02738549861029682,-0.0016382932662963867
276,308,000308,34.035012080017516,34.529772574331076,0.9482889771461487,0.9518772959709167,146.73479999692063,223.79849999924772,0.28785136342048645,0.4947604943135602,0.0035883188247680664
277,309,000309,26.60330651304219,26.373863242610636,0.6724755764007568,0.6317944526672363,155.72869999959948,232.64029999700142,0.08749465644359589,-0.2294432704315561,-0.04068112373352051
278,310,000310,27.134551272542584,27.084919628007988,0.682123064994812,0.6772465109825134,157.02329999840003,213.71989999897778,0.08704473078250885,-0.04963164453459612,-0.004876554012298584
279,311,000311,26.58497276327636,26.831419149085015,0.6355635523796082,0.6666091680526733,171.15630000262172,243.5025000013411,0.08698487281799316,0.2464463858086532,0.031045615673065186
280,312,000312,22.60578037470369,22.573630940528993,0.7549154758453369,0.7586726546287537,157.28460000173072,218.37779999987106,0.1805291324853897,-0.0321494341746984,0.003757178783416748
281,313,000313,36.56015484816989,36.575823393296865,0.8854214549064636,0.8845961689949036,169.59309999947436,223.45860000132234,0.23705783486366272,0.015668545126978017,-0.0008252859115600586
282,314,000314,36.05460496497158,36.085353075262546,0.8606569170951843,0.8606451153755188,150.4257000015059,256.69159999961266,0.22876939177513123,0.030748110290964803,-1.1801719665527344e-05
283,315,000315,36.53344543805113,36.33368080878603,0.8909154534339905,0.8884686827659607,188.74159999904805,275.90109999800916,0.23208583891391754,-0.19976462926510408,-0.002446770668029785
284,316,000316,34.63140484352956,34.51691741805931,0.9699854850769043,0.9648144245147705,223.1071999995038,258.23700000182725,0.029326343908905983,-0.11448742547025148,-0.005171060562133789
285,317,000317,23.759439243951036,23.65426359361958,0.6398221850395203,0.6377674341201782,180.73700000240933,230.54570000022068,0.1950836330652237,-0.10517565033145715,-0.002054750919342041
286,318,000318,23.85900833293217,23.959109361936775,0.6620610952377319,0.6672086715698242,170.55880000043544,222.2585000017716,0.21900096535682678,0.10010102900460538,0.005147576332092285
287,319,000319,23.83125650303508,23.752929247733555,0.6548941731452942,0.6585381627082825,160.51190000143833,235.3445999979158,0.22411784529685974,-0.07832725530152373,0.0036439895629882812
288,352,000352,11.283989601832655,11.189747194071183,0.2780662477016449,0.2901926338672638,178.585399997246,233.4563000003982,0.2880685031414032,-0.09424240776147208,0.012126386165618896
289,353,000353,16.607767037496924,16.597632880640024,0.2948318421840668,0.2952108085155487,183.8298999973631,285.4193999992276,0.1542668342590332,-0.010134156856899779,0.0003789663314819336
290,354,000354,15.46390759629297,15.448758607936837,0.29135599732398987,0.2913390100002289,173.70070000106352,235.59259999819915,0.1746097207069397,-0.015148988356132875,-1.6987323760986328e-05
291,355,000355,15.363449586412708,15.339575003003565,0.28188222646713257,0.28465133905410767,157.18150000247988,234.84319999988656,0.1790069192647934,-0.023874583409142502,0.0027691125869750977
292,356,000356,24.574839789902253,24.53153662118632,0.7073853015899658,0.6945825815200806,173.4823000006145,235.43360000257962,0.2012551873922348,-0.04330316871593354,-0.012802720069885254
293,357,000357,29.128469342896977,29.14816228923817,0.7991728186607361,0.8022629022598267,185.83270000090124,259.164499999315,0.11517134308815002,0.01969294634119123,0.003090083599090576
294,358,000358,26.937525697494106,26.983163511842932,0.7698984742164612,0.7660014629364014,190.01360000038403,297.9546000024129,0.12295249849557877,0.045637814348825856,-0.0038970112800598145
295,359,000359,28.26218502579412,28.243617923176643,0.7956096529960632,0.7945317625999451,205.9503999989829,261.27919999998994,0.11945207417011261,-0.01856710261747807,-0.001077890396118164
296,360,000360,23.258003843807714,23.205965848094223,0.6740213632583618,0.6761956810951233,188.0708999997296,242.6856999991287,0.22224275767803192,-0.05203799571349066,0.0021743178367614746
297,361,000361,34.37241507340151,34.42717553666962,0.8652341365814209,0.863237202167511,168.70909999852302,234.89390000031563,0.02215428464114666,0.054760463268110016,-0.001996934413909912
298,362,000362,30.14717104374863,30.214975247826672,0.7663124203681946,0.7695087790489197,169.54189999887603,242.75430000125198,0.03718262165784836,0.06780420407804044,0.0031963586807250977
299,363,000363,30.0242000727042,30.084155946586492,0.7619956731796265,0.7670415639877319,175.36390000168467,248.73599999773433,0.04335917532444,0.0599558738822914,0.005045890808105469
300,364,000364,25.16285390715097,25.188256192031886,0.7775211334228516,0.78028804063797,174.54940000243369,230.27689999798895,0.23298294842243195,0.025402284880915005,0.002766907215118408
301,365,000365,29.150580585799464,29.04915954572641,0.8481545448303223,0.8441708087921143,177.09340000146767,232.32280000229366,0.13437442481517792,-0.10142104007305264,-0.003983736038208008
302,366,000366,29.054298326711148,29.007406034023752,0.8451796174049377,0.8428258895874023,215.90820000346866,264.42970000061905,0.14089950919151306,-0.04689229268739581,-0.0023537278175354004
303,367,000367,29.052083626922474,29.046741763137472,0.84775710105896,0.8462324142456055,171.93500000212225,243.6225999990711,0.1349843293428421,-0.005341863785002232,-0.0015246868133544922
304,368,000368,28.645826589815016,28.652087131282762,0.7686117887496948,0.767812192440033,169.13029999705032,247.94309999924735,0.16584143042564392,0.00626054146774635,-0.0007995963096618652
305,369,000369,25.21258311783288,25.237493681851667,0.6501981019973755,0.6636810302734375,168.46960000111721,239.4166000012774,0.13044466078281403,0.024910564018785664,0.013482928276062012
306,370,000370,23.600811765006288,23.56841509382634,0.6593148708343506,0.6622558832168579,170.86470000140253,254.84320000032312,0.14434537291526794,-0.032396671179949266,0.0029410123825073242
307,371,000371,24.43101386216568,24.469025910382708,0.6458605527877808,0.6477649211883545,188.2578000004287,257.1284999976342,0.13890662789344788,0.03801204821702697,0.0019043684005737305
308,372,000372,30.70424085552566,30.732360766449837,0.6592289805412292,0.6589228510856628,181.97279999731109,246.1442999992869,0.18504971265792847,0.02811991092417543,-0.00030612945556640625
309,373,000373,20.985095231653514,20.97205646335208,0.5713765025138855,0.5806474685668945,196.25909999740543,328.2789999975648,0.14814536273479462,-0.0130387683014348,0.009270966053009033
310,374,000374,20.758235054608953,20.77448099224085,0.5587411522865295,0.5613427758216858,203.58850000047823,271.1083999965922,0.14666320383548737,0.01624593763189708,0.00260162353515625
311,375,000375,20.705385056696773,20.718478675397797,0.5635066628456116,0.5629861354827881,158.57889999824692,215.47070000087842,0.1476076990365982,0.013093618701024212,-0.0005205273628234863
312,376,000376,21.374508131958056,21.538272626582216,0.48116931319236755,0.4941086173057556,150.3132999969239,208.89270000043325,0.18059507012367249,0.16376449462416076,0.012939304113388062
313,377,000377,21.217625686744665,21.242631048773525,0.7125845551490784,0.7091090679168701,151.72769999844604,215.387299998838,0.23851652443408966,0.02500536202886039,-0.003475487232208252
314,378,000378,21.45445170300835,21.486693625913247,0.7103108167648315,0.7131830453872681,158.15490000022692,208.6706999980379,0.25354522466659546,0.032241922904898246,0.0028722286224365234
315,379,000379,21.28627968200817,21.3313421722024,0.7304861545562744,0.7218896746635437,155.93319999970845,231.79520000121556,0.23789788782596588,0.04506249019422981,-0.008596479892730713
316,380,000380,28.035405776498404,28.0032810472885,0.8638719916343689,0.8636648654937744,156.51989999969373,216.4260000026843,0.1951521933078766,-0.0321247292099045,-0.00020712614059448242
317,381,000381,26.304878898540554,26.30770933490558,0.46196699142456055,0.4662714898586273,153.96689999761293,216.85040000011213,0.13628575205802917,0.0028304363650271114,0.0043044984340667725
318,382,000382,25.993227867158318,25.94900766712523,0.43752631545066833,0.429212749004364,157.08449999874574,207.68559999851277,0.13385383784770966,-0.04422020003308802,-0.008313566446304321
319,383,000383,25.998147308082267,25.945968083064024,0.4218323230743408,0.4231400787830353,145.45790000192937,224.07220000241068,0.1451958417892456,-0.0521792250182429,0.001307755708694458
320,384,000384,32.11814257354841,32.161731895837846,0.9576073884963989,0.956924557685852,164.56040000048233,227.7260999981081,0.2638808786869049,0.04358932228943502,-0.000682830810546875
321,385,000385,22.211756568400325,22.18057638192861,0.39473265409469604,0.39648860692977905,151.19910000066739,225.432200000796,0.14327673614025116,-0.031180186471715388,0.0017559528350830078
322,386,000386,22.51711949506131,22.530343776116226,0.40087202191352844,0.40251532196998596,151.43199999874923,210.34579999832204,0.12756039202213287,0.013224281054917242,0.0016433000564575195
323,387,000387,22.01484864250421,22.006729770004885,0.393765389919281,0.38566336035728455,149.51690000089002,265.03450000018347,0.14139258861541748,-0.00811887249932397,-0.00810202956199646
324,388,000388,26.545640217753817,26.616049402128098,0.7673617005348206,0.7697611451148987,176.28549999790266,227.45930000019143,0.22478291392326355,0.0704091843742809,0.002399444580078125
325,389,000389,31.089051671518707,31.053109553814263,0.7990220189094543,0.7968113422393799,177.26480000055744,227.98139999940759,0.12446368485689163,-0.03594211770444389,-0.002210676670074463
326,390,000390,31.98024249903241,31.986098181898313,0.928157389163971,0.9264273643493652,162.72899999967194,229.70039999927394,0.06115081533789635,0.005855682865902878,-0.0017300248146057129
327,391,000391,34.37300211909529,34.4347649640543,0.8944697976112366,0.8970973491668701,169.20349999782047,231.80839999986347,0.08666885644197464,0.06176284495901285,0.002627551555633545
328,392,000392,30.461739183038212,30.516731377820115,0.8710347414016724,0.8705946803092957,155.72989999782294,218.22249999968335,0.165483757853508,0.05499219478190298,-0.000440061092376709
329,393,000393,32.870699696922884,32.9370332051558,0.7702725529670715,0.771293580532074,151.80039999904693,216.82330000112415,0.172591432929039,0.0663335082329155,0.0010210275650024414
330,394,000394,32.837283449472736,32.64766381918359,0.7804742455482483,0.7778419256210327,166.86140000092564,219.5378000033088,0.1698072999715805,-0.18961963028914397,-0.002632319927215576
331,395,000395,34.39850686796353,34.342102917183695,0.8618600368499756,0.8611984848976135,152.36149999691406,251.4499999997497,0.18643128871917725,-0.0564039507798384,-0.0006615519523620605
332,396,000396,24.943098580183918,25.040022132713005,0.6921383738517761,0.7054685950279236,166.16549999889685,213.09819999805768,0.13358284533023834,0.09692355252908769,0.013330221176147461
333,397,000397,25.16681887679917,25.234637691344105,0.34646815061569214,0.34307655692100525,158.79800000038813,223.82260000085807,0.08840271830558777,0.06781881454493544,-0.0033915936946868896
334,398,000398,22.190534619625577,22.202905922099866,0.2583830654621124,0.24629461765289307,156.86460000142688,214.11620000071707,0.12034565955400467,0.012371302474289081,-0.01208844780921936
335,399,000399,21.295986960366694,21.296406816691483,0.19943515956401825,0.1913689523935318,157.95499999876483,213.99340000061784,0.14337055385112762,0.00041985632478969137,-0.00806620717048645
336,400,000400,32.83597352875552,33.01008749815787,0.9533177018165588,0.950669527053833,145.83700000002864,214.75260000079288,0.35845500230789185,0.1741139694023559,-0.00264817476272583
337,401,000401,30.792027422648403,30.736694259052776,0.7991053462028503,0.8000298738479614,167.01829999874462,217.65230000164593,0.10146145522594452,-0.0553331635956269,0.000924527645111084
338,402,000402,28.86962956226284,28.785163710296523,0.8279476165771484,0.8246713876724243,149.35630000036326,211.6753999980574,0.08613419532775879,-0.08446585196631773,-0.003276228904724121
339,403,000403,29.022950808435834,29.027097938779995,0.8189034461975098,0.8305808901786804,156.58329999860143,219.1954000008991,0.07916861027479172,0.004147130344161809,0.011677443981170654
340,404,000404,23.714969512421327,23.617013510817987,0.6123348474502563,0.5947614908218384,152.05950000017765,225.04230000049574,0.1922789216041565,-0.09795600160333962,-0.01757335662841797
341,405,000405,16.50379953516007,16.46294638780311,0.292732834815979,0.2955074608325958,154.37330000349903,213.4330000008049,0.15537461638450623,-0.040853147356958885,0.0027746260166168213
342,406,000406,16.895562643251182,16.817189164728813,0.28760772943496704,0.29853641986846924,156.5716999975848,228.5228000000643,0.14900517463684082,-0.07837347852236931,0.010928690433502197
343,407,000407,15.63724830902602,15.70311220793257,0.2930639088153839,0.28540340065956116,167.9132000026584,220.52910000275006,0.17244994640350342,0.06586389890654942,-0.007660508155822754
344,408,000408,28.927231658566775,28.923478828709893,0.8539465665817261,0.8511772155761719,156.72499999709544,223.90269999959855,0.23324166238307953,-0.0037528298568823004,-0.0027693510055541992
345,409,000409,34.131392297318456,33.959599621250646,0.8743492364883423,0.8737490773200989,171.8685000014375,217.3573000000033,0.2675279676914215,-0.17179267606780968,-0.0006001591682434082
346,410,000410,36.204035206801485,36.55970186472458,0.8836415410041809,0.8847138285636902,147.6812999972026,208.8945000032254,0.271342009305954,0.35566665792309493,0.0010722875595092773
347,411,000411,34.54043072905677,34.67980738761389,0.877755343914032,0.8782305717468262,146.4014999983192,223.85899999790126,0.2628409266471863,0.13937665855711856,0.00047522783279418945
348,412,000412,31.37733276052653,31.33340607010173,0.7499063611030579,0.7520695924758911,151.39459999772953,221.01589999874705,0.17630672454833984,-0.043926690424800796,0.002163231372833252
349,413,000413,21.150796162975748,21.134873850555355,0.5325189828872681,0.523586094379425,162.59039999931701,223.46119999929215,0.15029361844062805,-0.015922312420393325,-0.008932888507843018
350,414,000414,21.46012269507959,21.57276343900662,0.5079620480537415,0.5249782800674438,155.6845000013709,215.7699000017601,0.15104088187217712,0.11264074392703094,0.017016232013702393
351,415,000415,21.754147144701747,21.78509101770588,0.5213887095451355,0.5306525230407715,155.62199999840232,215.62959999937448,0.14460128545761108,0.030943873004133593,0.009263813495635986
352,416,000416,29.407091928131486,29.389883130197013,0.8739005327224731,0.8771134614944458,144.06850000159466,208.2620000001043,0.3069555461406708,-0.017208797934472386,0.0032129287719726562
353,417,000417,28.922818599470684,28.919035548355687,0.4940645098686218,0.4978700876235962,170.45970000253874,219.08080000139307,0.17141494154930115,-0.0037830511149969936,0.0038055777549743652
354,418,000418,28.67504598687703,28.689204166059326,0.5059003233909607,0.5054262280464172,156.09119999862742,256.6882999999507,0.16666267812252045,0.014158179182295783,-0.00047409534454345703
355,419,000419,28.862436559645943,28.864270642818152,0.5015329718589783,0.5010334253311157,173.0241000004753,223.0664999988221,0.17558763921260834,0.0018340831722092332,-0.0004995465278625488
356,420,000420,30.500257756594475,30.66920757467184,0.8226569890975952,0.8258206248283386,153.8656999982777,238.1067999995139,0.1456781029701233,0.16894981807736542,0.003163635730743408
357,421,000421,30.48602289724959,30.53536298113995,0.7029315829277039,0.7020572423934937,154.50999999666237,197.74499999766704,0.17382611334323883,0.049340083890360376,-0.0008743405342102051
358,422,000422,30.247619512853312,30.11597294271951,0.6974118947982788,0.6969318985939026,156.65699999954086,213.56850000302074,0.17314143478870392,-0.1316465701338032,-0.0004799962043762207
359,423,000423,30.340432102062515,30.15828866424016,0.6957905292510986,0.6842215061187744,160.39180000007036,218.63669999947888,0.17477717995643616,-0.18214343782235431,-0.011569023132324219
360,424,000424,29.496225625201653,29.36887801226564,0.8175903558731079,0.8135818243026733,156.8200000001525,223.14879999976256,0.21591253578662872,-0.12734761293601338,-0.00400853157043457
361,425,000425,33.31413836528626,33.1843731394453,0.8834632039070129,0.8772767782211304,147.14589999857708,219.88710000005085,0.12084228545427322,-0.12976522584096273,-0.006186425685882568
362,426,000426,30.95746480747309,30.95186691784242,0.8365321159362793,0.82457435131073,160.54280000025756,224.09600000173668,0.16279810667037964,-0.0055978896306712045,-0.011957764625549316
363,427,000427,32.80294408550343,32.70739893319714,0.8642515540122986,0.8548260927200317,144.24180000060005,228.48339999836753,0.132542684674263,-0.09554515230628624,-0.009425461292266846
364,428,000428,27.808176868991325,27.839259212635483,0.8673570156097412,0.8662413358688354,182.74469999960274,221.5572000022803,0.2024102509021759,0.031082343644158072,-0.0011156797409057617
365,429,000429,22.23233810074643,22.117319824064854,0.8187222480773926,0.8064656853675842,156.27339999991818,241.39310000100522,0.29821181297302246,-0.1150182766815746,-0.01225656270980835
366,430,000430,21.285011494253293,21.322930401483603,0.7908219695091248,0.7896984219551086,176.735799999733,227.86769999947865,0.30430272221565247,0.037918907230309884,-0.0011235475540161133
367,431,000431,22.08293192917082,22.117190593155712,0.8007615208625793,0.8024337887763977,153.8479999981064,216.40599999955157,0.3000350892543793,0.03425866398489319,0.0016722679138183594
368,432,000432,30.08280939182587,29.999476490977152,0.8402867317199707,0.837133526802063,143.1940999973449,207.53079999849433,0.21462923288345337,-0.08333290084871692,-0.003153204917907715
369,433,000433,29.522488351595456,29.609323317246336,0.6904245615005493,0.6978057622909546,145.32039999903645,210.94569999695523,0.14434978365898132,0.08683496565087978,0.0073812007904052734
370,434,000434,30.736738755141843,30.5700762273299,0.746060848236084,0.7314937114715576,149.8777999986487,214.00010000070324,0.12874145805835724,-0.16666252781194402,-0.014567136764526367
371,435,000435,31.180937532932195,31.115269909082706,0.7707207798957825,0.7683956027030945,143.81229999708012,219.45350000169128,0.11951188743114471,-0.06566762384948888,-0.0023251771926879883
372,436,000436,33.617289507087364,33.700389138527875,0.9139624238014221,0.9160268306732178,171.0467000011704,232.3260000011942,0.11222069710493088,0.08309963144051125,0.0020644068717956543
373,437,000437,31.704541350915065,31.75622028905606,0.882421612739563,0.8817611336708069,154.69200000006822,211.21719999791821,0.16907958686351776,0.051678938140995,-0.0006604790687561035
374,438,000438,31.72012381180387,31.585731595381098,0.877921998500824,0.8734314441680908,164.23899999790592,212.27580000049784,0.18169823288917542,-0.13439221642277133,-0.004490554332733154
375,439,000439,33.06142786822931,32.88940531030045,0.8959761261940002,0.8912085294723511,158.59270000146353,213.96220000315225,0.1590040624141693,-0.17202255792886234,-0.00476759672164917
376,440,000440,28.421660432233264,28.313729506047473,0.8258349895477295,0.8179051876068115,157.47389999887673,223.8526000001002,0.2362794280052185,-0.10793092618579081,-0.007929801940917969
377,441,000441,29.921426638527485,29.68188635309726,0.8669652342796326,0.8610674738883972,178.20530000244617,244.01460000080988,0.26879310607910156,-0.23954028543022687,-0.0058977603912353516
378,442,000442,31.11594637369481,31.146423600534654,0.8721247315406799,0.873600423336029,157.18230000129552,222.86009999879752,0.2172335982322693,0.03047722683984233,0.001475691795349121
379,443,000443,30.509592300156537,30.465979088643387,0.8656201362609863,0.8629933595657349,161.76269999778015,216.57409999897936,0.23455873131752014,-0.043613211513150674,-0.002626776695251465
380,444,000444,27.467171498447478,27.526509766038902,0.7990540266036987,0.7994976043701172,159.5097999997961,218.54549999989104,0.14489048719406128,0.05933826759142491,0.00044357776641845703
381,445,000445,29.241110558373773,29.255550738327468,0.8070687651634216,0.8076009154319763,148.58020000247052,213.30130000205827,0.17145423591136932,0.014440179953695065,0.0005321502685546875
382,446,000446,29.176244480309464,29.13971115854009,0.7933117747306824,0.7946852445602417,165.25449999971897,220.13320000041858,0.16767948865890503,-0.03653332176937241,0.0013734698295593262
383,447,000447,30.09183379714056,30.112397767768616,0.8118285536766052,0.8122161030769348,157.90980000019772,219.2756999975245,0.15468670427799225,0.02056397062805715,0.00038754940032958984
384,448,000448,26.00358062412386,25.99695623619553,0.37215447425842285,0.3768731355667114,148.03789999859873,218.00179999991087,0.1778540015220642,-0.006624387928329867,0.004718661308288574
385,449,000449,32.14719132518201,32.15421589283187,0.8555478453636169,0.8548513650894165,149.55620000182535,212.0357999992848,0.16223663091659546,0.007024567649864366,-0.0006964802742004395
386,450,000450,31.95114166258086,31.947257245675456,0.8403428196907043,0.8418518900871277,152.18059999824618,216.20229999825824,0.151553213596344,-0.0038844169054037536,0.0015090703964233398
387,451,000451,31.911792324249117,31.850346513784494,0.840908944606781,0.838071882724762,154.79430000050343,213.6361000011675,0.15117903053760529,-0.0614458104646225,-0.002837061882019043
388,452,000452,33.36158570409043,33.3674607087754,0.9436745643615723,0.9427923560142517,158.3810000010999,221.37129999828176,0.28053760528564453,0.0058750046849667115,-0.0008822083473205566
389,453,000453,24.1012337092531,24.082499075110846,0.4429890811443329,0.4354504346847534,157.80590000213124,222.53840000121272,0.12171369791030884,-0.018734634142255402,-0.007538646459579468
390,454,000454,23.994549218434468,23.83172264889861,0.4494742453098297,0.42487359046936035,182.03259999791044,250.0612000003457,0.12596262991428375,-0.16282656953585928,-0.02460065484046936
391,455,000455,24.139979950875453,24.080816407316995,0.440962553024292,0.4353249669075012,167.06689999773516,225.22070000195527,0.11741822212934494,-0.05916354355845854,-0.0056375861167907715
392,456,000456,25.000291792284965,24.79137565336515,0.5700801610946655,0.5448670983314514,164.10520000135875,226.28719999920577,0.18305519223213196,-0.20891613891981464,-0.02521306276321411
393,457,000457,23.772752003739562,23.749569967903994,0.6391541957855225,0.6311216950416565,151.37089999916498,220.98430000187363,0.18337516486644745,-0.02318203583556766,-0.008032500743865967
394,458,000458,23.95622419070061,23.943155308618923,0.6543583273887634,0.6540255546569824,160.71589999774005,221.6283999987354,0.18349604308605194,-0.01306888208168644,-0.00033277273178100586
395,459,000459,23.996365545142492,23.971391634639918,0.650553822517395,0.6451181769371033,162.70429999713087,217.99730000202544,0.1835249662399292,-0.024973910502573915,-0.005435645580291748
396,460,000460,26.68096739824952,26.746647657636057,0.7603744268417358,0.765404462814331,162.18120000121417,213.97549999892362,0.24384132027626038,0.06568025938653577,0.005030035972595215
397,461,000461,36.6443356161909,36.03505656117703,0.9700328707695007,0.9663820862770081,151.00109999912092,210.86780000041472,0.2937711179256439,-0.6092790550138716,-0.0036507844924926758
398,462,000462,35.18021933751995,35.14858042423703,0.965813934803009,0.9656146764755249,148.5358999998425,210.88489999965532,0.2973959445953369,-0.03163891328291868,-0.00019925832748413086
399,463,000463,35.70661023963447,35.41810527831875,0.9673158526420593,0.9663220643997192,162.23330000138958,216.73440000085975,0.2959148585796356,-0.28850496131572356,-0.0009937882423400879
400,464,000464,25.74238752127929,25.74739403727953,0.7069873809814453,0.7041347026824951,162.7422999990813,237.11670000193408,0.2698083221912384,0.0050065160002397135,-0.0028526782989501953
401,465,000465,27.46414399334145,27.45329230004641,0.37984582781791687,0.38392332196235657,152.06210000178544,211.6996000004292,0.1917174756526947,-0.010851693295041542,0.004077494144439697
402,466,000466,27.139357597109303,27.14938545399462,0.3653690218925476,0.36585134267807007,150.67890000136686,222.1718000000692,0.19952277839183807,0.0100278568853156,0.00048232078552246094
403,467,000467,26.966322173957483,26.937187404554756,0.35622265934944153,0.3606257736682892,156.21729999838863,216.89250000054017,0.20282670855522156,-0.0291347694027273,0.004403114318847656
404,468,000468,20.603434007361884,21.083925050525295,0.5675916075706482,0.6107391715049744,157.6600000007602,228.39569999996456,0.14617124199867249,0.4804910431634113,0.04314756393432617
405,469,000469,23.237896503316126,23.28838139097986,0.6225027441978455,0.6041008830070496,173.32140000144136,233.7288000016997,0.2013060599565506,0.05048488766373538,-0.0184018611907959
406,470,000470,23.52433043330864,23.47740336846412,0.6287156343460083,0.6142300963401794,162.43840000242926,206.47009999811416,0.19369521737098694,-0.04692706484452103,-0.014485538005828857
407,471,000471,23.560514979791837,23.52857785797553,0.6333391666412354,0.6309607625007629,154.1352000022016,230.375200000708,0.20472218096256256,-0.03193712181630559,-0.002378404140472412
408,472,000472,27.51144982556007,27.573218150369073,0.8950933218002319,0.897426962852478,146.52059999934863,207.6307999996061,0.33323994278907776,0.06176832480900174,0.0023336410522460938
409,473,000473,31.4981150357877,31.41848531268385,0.9073248505592346,0.9068208932876587,149.22410000144737,217.78869999980088,0.25163841247558594,-0.07962972310384941,-0.0005039572715759277
410,474,000474,31.07764196631014,30.74221241286182,0.908437192440033,0.9166929125785828,149.48700000240933,213.5679999992135,0.25373271107673645,-0.3354295534483178,0.008255720138549805
411,475,000475,32.564750460203406,32.521533399053304,0.9413503408432007,0.9419617652893066,159.52489999835961,228.7453999997524,0.2625255584716797,-0.043217061150102154,0.000611424446105957
412,476,000476,27.6133229107648,27.56891896118662,0.878049373626709,0.8775862455368042,141.95260000269627,215.6399000014062,0.14366473257541656,-0.04440394957818228,-0.00046312808990478516
413,477,000477,25.28676286232094,25.25150438547027,0.3505774140357971,0.3557179868221283,158.5934000031557,209.1720999997051,0.17751498520374298,-0.03525847685067163,0.005140572786331177
414,478,000478,25.43447213650635,25.45645917291232,0.36643582582473755,0.36339184641838074,160.40440000142553,209.08960000087973,0.18008865416049957,0.021987036405970883,-0.0030439794063568115
415,479,000479,24.991663454718104,25.07536816125032,0.36361077427864075,0.3562447726726532,156.24620000016876,215.5477999986033,0.17602503299713135,0.08370470653221673,-0.007366001605987549
416,480,000480,24.036853719295088,24.03629010788217,0.7347685098648071,0.7300350069999695,155.4943999981333,230.93189999781316,0.13419073820114136,-0.0005636114129181635,-0.0047335028648376465
417,481,000481,30.751700010705868,30.613343422504016,0.7939297556877136,0.7895015478134155,165.66570000213687,236.74859999664477,0.22877700626850128,-0.1383565882018516,-0.004428207874298096
418,482,000482,30.46924985560696,30.507832967048785,0.7846678495407104,0.7863046526908875,150.2682000027562,208.420599999954,0.24163876473903656,0.0385831114418238,0.001636803150177002
419,483,000483,30.641014518849428,30.67045127575586,0.7926533818244934,0.7926578521728516,153.27439999964554,210.9664999989036,0.22847536206245422,0.029436756906431327,4.470348358154297e-06
420,484,000484,24.043214992792258,24.075866269665468,0.6344735026359558,0.6318908929824829,158.21329999744194,208.2933999990928,0.16305816173553467,0.03265127687321012,-0.0025826096534729004
421,485,000485,35.09686439540606,35.147084859447745,0.8608579635620117,0.8654916882514954,151.49530000053346,216.41190000082133,0.218990296125412,0.05022046404168634,0.004633724689483643
422,486,000486,36.76241941428519,36.77088582605654,0.8977121710777283,0.8979714512825012,165.81660000156262,231.4700000024459,0.2125755250453949,0.008466411771351545,0.0002592802047729492
423,487,000487,36.65000550984794,36.38701180044619,0.8957533836364746,0.8949356079101562,169.86419999739155,234.399900000426,0.21186557412147522,-0.2629937094017478,-0.0008177757263183594
424,488,000488,27.243720735036533,27.230600154351222,0.8064379692077637,0.8092054724693298,150.58940000017174,229.3305999992299,0.1439932882785797,-0.013120580685310301,0.002767503261566162
425,489,000489,26.31578112741603,26.422400867554746,0.7812592387199402,0.795947790145874,184.24289999893517,239.11469999802648,0.18270500004291534,0.106619740138715,0.014688551425933838
426,490,000490,25.32424145088481,25.33173116062574,0.7693808674812317,0.7687970399856567,152.28440000282717,216.26929999911226,0.17976650595664978,0.00748970974093055,-0.0005838274955749512
427,491,000491,25.82759255181493,25.881803810598587,0.7784909605979919,0.7893263697624207,156.18340000219177,249.47550000069896,0.17882056534290314,0.05421125878365629,0.010835409164428711
428,492,000492,24.57243560473564,24.56714792977381,0.7943822741508484,0.7910159826278687,165.7204000002821,235.294399997656,0.1824052631855011,-0.005287674961831357,-0.0033662915229797363
429,493,000493,26.07959455580832,26.223311763841295,0.38062864542007446,0.36604058742523193,171.42790000070818,231.42189999998664,0.12521974742412567,0.1437172080329745,-0.01458805799484253
430,494,000494,24.29319337065494,24.31150333712299,0.31667181849479675,0.31457647681236267,190.17820000226493,240.9574999983306,0.15369096398353577,0.018309966468049055,-0.002095341682434082
431,495,000495,24.483165391475417,24.499717434323646,0.3190390467643738,0.31943556666374207,151.3599999998405,202.45410000279662,0.15050162374973297,0.016552042848228865,0.00039651989936828613
432,496,000496,18.29749506129687,18.342066242750146,0.7088980078697205,0.7077875137329102,151.0558999980276,224.80720000021392,0.25614824891090393,0.04457118145327499,-0.0011104941368103027
433,497,000497,24.208504765851085,24.206572529181397,0.660823404788971,0.6638934016227722,159.04929999669548,235.56620000090334,0.16728051006793976,-0.0019322366696883364,0.0030699968338012695
434,498,000498,23.711403783471408,23.704289384814466,0.6650111079216003,0.6672406792640686,225.30819999883533,227.48460000002524,0.17739221453666687,-0.007114398656941745,0.0022295713424682617
435,499,000499,24.037141382231045,23.970584390625874,0.6271640658378601,0.6317465305328369,164.6221000009973,217.3877999994147,0.15630553662776947,-0.06655699160517159,0.004582464694976807
436,500,000500,25.819712838374347,25.826708731763226,0.6215007901191711,0.6208725571632385,156.768099997862,216.32580000004964,0.1535557359457016,0.006995893388879182,-0.0006282329559326172
437,501,000501,26.193671666897696,26.137437666747402,0.6612676382064819,0.6578181982040405,160.30899999896064,209.50879999872996,0.14206823706626892,-0.056234000150293895,-0.0034494400024414062
438,502,000502,26.326655277716466,26.27963930674003,0.6535296440124512,0.6517444849014282,150.29169999979786,207.45539999916218,0.13610787689685822,-0.047015970976435284,-0.0017851591110229492
439,503,000503,26.261720339958767,26.313986226435787,0.6410757899284363,0.6486062407493591,156.38309999849298,223.05739999865182,0.1334376484155655,0.05226588647702002,0.0075304508209228516
440,504,000504,26.095741669620992,26.004145865027603,0.8418053388595581,0.8428730368614197,155.21349999835365,224.46339999805787,0.22637684643268585,-0.09159580459338912,0.0010676980018615723
441,505,000505,23.089891441293272,23.07831651488716,0.8038446307182312,0.8038642406463623,160.37199999846052,216.59639999779756,0.21999883651733398,-0.01157492640611224,1.9609928131103516e-05
442,506,000506,22.758802686950276,22.765617515909277,0.8094074130058289,0.8124228119850159,151.75300000191783,218.93339999951422,0.22384406626224518,0.006814828959001318,0.0030153989791870117
443,507,000507,22.756595744008827,22.742433342554634,0.8063220381736755,0.8094460368156433,151.18099999745027,201.55580000209739,0.22290228307247162,-0.01416240145419323,0.0031239986419677734
444,508,000508,32.46579908772758,32.391935515472575,0.9640445113182068,0.9647911190986633,150.90969999801018,219.00879999884637,0.16744954884052277,-0.07386357225500717,0.000746607780456543
445,509,000509,22.6726912088284,22.68488404404969,0.6343708634376526,0.6324504613876343,166.1392000023625,219.85049999784678,0.13503184914588928,0.012192835221288334,-0.0019204020500183105
446,510,000510,24.364886813252195,24.332697710065396,0.6420267820358276,0.6306189298629761,161.04300000006333,216.66410000034375,0.10553756356239319,-0.03218910318679846,-0.011407852172851562
447,511,000511,24.482245722214326,24.47439430157043,0.6349249482154846,0.6350739598274231,157.4845000031928,218.2831999998598,0.10848191380500793,-0.007851420643895324,0.00014901161193847656
448,512,000512,28.01194971440692,28.14152617396324,0.8431817293167114,0.8427532315254211,160.80829999918933,207.02389999860316,0.14771762490272522,0.12957645955631847,-0.0004284977912902832
449,513,000513,17.182993370518425,17.191208644964632,0.583765983581543,0.5822757482528687,161.7746999982046,220.36409999782336,0.280436635017395,0.008215274446207843,-0.0014902353286743164
450,514,000514,17.840487641027977,17.86618858741029,0.5766162872314453,0.5775477886199951,158.03479999885894,229.8427999994601,0.27434971928596497,0.025700946382311685,0.0009315013885498047
451,515,000515,17.129572522039275,17.18014599655107,0.553320050239563,0.5548298954963684,169.24569999900996,224.1305999996257,0.269400030374527,0.05057347451179339,0.00150984525680542
452,516,000516,25.718189348402106,25.74901962816903,0.5818102359771729,0.5835361480712891,154.13550000084797,220.4146000003675,0.12376738339662552,0.030830279766924207,0.001725912094116211
453,517,000517,24.909917990083002,24.846942546489977,0.5637860298156738,0.563479483127594,164.7277000010945,234.74850000275183,0.23420076072216034,-0.0629754435930252,-0.000306546688079834
454,518,000518,25.067020817457685,24.993629420265613,0.5515035390853882,0.5449111461639404,155.1934999988589,209.60049999848707,0.19112424552440643,-0.0733913971920721,-0.006592392921447754
455,519,000519,25.046226143165523,25.00176902729035,0.5521283745765686,0.5529246926307678,158.7113000023237,215.29349999764236,0.21121659874916077,-0.04445711587517209,0.0007963180541992188
456,520,000520,23.456845249992252,23.3556510570291,0.6307505965232849,0.6229279637336731,150.4019000021799,222.2509999992326,0.17012399435043335,-0.10119419296315257,-0.007822632789611816
457,521,000521,31.94875081996392,31.90151719721552,0.749126672744751,0.7493046522140503,172.01600000043982,205.90299999821582,0.19313867390155792,-0.047233622748400705,0.0001779794692993164
458,522,000522,32.09867356825353,32.18851704000153,0.7523171901702881,0.7497816681861877,164.2109000022174,222.01589999895077,0.20445142686367035,0.08984347174799723,-0.002535521984100342
459,523,000523,31.588885244018403,31.667093411795957,0.7428713440895081,0.7480357885360718,152.15339999849675,208.0318999978772,0.2072174996137619,0.07820816777755368,0.005164444446563721
460,524,000524,20.650305468272876,20.665639833957705,0.7185980677604675,0.708145022392273,155.80349999800092,225.63110000191955,0.25287696719169617,0.015334365684829265,-0.01045304536819458
461,525,000525,31.294695968513146,31.392817330268873,0.6670699715614319,0.6679697036743164,156.51330000036978,237.25819999890518,0.15199953317642212,0.09812136175572661,0.0008997321128845215
462,526,000526,30.58859606759325,30.583474627837216,0.6397833824157715,0.6425817608833313,166.39869999926304,253.76200000027893,0.10656862705945969,-0.005121439756035073,0.0027983784675598145
463,527,000527,30.68926951333461,30.748239706731507,0.64579838514328,0.6497820019721985,173.93239999728394,257.95579999976326,0.10672477632761002,0.058970193396895354,0.003983616828918457
464,528,000528,33.00794029567459,33.039097983023,0.8934137225151062,0.8898049592971802,169.55619999862392,250.84329999663169,0.03201697766780853,0.0311576873484114,-0.0036087632179260254
465,529,000529,23.62029375036576,23.643852502442748,0.8016037344932556,0.7992576360702515,177.23620000106166,253.8643999978376,0.18636997044086456,0.023558752076986877,-0.0023460984230041504
466,530,000530,23.380047600690197,23.407621323658866,0.7738522291183472,0.7746877074241638,170.17249999844353,241.64880000171252,0.20368294417858124,0.027573722968668335,0.0008354783058166504
467,531,000531,22.243749186413705,22.237059836868987,0.7280125021934509,0.7277787327766418,166.36290000315057,260.1792999994359,0.18876227736473083,-0.006689349544718226,-0.00023376941680908203
468,532,000532,24.770521508937243,24.77232629982247,0.8223859667778015,0.8215644955635071,179.16340000010678,257.84180000118795,0.1402386575937271,0.0018047908852274475,-0.0008214712142944336
469,533,000533,23.53102000562021,23.587242388257042,0.6715373992919922,0.6724843978881836,179.46200000005774,230.81530000126804,0.17417800426483154,0.056222382636832435,0.0009469985961914062
470,534,000534,23.636139948948802,23.63960659569087,0.7046809196472168,0.7084521055221558,161.12250000151107,240.29739999969024,0.17188547551631927,0.0034666467420692015,0.003771185874938965
471,535,000535,23.892918027184482,23.895668846205794,0.7124649882316589,0.7158130407333374,183.46609999935026,249.55830000180868,0.1702541559934616,0.002750819021311912,0.003348052501678467
472,536,000536,35.305531753825555,35.24625144490392,0.9365621209144592,0.9364542961120605,184.35479999970994,244.3801999979769,0.2055089920759201,-0.05928030892163605,-0.00010782480239868164
473,537,000537,34.194148360800575,34.17343833666468,0.9252102375030518,0.9259973764419556,171.86779999974533,233.85570000027656,0.16587188839912415,-0.0207100241358944,0.0007871389389038086
474,538,000538,35.04671191041233,35.30123602953345,0.9346674680709839,0.9361112713813782,193.35769999815966,238.40849999760394,0.1702122539281845,0.25452411912112183,0.0014438033103942871
475,539,000539,34.921179556941816,34.801805435014856,0.9315783977508545,0.9313230514526367,171.79029999897466,231.23230000055628,0.16549423336982727,-0.11937412192695973,-0.00025534629821777344
476,540,000540,27.067065581608368,27.117991586062438,0.6961613893508911,0.7044307589530945,181.32880000121077,237.6700000022538,0.10383211076259613,0.050926004454069584,0.00826936960220337
477,541,000541,36.31955011076502,36.436917262096,0.8534417748451233,0.85452800989151,171.7315999994753,246.83610000283807,0.28139254450798035,0.1173671513309813,0.0010862350463867188
478,542,000542,35.20384583825101,35.37490900726223,0.8405005931854248,0.8402044773101807,190.19380000099773,241.61739999908605,0.26119527220726013,0.17106316901121943,-0.0002961158752441406
479,543,000543,35.56483325540381,35.67929241965158,0.8505992293357849,0.8511257767677307,175.85070000131964,227.96109999762848,0.2809426486492157,0.11445916424776925,0.0005265474319458008
480,544,000544,31.9293862114616,31.888141952859684,0.9693412780761719,0.9691146016120911,163.22500000023865,213.12179999949876,0.07529690116643906,-0.041244258601917494,-0.00022667646408081055
481,545,000545,29.320376024188235,29.104728192730764,0.8952010273933411,0.8901994824409485,171.77749999973457,210.88010000312352,0.267612099647522,-0.21564783145747057,-0.005001544952392578
482,546,000546,29.121189853654265,28.904470064357334,0.8985220789909363,0.894428014755249,149.0732999991451,219.10770000249613,0.25715693831443787,-0.21671978929693125,-0.004094064235687256
483,547,000547,28.661948427525946,28.532890334866124,0.8600279688835144,0.8572952151298523,159.48349999962375,231.94729999886476,0.2684970200061798,-0.1290580926598217,-0.0027327537536621094
484,548,000548,34.37367249594155,34.51389943575236,0.9445464611053467,0.9444233775138855,161.2883999987389,222.32090000034077,0.1651592254638672,0.14022693981080891,-0.00012308359146118164
485,549,000549,31.30506756168359,31.40830924910619,0.957037627696991,0.9558727145195007,173.17739999998594,241.12410000088857,0.1002795621752739,0.10324168742259943,-0.0011649131774902344
486,550,000550,32.975237851892054,33.05209908748034,0.9598434567451477,0.9574229121208191,164.41979999945033,244.35100000118837,0.08177275955677032,0.07686123558828939,-0.0024205446243286133
487,551,000551,31.294715171289546,31.27703333188521,0.9560003876686096,0.9560750722885132,158.86170000158018,229.39559999940684,0.09947607666254044,-0.017681839404335875,7.468461990356445e-05
488,552,000552,24.492173608073493,24.470192311342526,0.8420555591583252,0.841119647026062,160.6379000004381,230.5211999992025,0.18754985928535461,-0.02198129673096716,-0.0009359121322631836
489,553,000553,32.293094227194516,32.17372665022318,0.8671118021011353,0.8696776628494263,159.312099996896,225.6335999991279,0.25125813484191895,-0.11936757697133515,0.0025658607482910156
490,554,000554,31.88431122387115,31.61667501124802,0.8674191236495972,0.8674860596656799,161.31529999984195,221.2891999988642,0.2697893977165222,-0.2676362126231311,6.693601608276367e-05
491,555,000555,31.83056925856851,31.663075268144038,0.8652172088623047,0.8615491390228271,147.11320000060368,202.17560000310186,0.270614892244339,-0.16749399042447166,-0.003668069839477539
492,556,000556,38.496534559473375,38.38665144583327,0.9597173929214478,0.9587072730064392,150.78320000247913,225.82580000016605,0.08770763874053955,-0.10988311364010173,-0.001010119915008545
493,557,000557,37.08442683898937,36.88216171712425,0.9571683406829834,0.9513636231422424,147.02330000000075,219.1294000003836,0.06975226104259491,-0.2022651218651248,-0.005804717540740967
494,558,000558,32.07423714919329,32.47044045793447,0.8768656253814697,0.921560525894165,144.44700000240118,214.52860000135843,0.141289621591568,0.39620330874118537,0.04469490051269531
495,559,000559,36.57935724571066,35.69667043278582,0.9524272084236145,0.9407402873039246,169.16710000077728,229.97500000201399,0.06701888144016266,-0.8826868129248382,-0.011686921119689941
496,560,000560,25.396640757881546,25.227942420365046,0.7096404433250427,0.708138644695282,155.27920000022277,214.03920000011567,0.19880785048007965,-0.1686983375164992,-0.0015017986297607422
497,561,000561,22.670848397860453,22.647564520885307,0.53886878490448,0.5374893546104431,143.59950000289246,208.94010000120034,0.2116732895374298,-0.023283876975146,-0.0013794302940368652
498,562,000562,22.71949385231845,22.617455879649455,0.5413873791694641,0.5378718972206116,153.84999999878346,214.83440000156406,0.21316541731357574,-0.10203797266899528,-0.003515481948852539
499,563,000563,22.889634017489048,22.955814960312782,0.545552670955658,0.5410241484642029,155.80670000053942,214.72970000104397,0.22400574386119843,0.06618094282373477,-0.004528522491455078
500,564,000564,31.805191640948554,31.7576389317609,0.8529291152954102,0.8479203581809998,169.95029999816325,240.8568999999261,0.10380140691995621,-0.0475527091876522,-0.0050087571144104
501,565,000565,22.683175684602936,22.680589816258564,0.5042185187339783,0.5100226998329163,168.88900000049034,236.50780000025406,0.10492198169231415,-0.002585868344372244,0.005804181098937988
502,566,000566,22.54354830897517,22.566324323517023,0.5157778263092041,0.5146988034248352,171.8881999986479,244.59770000248682,0.10561730712652206,0.022776014541854295,-0.0010790228843688965
503,567,000567,23.19380284163031,23.151106551956396,0.5102586150169373,0.49659109115600586,173.41790000136825,229.8871999992116,0.09837984293699265,-0.0426962896739127,-0.013667523860931396
504,568,000568,23.009230410940468,22.93003660751364,0.68092942237854,0.6765283942222595,160.92180000123335,221.82129999782774,0.22547554969787598,-0.07919380342682913,-0.004401028156280518
505,569,000569,25.08129611727085,24.957085529651756,0.7228666543960571,0.7082814574241638,151.4884999996866,234.51270000077784,0.21148435771465302,-0.12421058761909265,-0.01458519697189331
506,570,000570,25.101587461858493,25.060551104790715,0.7149900197982788,0.7072980999946594,168.65250000046217,233.41200000140816,0.19701725244522095,-0.041036357067778084,-0.007691919803619385
507,571,000571,25.136741552422976,25.107643721366163,0.7238010764122009,0.7213823199272156,154.2632999990019,236.5286999993259,0.21232415735721588,-0.02909783105681285,-0.0024187564849853516
508,572,000572,24.50280844055336,24.53238331735922,0.6949377059936523,0.6982929110527039,149.98560000094585,217.46709999933955,0.17930138111114502,0.02957487680586013,0.0033552050590515137
509,573,000573,31.619718408695057,31.395665116571287,0.9291033148765564,0.929638683795929,150.62790000229143,207.70249999986845,0.06022453308105469,-0.22405329212377012,0.0005353689193725586
510,574,000574,35.92384152018957,35.354251704428606,0.9381687045097351,0.9089224338531494,151.68560000165598,212.85700000225916,0.03287947177886963,-0.5695898157609633,-0.029246270656585693
511,575,000575,35.96047688985592,34.93560509883495,0.9572498202323914,0.9027121663093567,169.3299999969895,235.3049999983341,0.03355284407734871,-1.0248717910209706,-0.05453765392303467
512,576,000576,23.50411197986819,23.515197029404206,0.792223334312439,0.7935646772384644,153.62029999960214,225.11569999915082,0.278029203414917,0.011085049536017522,0.0013413429260253906
513,577,000577,24.683832832207784,24.697596433276402,0.839018702507019,0.8464568257331848,167.3104000001331,225.6892000004882,0.2421814650297165,0.013763601068617959,0.0074381232261657715
514,578,000578,24.44105139137886,24.46495813526106,0.8266892433166504,0.8349758386611938,154.62209999896004,234.48980000102893,0.25785449147224426,0.023906743882200487,0.008286595344543457
515,579,000579,24.92790055492492,24.972862321085874,0.8349133729934692,0.8404494524002075,158.3706000019447,214.48370000143768,0.23573726415634155,0.044961766160952266,0.005536079406738281
516,580,000580,31.79200512487981,31.796940260593104,0.7252651453018188,0.7250920534133911,156.93459999965853,225.72840000066208,0.20411896705627441,0.004935135713292738,-0.00017309188842773438
517,581,000581,28.95842090533257,28.86467760345274,0.8959956765174866,0.8946402072906494,169.09110000051442,227.47999999774038,0.2319435477256775,-0.09374330187982949,-0.0013554692268371582
518,582,000582,28.944699211679186,28.922173377466606,0.8938049077987671,0.8921336531639099,155.81550000206335,221.00679999857675,0.24237142503261566,-0.02252583421257981,-0.0016712546348571777
519,583,000583,29.723417826294764,29.577853209364466,0.8962094187736511,0.8936767578125,141.09930000267923,209.96379999996861,0.23517745733261108,-0.14556461693029732,-0.002532660961151123
520,584,000584,28.78028406718446,28.82353925975093,0.5514715313911438,0.5469101667404175,153.931000000739,226.54340000008233,0.14711545407772064,0.0432551925664697,-0.004561364650726318
521,585,000585,26.279093997150603,26.232341263293407,0.4119701385498047,0.40210241079330444,155.9689999994589,216.3661000013235,0.1320156306028366,-0.046752733857196915,-0.009867727756500244
522,586,000586,26.783436598671262,26.74647171344768,0.4269883930683136,0.4210597574710846,150.68350000001374,220.5573999999615,0.12437755614519119,-0.036964885223582655,-0.005928635597229004
523,587,000587,26.877130451296836,26.877341985611775,0.44969964027404785,0.44956308603286743,154.17559999696095,220.10690000024624,0.1237945482134819,0.00021153431493914354,-0.00013655424118041992
524,588,000588,32.48063597293394,32.27680835153783,0.9042421579360962,0.9040688276290894,156.96989999923971,210.9576000002562,0.2832409143447876,-0.20382762139610833,-0.00017333030700683594
525,589,000589,31.05049274149339,31.12136229514128,0.66363924741745,0.665037989616394,142.84739999857266,217.4233000005188,0.17096449434757233,0.07086955364789205,0.0013987421989440918
526,590,000590,31.180955850638263,31.234917326420085,0.6503686308860779,0.6513167023658752,157.52820000125212,211.55069999804255,0.17074760794639587,0.05396147578182209,0.0009480714797973633
527,591,000591,31.444100074749887,31.471284804716507,0.6622653603553772,0.6620877981185913,160.55199999755132,218.05589999712538,0.16323000192642212,0.02718472996662058,-0.00017756223678588867
528,592,000592,31.992543376779572,32.19019977862254,0.9150984287261963,0.913773775100708,149.27430000170716,235.03269999855547,0.24327526986598969,0.19765640184296984,-0.0013246536254882812
529,593,000593,23.325233443711234,23.25099653814265,0.7320278882980347,0.7315496802330017,175.59039999832748,220.32760000001872,0.16243843734264374,-0.07423690556858276,-0.000478208065032959
530,594,000594,25.08898941459578,25.104520890733916,0.7930598855018616,0.7932302951812744,147.43970000199624,210.16669999880833,0.15813355147838593,0.015531476138136213,0.0001704096794128418
531,595,000595,23.537996786381935,23.541625633141866,0.7447241544723511,0.742915689945221,159.79449999940698,206.66349999737577,0.15505482256412506,0.003628846759930582,-0.001808464527130127
532,596,000596,29.51267554668718,29.436622620283526,0.9392193555831909,0.9360092878341675,152.04639999865321,220.99429999798303,0.19610711932182312,-0.07605292640365491,-0.0032100677490234375
533,597,000597,33.050732508505966,32.921517421518736,0.7633543610572815,0.7619799971580505,162.02269999848795,249.1598000015074,0.10051260143518448,-0.12921508698723017,-0.001374363899230957
534,598,000598,32.65110324859299,32.592493205805056,0.7264058589935303,0.7236769199371338,161.58800000266638,232.60209999716608,0.12623780965805054,-0.058610042787933025,-0.0027289390563964844
535,599,000599,32.18572591432601,32.135544432203034,0.7149544358253479,0.7164000272750854,160.16900000249734,219.54600000026403,0.12589414417743683,-0.05018148212297291,0.0014455914497375488
536,600,000600,30.425210711865333,30.397401230606643,0.8875555396080017,0.8898838758468628,151.98120000059134,217.70100000139792,0.33565157651901245,-0.027809481258689317,0.002328336238861084
537,601,000601,33.11717526344749,33.07070012001805,0.8920087218284607,0.8914598822593689,148.02449999842793,214.92249999937485,0.2715691328048706,-0.046475143429439925,-0.0005488395690917969
538,602,000602,33.148605992626806,32.84024538498159,0.893805742263794,0.8919565677642822,190.48999999722582,239.9385999997321,0.2715199887752533,-0.3083606076452128,-0.0018491744995117188
539,603,000603,31.82216204628334,31.84981310078466,0.8544695377349854,0.855584442615509,169.50340000039432,235.176499998488,0.2986481785774231,0.027651054501323102,0.0011149048805236816
540,604,000604,22.58207010326313,22.55521033213413,0.8740352392196655,0.8700836300849915,167.27889999674517,220.55140000156825,0.366038978099823,-0.02685977112900062,-0.003951609134674072
541,605,000605,23.45213056508902,23.319954961943814,0.8491608500480652,0.8493826985359192,167.17449999850942,212.96410000286414,0.28674399852752686,-0.13217560314520682,0.0002218484878540039
542,606,000606,23.53630176472002,23.538616191452768,0.842073917388916,0.8473008275032043,152.68880000076024,212.84180000293418,0.28100934624671936,0.002314426732748842,0.00522691011428833
543,607,000607,24.104976826824437,24.036399974264512,0.871102511882782,0.8693875670433044,170.45479999796953,218.9357999995991,0.30475670099258423,-0.06857685255992507,-0.001714944839477539
544,608,000608,24.97489069763885,25.039850785503553,0.8003246784210205,0.799031674861908,148.21160000064992,210.68729999751667,0.2328600436449051,0.06496008786470497,-0.0012930035591125488
545,609,000609,29.84162901362289,29.891962357961873,0.6120953559875488,0.6157857179641724,155.98469999895315,253.99380000089877,0.17072366178035736,0.050333344338984176,0.003690361976623535
546,610,000610,29.7833102970767,29.91994838420107,0.635644793510437,0.633077085018158,215.5431999999564,276.0180000004766,0.1667368859052658,0.1366380871243713,-0.0025677084922790527
547,611,000611,29.623329399475324,29.58207397087984,0.5851699113845825,0.5745645761489868,177.86029999842867,259.78570000006584,0.11449871212244034,-0.041255428595484034,-0.010605335235595703
548,612,000612,31.709154000949233,31.69433582094988,0.8855419158935547,0.8857598900794983,196.491499998956,242.53879999741912,0.17428208887577057,-0.01481817999935231,0.00021797418594360352
549,613,000613,24.452755796111695,24.448714524039072,0.8048058748245239,0.806008517742157,187.5502000002598,265.32679999945685,0.14545674622058868,-0.004041272072623059,0.0012026429176330566
550,614,000614,25.2218662665724,25.20612177237051,0.7872125506401062,0.7808810472488403,311.8548999991617,282.95860000071116,0.1454954892396927,-0.015744494201889836,-0.006331503391265869
551,615,000615,25.316493250538148,25.29366538192601,0.7829501628875732,0.7828999757766724,166.28010000204085,253.8085999985924,0.14509695768356323,-0.02282786861213637,-5.0187110900878906e-05
552,616,000616,29.025946882551757,29.000603153063068,0.9231278300285339,0.9221991300582886,184.48060000082478,236.04509999859147,0.2059701383113861,-0.02534372948868935,-0.0009286999702453613
553,617,000617,26.750158718597355,26.786447474095382,0.6543985605239868,0.6530532836914062,186.0452000000805,241.03459999969346,0.16240456700325012,0.03628875549802757,-0.0013452768325805664
554,618,000618,27.214419087860307,27.120836411509593,0.657128632068634,0.6493258476257324,204.30990000022575,246.4890999981435,0.15387704968452454,-0.09358267635071371,-0.007802784442901611
555,619,000619,26.99036474164874,26.649570309494685,0.6395983099937439,0.6059256792068481,173.09589999786112,240.54809999870486,0.14591626822948456,-0.34079443215405547,-0.03367263078689575
556,620,000620,28.982805506566443,28.877893708376348,0.7994484305381775,0.793837308883667,164.83470000093803,221.81869999985793,0.1869027018547058,-0.10491179819009488,-0.005611121654510498
557,621,000621,22.762055992671453,22.719823570761847,0.5784528851509094,0.5847388505935669,154.62770000158343,212.60289999918314,0.11993285268545151,-0.04223242190960619,0.006285965442657471
558,622,000622,22.78897080814523,22.79222273857403,0.5696926712989807,0.5749515891075134,154.47889999995823,224.0942000025825,0.12250663340091705,0.0032519304287994544,0.005258917808532715
559,623,000623,22.89742788850146,22.890443007476918,0.586533784866333,0.5869430303573608,162.54599999956554,210.3540999996767,0.11896377056837082,-0.006984881024543199,0.00040924549102783203
560,624,000624,23.07597689611733,23.10292369323632,0.8580185770988464,0.8607621788978577,142.7399999993213,213.39179999995395,0.21755599975585938,0.02694679711899184,0.0027436017990112305
561,625,000625,11.131104325491298,11.110595790274576,0.26486295461654663,0.26689988374710083,166.52139999860083,231.07899999740766,0.289286732673645,-0.020508535216722024,0.0020369291305541992
562,626,000626,11.240780343578196,11.182080215873631,0.2732362747192383,0.2804078161716461,153.20860000065295,272.1220999992511,0.2885782718658447,-0.05870012770456512,0.007171541452407837
563,627,000627,11.16798414984018,11.025167932233016,0.2716500163078308,0.28646957874298096,204.253100000642,255.42800000039279,0.2895338535308838,-0.14281621760716412,0.014819562435150146
564,628,000628,29.048763632631548,29.18779988120344,0.8925153613090515,0.8943783044815063,187.83840000105556,233.0653999997594,0.24621199071407318,0.139036248571891,0.001862943172454834
565,629,000629,26.26616154150684,26.24224670045242,0.3655543625354767,0.37934744358062744,159.58499999760534,214.7408999990148,0.16407234966754913,-0.02391484105442032,0.013793081045150757
566,630,000630,26.24097816366385,26.225377301446677,0.3728049695491791,0.368664026260376,157.56160000091768,233.38289999810513,0.16446776688098907,-0.015600862217173272,-0.004140943288803101
567,631,000631,26.196320402894266,26.177185052132895,0.3751028776168823,0.3721044659614563,150.40150000277208,211.64149999822257,0.16495387256145477,-0.019135350761370518,-0.0029984116554260254
568,632,000632,27.550775300341833,27.496274951643166,0.8031744956970215,0.7991190552711487,158.71160000097007,252.66629999896395,0.21436454355716705,-0.05450034869866727,-0.004055440425872803
569,633,000633,30.213276734819065,30.137609284900904,0.8674516081809998,0.8696616888046265,218.1899000024714,245.19010000221897,0.14629046618938446,-0.07566744991816066,0.002210080623626709
570,634,000634,30.931791054996197,30.994443473013046,0.8818928599357605,0.8843507170677185,176.6788999993878,288.7625000003027,0.1513194590806961,0.06265241801684951,0.002457857131958008
571,635,000635,30.514835971067626,30.496774430612273,0.8735083937644958,0.877677321434021,162.36949999802164,234.3122999991465,0.15111549198627472,-0.018061540455352798,0.0041689276695251465
572,636,000636,27.59266349030935,27.593166943744865,0.7921585440635681,0.7910760641098022,154.66689999811933,228.10519999984535,0.10931398719549179,0.0005034534355168319,-0.0010824799537658691
573,637,000637,27.350038684993407,27.52223245515583,0.7866062521934509,0.8014517426490784,176.87479999949574,222.644899997249,0.12435264885425568,0.17219377016242277,0.014845490455627441
574,638,000638,27.41571887925288,27.489765645065482,0.778260350227356,0.7897137999534607,160.1487999978417,221.02030000314699,0.12325940281152725,0.07404676581260361,0.011453449726104736
575,639,000639,26.951290337177262,26.928032718125067,0.7623845338821411,0.7693500518798828,175.1905999990413,216.87249999740743,0.12712442874908447,-0.023257619052195366,0.006965517997741699
576,672,000672,20.463078219362295,20.501925293807677,0.8523723483085632,0.8566361665725708,163.84280000056606,214.77609999783454,0.2655494809150696,0.038847074445381935,0.004263818264007568
577,673,000673,26.54603017620179,26.477828978818636,0.8302769064903259,0.8330709338188171,157.51599999930477,225.35050000078627,0.21427515149116516,-0.06820119738315356,0.002794027328491211
578,674,000674,25.73789762109454,25.784349964526456,0.8142784833908081,0.8212070465087891,151.16370000032475,209.7542000010435,0.21013157069683075,0.04645234343191618,0.006928563117980957
579,675,000675,26.53323497908554,26.569214468028022,0.8380792737007141,0.8417726159095764,183.4963000001153,236.1001999997825,0.21372288465499878,0.035979488942480486,0.0036933422088623047
580,676,000676,21.404347679258336,21.429292142582458,0.820932149887085,0.8206907510757446,154.6353999983694,214.31350000057137,0.2584625482559204,0.024944463324121813,-0.00024139881134033203
581,677,000677,18.92159115439251,18.82595499891375,0.7198650240898132,0.7129084467887878,155.10409999842523,212.80810000098427,0.23824091255664825,-0.0956361554787577,-0.006956577301025391
582,678,000678,19.37321392179097,19.252985696325872,0.7463467717170715,0.7351799011230469,159.51059999861172,223.95930000129738,0.23825636506080627,-0.12022822546509815,-0.011166870594024658
583,679,000679,18.882106202567694,18.77790975886559,0.7249584794044495,0.7185928225517273,152.3739000003843,218.78819999983534,0.23604653775691986,-0.10419644370210435,-0.006365656852722168
584,680,000680,28.643514506617507,28.684888465653135,0.8765366077423096,0.8796144127845764,176.0011999976996,231.0077000001911,0.280678927898407,0.041373959035627905,0.0030778050422668457
585,681,000681,28.96861411836785,28.862797198470886,0.9040195941925049,0.9015401601791382,152.77470000000903,220.19700000237208,0.27746349573135376,-0.10581691989696296,-0.0024794340133666992
586,682,000682,28.413496486156674,28.13002327570031,0.8935277462005615,0.8852183818817139,157.62979999999516,228.9204000007885,0.27527981996536255,-0.2834732104563642,-0.008309364318847656
587,683,000683,29.084648786053208,28.96774166902543,0.9021562337875366,0.9000951051712036,162.47020000082557,237.41460000019288,0.2736258804798126,-0.1169071170277789,-0.002061128616333008
588,684,000684,26.365495491190632,26.346435508698946,0.8437812328338623,0.8414316773414612,160.7941000002029,211.2517999994452,0.2330980747938156,-0.01905998249168661,-0.002349555492401123
589,685,000685,29.868557585378973,30.099174171113575,0.8735843300819397,0.8766026496887207,143.13720000063768,216.83710000070278,0.24010112881660461,0.23061658573460164,0.003018319606781006
590,686,000686,28.869826403304778,28.847551232197386,0.8379685282707214,0.8362968564033508,136.40689999738242,216.35069999683765,0.2408692091703415,-0.022275171107391856,-0.0016716718673706055
591,687,000687,29.44874123388876,29.527264582440296,0.8402208685874939,0.842552900314331,155.5910999995831,210.88389999931678,0.2033594846725464,0.07852334855153487,0.002332031726837158
592,688,000688,27.478567156065886,27.39251137176412,0.8244389295578003,0.824033260345459,148.59660000001895,225.14319999754662,0.2929830551147461,-0.08605578430176664,-0.0004056692123413086
593,689,000689,26.20737347900728,26.17753183941496,0.873729944229126,0.872559666633606,164.62870000032126,214.25479999743402,0.24064774811267853,-0.02984163959231978,-0.0011702775955200195
594,690,000690,25.623510176078295,25.723138013195346,0.849078893661499,0.8519953489303589,161.2074999975448,207.9331999993883,0.23695598542690277,0.09962783711705114,0.0029164552688598633
595,691,000691,26.035960201942856,26.07350610929075,0.8634347915649414,0.8618361353874207,164.32569999960833,206.39800000208197,0.23818019032478333,0.037545907347894314,-0.001598656177520752
596,692,000692,29.798896270722366,29.739385262158002,0.9345719218254089,0.9339197278022766,159.34759999800008,221.11370000129682,0.31665563583374023,-0.059511008564363976,-0.0006521940231323242
597,693,000693,33.64530186033861,33.49796050617314,0.9202225208282471,0.917928159236908,164.35189999901922,226.5335000010964,0.13353964686393738,-0.14734135416546934,-0.0022943615913391113
598,694,000694,28.426841457634104,28.377285896956327,0.8812747001647949,0.879693865776062,184.56420000075013,228.7356999986514,0.200607031583786,-0.04955556067777778,-0.0015808343887329102
599,695,000695,32.05198008724307,32.045708993472566,0.9112557768821716,0.9117072224617004,147.4701000006462,219.65199999976903,0.1602921187877655,-0.006271093770500613,0.0004514455795288086
600,696,000696,28.658653631841634,28.6222771653877,0.5084863901138306,0.5100771188735962,149.876099996618,212.00039999894216,0.16730929911136627,-0.03637646645393389,0.001590728759765625
601,697,000697,29.835469814286814,29.806506717713532,0.8268418908119202,0.8221308588981628,163.69990000021062,228.99580000012065,0.15827253460884094,-0.028963096573281888,-0.004711031913757324
602,698,000698,30.79974327121169,30.851616935476358,0.8348708748817444,0.8347471356391907,148.215799999889,201.61409999855096,0.16301724314689636,0.05187366426466866,-0.00012373924255371094
603,699,000699,30.50331842208376,30.677000631818014,0.832253634929657,0.8328449726104736,154.27160000035656,233.10420000052545,0.15654566884040833,0.17368220973425608,0.0005913376808166504
604,700,000700,32.48036770298119,32.44168151737301,0.8710092902183533,0.8683040738105774,155.87719999894034,213.91600000060862,0.31801536679267883,-0.038686185608177937,-0.002705216407775879
605,701,000701,26.94692613717895,26.951951025470922,0.49317264556884766,0.4797772467136383,158.34309999991092,226.16009999910602,0.08993233740329742,0.005024888291973895,-0.01339539885520935
606,702,000702,26.823990156780162,26.817386409592107,0.4386250674724579,0.4379419982433319,142.32970000011846,223.18450000238954,0.08926407247781754,-0.006603747188055564,-0.0006830692291259766
607,703,000703,26.925059924053723,26.85467616285543,0.4843386709690094,0.4629913866519928,152.57329999803915,218.92469999875175,0.09027176350355148,-0.07038376119829337,-0.0213472843170166
608,704,000704,31.22935585693782,31.22083820419619,0.7762837409973145,0.7754054665565491,161.7581999998947,224.45260000313283,0.2975568473339081,-0.008517652741627302,-0.0008782744407653809
609,705,000705,20.88204416928277,20.9912176897815,0.2630305588245392,0.24547800421714783,170.9511000008206,229.6284999974887,0.1346851885318756,0.10917352049872875,-0.017552554607391357
610,706,000706,21.006996389799852,21.012515308804698,0.23251596093177795,0.24074624478816986,157.9474999998638,222.65630000038072,0.13508090376853943,0.0055189190048459125,0.008230283856391907
611,707,000707,21.955433877149787,21.90974050742922,0.26480990648269653,0.27114883065223694,152.21240000028047,223.5320999971009,0.1246209666132927,-0.045693369720567034,0.006338924169540405
612,708,000708,25.409609739982905,25.409234875492693,0.8672598004341125,0.8645265698432922,159.25140000035753,206.5273000007437,0.23617902398109436,-0.00037486449021173485,-0.0027332305908203125
613,709,000709,37.12103606611183,36.98561238502404,0.9541838765144348,0.953794002532959,145.66200000263052,215.5918999997084,0.11320974677801132,-0.13542368108778646,-0.0003898739814758301
614,710,000710,37.35390636288103,37.36663852963507,0.9549214243888855,0.9549211263656616,169.91639999832842,233.44379999980447,0.12293149530887604,0.01273216675404143,-2.980232238769531e-07
615,711,000711,36.92250538837338,36.912329323311226,0.9513241648674011,0.950743556022644,172.87020000003395,239.4882000007783,0.12345568835735321,-0.010176065062154294,-0.0005806088447570801
616,712,000712,28.393798287465412,28.313723913653615,0.8180533051490784,0.8181929588317871,148.7003000002005,218.95410000070115,0.27454081177711487,-0.08007437381179727,0.00013965368270874023
617,713,000713,32.89758341586574,32.724008922522756,0.8957526087760925,0.8907392621040344,159.17329999865615,220.7697999983793,0.23605574667453766,-0.1735744933429828,-0.0050133466720581055
618,714,000714,32.309871939931575,32.22669492348411,0.8944918513298035,0.8918942809104919,155.23469999970985,211.28329999919515,0.2522513270378113,-0.08317701644746478,-0.0025975704193115234
619,715,000715,32.667865275732815,32.49516946190015,0.8954529166221619,0.8918513059616089,157.96950000003562,221.95700000156648,0.24765124917030334,-0.17269581383266797,-0.0036016106605529785
620,716,000716,21.530659673723385,21.610887726023048,0.6847825050354004,0.6852189898490906,152.0656999964558,240.99850000129663,0.20713970065116882,0.08022805229966323,0.00043648481369018555
621,717,000717,20.59797171534473,20.601900356163583,0.7212453484535217,0.7238035202026367,175.28910000328324,219.98119999989285,0.22132989764213562,0.003928640818852358,0.0025581717491149902
622,718,000718,20.33378496193823,20.385416945676834,0.7188571691513062,0.715272068977356,168.03790000267327,220.71370000048773,0.21869820356369019,0.05163198373860567,-0.0035851001739501953
623,719,000719,20.403964134466953,20.431776263871832,0.7175853848457336,0.7163643836975098,155.60249999907683,215.42870000121184,0.2191694676876068,0.02781212940487876,-0.001221001148223877
624,720,000720,23.153523974662725,23.23050673537012,0.7408773899078369,0.7362321019172668,166.5136999981769,226.4699000006658,0.16151992976665497,0.07698276070739496,-0.004645287990570068
625,721,000721,27.224169406614568,27.192270183503506,0.8928444385528564,0.8900067210197449,151.4433000011195,220.94189999916125,0.16651380062103271,-0.0318992231110613,-0.0028377175331115723
626,722,000722,26.87620246144111,26.91400218128628,0.8963203430175781,0.8952743411064148,166.93970000051195,213.82299999822862,0.16854552924633026,0.037799719845168056,-0.00104600191116333
627,723,000723,26.19480193116036,26.230887163503823,0.8820204734802246,0.8808141350746155,150.12019999994664,212.86310000141384,0.16823136806488037,0.0360852323434635,-0.0012063384056091309
628,724,000724,24.15018159113759,24.099865910947237,0.6284613609313965,0.62181556224823,156.82319999905303,218.66470000168192,0.10054916888475418,-0.050315680190351486,-0.006645798683166504
629,725,000725,22.98385610551177,22.971993356329754,0.6774937510490417,0.6791894435882568,143.11799999995856,236.47239999991143,0.1274184286594391,-0.011862749182014909,0.0016956925392150879
630,726,000726,22.8571876147398,22.826565117096038,0.6740072965621948,0.6745253801345825,167.18450000189478,226.4714000011736,0.12827831506729126,-0.030622497643761903,0.0005180835723876953
631,727,000727,23.072866033222333,23.10923412271446,0.6735978722572327,0.6739524006843567,147.80600000085542,226.02109999934328,0.12769055366516113,0.036368089492128775,0.00035452842712402344
632,728,000728,28.840035281414327,28.69277558512301,0.7988956570625305,0.7924195528030396,164.36330000215094,216.48279999863007,0.18866941332817078,-0.14725969629131797,-0.006476104259490967
633,729,000729,28.857426388253003,28.797956310725816,0.7683644890785217,0.7644261717796326,164.1094999977213,241.85039999792934,0.2157437801361084,-0.05947007752718747,-0.00393831729888916
634,730,000730,31.226315234453793,31.166542035498797,0.8323013186454773,0.8329018950462341,168.5613999979978,240.76369999966118,0.15217000246047974,-0.05977319895499633,0.0006005764007568359
635,731,000731,29.016367589234942,28.92716806678778,0.7699026465415955,0.7691925168037415,176.86440000034054,242.11709999872255,0.21531365811824799,-0.08919952244716356,-0.0007101297378540039
636,732,000732,22.025957245441816,22.03420118032276,0.6404151916503906,0.636427640914917,191.9210000014573,257.9440999979852,0.23488260805606842,0.008243934880944437,-0.003987550735473633
637,733,000733,25.15390989518486,25.091787822928985,0.4902760982513428,0.4814411699771881,200.06350000039674,276.0331999998016,0.07838396728038788,-0.06212207225587463,-0.008834928274154663
638,734,000734,24.741977638808734,24.90944132324994,0.4677128195762634,0.4709225594997406,173.84780000065803,245.64290000125766,0.07764440774917603,0.16746368444120563,0.003209739923477173
639,735,000735,24.27433627301113,24.319456856250877,0.4263104796409607,0.4450257420539856,172.89959999834537,236.4426000021922,0.08307836949825287,0.04512058323974699,0.018715262413024902
640,736,000736,27.739844508388472,27.818542031162636,0.846561849117279,0.8472307920455933,178.50240000188933,240.82849999831524,0.21487011015415192,0.07869752277416353,0.000668942928314209
641,737,000737,34.55398802120128,34.262687218935596,0.9470083713531494,0.943295419216156,178.81649999981164,244.49960000129067,0.11409568041563034,-0.2913008022656811,-0.003712952136993408
642,738,000738,33.29447371505311,33.54991393779656,0.8957421779632568,0.8975564241409302,177.7390999995987,259.9865999982285,0.27824246883392334,0.25544022274345224,0.0018142461776733398
643,739,000739,33.01574192995315,32.84437254761473,0.8912657499313354,0.8897809982299805,183.25860000186367,285.745199998928,0.2792338728904724,-0.17136938233841903,-0.0014847517013549805
644,740,000740,31.33432150406466,31.321984404258586,0.8318718671798706,0.8320317268371582,244.66129999927944,319.2727999994531,0.11218845099210739,-0.012337099806075003,0.00015985965728759766
645,741,000741,27.703320956920553,27.50345158605873,0.7407606840133667,0.7386059165000916,251.93380000200705,286.79770000235294,0.12645617127418518,-0.19986937086182266,-0.0021547675132751465
646,742,000742,26.68472772732204,27.00638435613193,0.6574409008026123,0.6911304593086243,207.94720000048983,278.0800000000454,0.1074838936328888,0.3216566288098903,0.03368955850601196
647,743,000743,27.25200081121188,27.23278645211048,0.728987455368042,0.7291074395179749,179.44429999988643,237.94830000042566,0.12625451385974884,-0.01921435910139735,0.00011998414993286133
648,744,000744,24.526990596671105,24.485602283160578,0.7513653635978699,0.7573789954185486,174.13899999883142,237.328899998829,0.1355540007352829,-0.0413883135105273,0.006013631820678711
649,745,000745,34.881579004971776,34.85408343916964,0.7720648050308228,0.7712957859039307,165.81619999851682,259.9264000018593,0.200758159160614,-0.02749556580213408,-0.0007690191268920898
650,746,000746,33.849441247135964,34.03142046251784,0.7409707307815552,0.7450130581855774,170.05670000071405,242.14059999940218,0.199405699968338,0.18197921538187956,0.004042327404022217
651,747,000747,34.55577244815917,34.47314433993833,0.7576635479927063,0.757344663143158,176.2471000001824,244.51090000002296,0.19583329558372498,-0.08262810822083821,-0.00031888484954833984
652,748,000748,24.586318191960643,24.522943274642223,0.5695024728775024,0.5591310858726501,166.89019999830634,228.53150000082678,0.22094383835792542,-0.06337491731841993,-0.010371387004852295
653,749,000749,25.37830243780713,25.268399404542254,0.6879502534866333,0.672059178352356,158.80580000157352,212.50009999857866,0.1485210508108139,-0.1099030332648745,-0.015891075134277344
654,750,000750,25.157029251157464,25.194350353186902,0.6693982481956482,0.6771419644355774,151.50160000121105,217.86900000006426,0.14966890215873718,0.037321102029437725,0.007743716239929199
655,751,000751,25.421115961686308,25.388467605889247,0.6855102181434631,0.6833244562149048,162.90950000256998,222.55539999969187,0.14686523377895355,-0.03264835579706116,-0.0021857619285583496
656,752,000752,30.069905442661153,29.89814188480437,0.7145735621452332,0.7131232619285583,151.5531999975792,251.7258000007132,0.1258947104215622,-0.17176355785678155,-0.0014503002166748047
657,753,000753,25.134497576498745,25.020715574564456,0.2995202839374542,0.306173712015152,169.37099999995553,228.73100000288105,0.19017167389392853,-0.11378200193428967,0.006653428077697754
658,754,000754,24.84021382405736,24.857309302637887,0.2835425138473511,0.29093223810195923,172.57729999982985,232.17230000227573,0.1885412037372589,0.017095478580525736,0.007389724254608154
659,755,000755,24.476803323404987,24.522956405690813,0.2934456467628479,0.29583680629730225,158.86129999853438,230.1281999971252,0.19858092069625854,0.046153082285826486,0.0023911595344543457
660,756,000756,31.31980635490157,31.114589282735714,0.8210321068763733,0.8123500347137451,162.4976000020979,215.53019999919343,0.15249554812908173,-0.20521707216585483,-0.008682072162628174
661,757,000757,34.10611334598569,33.9140552960456,0.878816545009613,0.8778387308120728,149.56510000047274,235.3847999984282,0.2782800793647766,-0.19205804994008702,-0.0009778141975402832
662,758,000758,34.39831472724646,34.35030167284268,0.8851125836372375,0.8846904039382935,157.96099999715807,214.9147999989509,0.2728230655193329,-0.0480130544037749,-0.0004221796989440918
663,759,000759,32.3496006964113,32.33584214666817,0.8682147264480591,0.866923987865448,168.64619999978459,218.05099999983213,0.20456326007843018,-0.013758549743130288,-0.001290738582611084
664,760,000760,24.207610845738323,24.244241375503222,0.2635800540447235,0.28188374638557434,147.1334999987448,264.0925999985484,0.12975148856639862,0.03663052976489922,0.01830369234085083
665,761,000761,23.69021354596579,23.674538517081885,0.28428974747657776,0.280927449464798,170.57950000162236,208.6581000003207,0.1587570160627365,-0.01567502888390493,-0.003362298011779785
666,762,000762,23.54762524196738,23.556898851385135,0.3032549023628235,0.30466413497924805,154.3974000014714,241.23799999870243,0.1579216569662094,0.009273609417753903,0.0014092326164245605
667,763,000763,23.507984223423506,23.53021719879939,0.3126193583011627,0.3022250533103943,160.95060000225203,238.92980000164243,0.16366863250732422,0.022232975375885644,-0.010394304990768433
668,764,000764,20.305887104242714,20.369360525347744,0.7342894077301025,0.7338829040527344,167.23260000071605,253.17459999860148,0.25618013739585876,0.06347342110503007,-0.00040650367736816406
669,765,000765,28.79637776684289,28.720373369565912,0.8060318231582642,0.8007521033287048,161.93589999966207,229.45280000203638,0.22485698759555817,-0.07600439727697861,-0.005279719829559326
670,766,000766,28.22075580242144,28.11752411579221,0.8022714257240295,0.7992545366287231,168.16520000065793,211.37459999954444,0.2266404926776886,-0.1032316866292291,-0.0030168890953063965
671,767,000767,28.69327988202555,28.707618020040137,0.8059703707695007,0.8041300773620605,146.03680000072927,211.7755999970541,0.22490395605564117,0.014338138014586832,-0.0018402934074401855
672,768,000768,22.50945043329469,22.4862885185671,0.7514268159866333,0.7500760555267334,152.21499999825028,234.66170000028796,0.23314110934734344,-0.023161914727587884,-0.0013507604598999023
673,769,000769,31.32212540588759,31.250066026478102,0.8084314465522766,0.8068080544471741,162.46189999947092,277.4554000025091,0.12765763700008392,-0.07205937940948814,-0.001623392105102539
674,770,000770,31.766228108039016,31.90625776280757,0.8180816769599915,0.8195445537567139,179.28720000054454,238.12159999943106,0.12560637295246124,0.14002965476855422,0.0014628767967224121
675,771,000771,30.036877107518897,29.809284016887307,0.7923336029052734,0.7932649254798889,170.45950000101584,221.56139999788138,0.12497317045927048,-0.22759309063158994,0.0009313225746154785
676,772,000772,28.795844031257097,28.78051698164327,0.7472429871559143,0.7463976740837097,168.19639999812352,221.81890000138083,0.22146649658679962,-0.015327049613826915,-0.0008453130722045898
677,773,000773,32.83092991830828,32.752990769218535,0.8588747978210449,0.8578892350196838,178.69290000089677,212.30170000126236,0.22355780005455017,-0.07793914908974386,-0.000985562801361084
678,774,000774,32.491158515328735,32.326332306430444,0.8546273112297058,0.8526635766029358,161.17959999974119,229.23009999794886,0.2229367345571518,-0.16482620889829036,-0.0019637346267700195
679,775,000775,32.296780391678126,32.21255558797661,0.8547132611274719,0.853985071182251,222.7625999985321,224.6798000014678,0.22283534705638885,-0.08422480370151675,-0.0007281899452209473
680,776,000776,22.787247677806,22.79693051662031,0.8345500826835632,0.8349388837814331,173.15859999871464,206.54520000243792,0.2173316776752472,0.009682838814310202,0.00038880109786987305
681,777,000777,23.235926981820427,22.97260066698962,0.5164433717727661,0.4694070518016815,149.44030000333441,211.300900002243,0.1465604454278946,-0.26332631483080604,-0.047036319971084595
682,778,000778,22.674888994110507,22.210957854872273,0.5060367584228516,0.427046537399292,149.0284999999858,205.9525999975449,0.15388748049736023,-0.4639311392382339,-0.07899022102355957
683,779,000779,22.110176662141313,22.006522799407414,0.4769051969051361,0.466450959444046,150.7963000003656,213.4330000008049,0.16117317974567413,-0.10365386273389987,-0.010454237461090088
684,780,000780,21.063781527624478,21.084495259536165,0.6712889075279236,0.666682243347168,145.34569999887026,209.7317000007024,0.27494266629219055,0.02071373191168746,-0.004606664180755615
685,781,000781,30.850036796178443,30.939784108465282,0.7670649886131287,0.7707090377807617,154.70640000057756,206.3744000006409,0.12878689169883728,0.08974731228683908,0.0036440491676330566
686,782,000782,30.819313958736295,30.778999388369662,0.7617520093917847,0.7656809091567993,154.80500000194297,206.630500000756,0.12525931000709534,-0.04031457036663255,0.0039288997650146484
687,783,000783,30.75608055998206,30.71379559307924,0.7608815431594849,0.7598429322242737,146.74139999988256,195.01749999835738,0.12491810321807861,-0.042284966902819576,-0.0010386109352111816
688,784,000784,27.33479849871945,27.283126783921578,0.8209646344184875,0.8211904764175415,139.845100002276,213.99359999850276,0.31176406145095825,-0.051671714797873136,0.00022584199905395508
689,785,000785,34.47120800000161,34.46322502749946,0.9165006279945374,0.9147600531578064,147.1090999984881,204.28660000106902,0.1260034292936325,-0.0079829725021483,-0.001740574836730957
690,786,000786,34.43705386327339,34.540404058899796,0.917083203792572,0.9169367551803589,161.09619999770075,212.19829999972717,0.12622690200805664,0.10335019562640468,-0.00014644861221313477
691,787,000787,33.7709035049074,33.75875370572822,0.9100281596183777,0.9093300104141235,149.567799999204,200.68579999860958,0.15364281833171844,-0.012149799179184129,-0.0006981492042541504
692,788,000788,32.26192239044615,32.065180611903756,0.818832516670227,0.8151809573173523,147.91780000086874,210.06760000091163,0.19326268136501312,-0.19674177854239616,-0.003651559352874756
693,789,000789,37.280401238578946,36.87981672717993,0.9513611197471619,0.948898434638977,151.0097999998834,204.1389000005438,0.28750908374786377,-0.40058451139901763,-0.0024626851081848145
694,790,000790,37.403608619109775,37.27747378980351,0.9580652117729187,0.9573712944984436,141.60919999994803,216.3275999992038,0.2937672436237335,-0.12613482930626674,-0.0006939172744750977
695,791,000791,37.45289962965495,37.44937108381396,0.9505916833877563,0.9494667053222656,143.20779999980005,202.9999999977008,0.287167489528656,-0.003528545840993047,-0.0011249780654907227
696,792,000792,30.47135392445286,31.135481032302916,0.8616971969604492,0.9156633019447327,151.6721999978472,210.0447000011627,0.17486897110939026,0.6641271078500566,0.05396610498428345
697,793,000793,26.630105893104428,26.660705714229167,0.6816238164901733,0.6769852042198181,154.84850000211736,212.20610000091256,0.1159660816192627,0.03059982112473847,-0.004638612270355225
698,794,000794,26.616207171380807,26.68008888271878,0.6646579504013062,0.6716285347938538,149.75330000015674,210.6361999976798,0.11216942220926285,0.06388171133797371,0.006970584392547607
699,795,000795,27.486689869984797,27.47949008146042,0.6794461011886597,0.6904107928276062,159.43460000198684,200.93209999686223,0.1124502643942833,-0.007199788524378192,0.010964691638946533
700,796,000796,33.45899313976106,33.42453126813987,0.9769211411476135,0.9772989153862,149.74390000134008,202.1418000003905,0.058285098522901535,-0.034461871621189744,0.0003777742385864258
701,797,000797,31.63879199288569,31.59771409743543,0.8428199887275696,0.8440515995025635,146.36960000279942,214.8209000006318,0.09877286106348038,-0.04107789545026108,0.0012316107749938965
702,798,000798,31.09522764505042,31.128639100151535,0.835317075252533,0.8340181708335876,141.10499999878812,211.11269999892102,0.10845046490430832,0.03341145510111332,-0.0012989044189453125
703,799,000799,29.5528901862752,29.598067757639797,0.8068287372589111,0.8169430494308472,153.48390000144718,209.30460000090534,0.12387719005346298,0.04517757136459721,0.010114312171936035
704,800,000800,24.25344871589516,24.20666431478689,0.2780328392982483,0.2653244733810425,150.8298000007926,225.08299999753945,0.14181150496006012,-0.04678440110826898,-0.01270836591720581
705,801,000801,31.7465968133558,31.69174587562056,0.6551333069801331,0.6565545797348022,156.13819999998668,217.45949999967706,0.2550935447216034,-0.05485093773524241,0.0014212727546691895
706,802,000802,31.168143903811284,31.157441441852004,0.6271432638168335,0.6290315389633179,153.47399999882327,213.05260000008275,0.20680277049541473,-0.01070246195927993,0.001888275146484375
707,803,000803,31.779971112702725,31.838119147833588,0.660773754119873,0.662376344203949,155.48839999974007,201.48110000081942,0.2410149872303009,0.05814803513086275,0.0016025900840759277
708,804,000804,21.061169219396927,20.976013714556288,0.5949854254722595,0.5975803136825562,151.32380000068224,220.07450000091922,0.18716607987880707,-0.08515550484063894,0.002594888210296631
709,805,000805,37.891634820611905,38.08246384806207,0.9478352069854736,0.9494398832321167,154.63269999963813,208.32220000011148,0.18768087029457092,0.19082902745016384,0.0016046762466430664
710,806,000806,35.82832122075624,35.798380583792174,0.9344087243080139,0.9314273595809937,161.5324000013061,210.57810000274912,0.2591429352760315,-0.02994063696406357,-0.0029813647270202637
711,807,000807,35.25774981809395,35.30369459667722,0.9325417280197144,0.9330186247825623,144.01319999888074,202.22039999862318,0.24717780947685242,0.0459447785832694,0.0004768967628479004
712,808,000808,32.68580648095106,32.7475098681814,0.8996288776397705,0.8995636701583862,151.1252999989665,206.6250999996555,0.10599229484796524,0.061703387230345186,-6.520748138427734e-05
713,809,000809,31.913991061529465,31.792534660643653,0.931503415107727,0.9314578175544739,140.24820000122418,201.23140000214335,0.16014456748962402,-0.12145640088581189,-4.559755325317383e-05
714,810,000810,33.330990579155085,33.343190911975256,0.9259021878242493,0.9262382388114929,151.15810000133933,233.51700000057463,0.13442546129226685,0.012200332820171411,0.00033605098724365234
715,811,000811,29.046364575412383,29.065685174294366,0.9141935706138611,0.9144850373268127,174.5850999977847,218.59069999845815,0.20022618770599365,0.019320598881982676,0.00029146671295166016
716,812,000812,27.902692203889444,27.916836838205565,0.8410723805427551,0.8338637948036194,151.15920000243932,214.30310000141617,0.15654201805591583,0.01414463431612134,-0.007208585739135742
717,813,000813,23.62139142704389,23.565309868080746,0.7091137170791626,0.6983907222747803,145.69940000001225,219.60970000145608,0.23023472726345062,-0.05608155896314315,-0.010722994804382324
718,814,000814,23.578600216559117,23.58606850146707,0.6979685425758362,0.7013656497001648,147.84309999959078,231.32279999845196,0.22719071805477142,0.00746828490795437,0.0033971071243286133
719,815,000815,23.440416556941365,23.41510336589036,0.6791312098503113,0.6814987659454346,174.61700000058045,245.9597000015492,0.22158941626548767,-0.025313191051004935,0.002367556095123291
720,816,000816,29.71098184917096,29.622518952927678,0.7481346726417542,0.7397759556770325,173.686699999962,233.68630000186386,0.09096268564462662,-0.08846289624328207,-0.00835871696472168
721,817,000817,21.910303390807627,21.798747457302888,0.5797892212867737,0.5433081984519958,164.85870000178693,237.36799999824143,0.1683494597673416,-0.11155593350473936,-0.03648102283477783
722,818,000818,21.85485771268185,21.704506790861092,0.5404195189476013,0.5093914866447449,175.7919999981823,244.39649999840185,0.17887185513973236,-0.15035092182075616,-0.031028032302856445
723,819,000819,21.162221993305256,20.965715127712336,0.538162112236023,0.4993603229522705,180.02189999970142,237.53840000063065,0.17389602959156036,-0.1965068655929194,-0.03880178928375244
724,820,000820,21.229033983830266,21.18101212219884,0.6107912659645081,0.6046561598777771,196.336799999699,242.68339999980526,0.2367110550403595,-0.04802186163142608,-0.006135106086730957
725,821,000821,37.58313669636558,37.5939344251971,0.9328405857086182,0.9315308332443237,176.27820000052452,272.9834999990999,0.07275544106960297,0.010797728831519748,-0.0013097524642944336
726,822,000822,36.15598008453527,36.20683740484356,0.9079180955886841,0.9084466099739075,169.07160000118893,248.763700001291,0.08577927947044373,0.050857320308288934,0.0005285143852233887
727,823,000823,36.974985922243796,37.10020830958838,0.923957884311676,0.9255174398422241,172.76900000069872,232.47650000121212,0.07934486120939255,0.12522238734458568,0.0015595555305480957
728,824,000824,32.08832410538023,32.0939088481567,0.822748064994812,0.8229579925537109,159.3590000011318,230.70580000057817,0.1440877765417099,0.005584742776470364,0.00020992755889892578
729,825,000825,30.777272595077882,30.602199343122464,0.9093770384788513,0.9061041474342346,177.92009999902803,233.66929999974673,0.16878673434257507,-0.17507325195541767,-0.0032728910446166992
730,826,000826,31.52870300156082,31.56299098770882,0.9136097431182861,0.9152700901031494,170.8911999994598,232.95710000093095,0.1737828254699707,0.034287986147997884,0.0016603469848632812
731,827,000827,31.39875633488883,31.418567297799413,0.9136930108070374,0.91363525390625,171.17570000118576,231.448199996521,0.12062392383813858,0.01981096291058293,-5.7756900787353516e-05
732,828,000828,33.04850516358587,33.119802807540665,0.8710931539535522,0.8726124167442322,157.5862000026973,218.73300000152085,0.25460392236709595,0.07129764395479299,0.0015192627906799316
733,829,000829,32.2099021361118,32.23260239370299,0.7962586879730225,0.7884483337402344,173.1694999980391,361.2140000004729,0.050789088010787964,0.022700257591189654,-0.007810354232788086
734,830,000830,32.6257303373822,32.65883014290281,0.799105167388916,0.8003973364830017,193.93879999915953,537.8796000004513,0.04881884530186653,0.03309980552060665,0.0012921690940856934
735,831,000831,32.70341844237195,32.49701070440338,0.7940405011177063,0.772672712802887,397.3230000010517,291.516600002069,0.05835431441664696,-0.20640773796856848,-0.021367788314819336
736,832,000832,26.136763396262822,26.09381280139295,0.897837221622467,0.8952971696853638,202.43909999771859,251.82549999954063,0.2025495320558548,-0.04295059486987185,-0.0025400519371032715
737,833,000833,25.069302012437294,25.01869506068189,0.7950621843338013,0.7909345030784607,171.2664999977278,224.5242999997572,0.2654179036617279,-0.050606951755405305,-0.004127681255340576
738,834,000834,23.655812282565055,23.67250953109376,0.8019258975982666,0.8023794889450073,165.2633000012429,207.35480000075768,0.26668816804885864,0.016697248528704023,0.00045359134674072266
739,835,000835,24.34190618580017,24.29185790722685,0.8030551671981812,0.8030878901481628,161.1321999989741,210.7108000018343,0.2625410258769989,-0.05004827857332117,3.272294998168945e-05
740,836,000836,26.69169280865301,26.674464709274055,0.7583051919937134,0.7604377269744873,154.76029999990715,211.55999999973574,0.10749004036188126,-0.017228099378954198,0.0021325349807739258
741,837,000837,26.604874684482574,26.598295168115285,0.810270369052887,0.8081418871879578,166.80909999922733,284.7274000014295,0.16148720681667328,-0.006579516367288818,-0.0021284818649291992
742,838,000838,29.131638956907196,29.13984835454672,0.8515129089355469,0.8509913682937622,203.50739999776124,262.15330000195536,0.11522407829761505,0.008209397639525662,-0.000521540641784668
743,839,000839,28.195442234265272,28.229611967598967,0.826554000377655,0.8301289677619934,205.84239999880083,306.17530000017723,0.12453574687242508,0.03416973333369455,0.003574967384338379
744,840,000840,27.410228549515836,27.383029140342142,0.8375834822654724,0.835030734539032,243.2751999986067,343.74430000025313,0.2481745481491089,-0.027199409173693567,-0.0025527477264404297
745,841,000841,33.143469354027665,33.07043527340377,0.9313318729400635,0.9318041205406189,216.18999999918742,286.777000001166,0.3235863149166107,-0.07303408062389849,0.0004722476005554199
746,842,000842,33.410221499802056,33.31201655202695,0.9276485443115234,0.9270926117897034,224.5552000022144,286.5593999995326,0.2747340500354767,-0.09820494777510902,-0.0005559325218200684
747,843,000843,32.69950253550452,32.53042663714793,0.92774897813797,0.9258626699447632,208.11659999890253,300.8031999997911,0.3266964554786682,-0.16907589835658854,-0.0018863081932067871
748,844,000844,26.546941971961346,26.562970885261223,0.6562121510505676,0.659526526927948,224.8900999984471,318.72909999947296,0.1532159298658371,0.01602891329987699,0.003314375877380371
749,845,000845,33.25759228573698,33.38586838012017,0.9082454442977905,0.9108515977859497,241.8096000001242,296.9365999997535,0.16657066345214844,0.12827609438318888,0.0026061534881591797
750,846,000846,35.25111704866671,35.32924014372493,0.942065417766571,0.9436617493629456,215.47360000113258,303.16359999778797,0.140608549118042,0.07812309505822412,0.0015963315963745117
751,847,000847,34.230544829973944,34.28051813056542,0.9176097512245178,0.9197309613227844,197.676899999351,266.1617000012484,0.16650155186653137,0.04997330059147487,0.0021212100982666016
752,848,000848,26.789398240782386,26.756331491513148,0.6785743236541748,0.6794777512550354,203.5488000001351,281.5818000017316,0.3534487783908844,-0.03306674926923847,0.0009034276008605957
753,849,000849,30.93248780072941,30.809927915508748,0.7926611304283142,0.7889444828033447,191.11329999941518,299.77510000026086,0.2493480145931244,-0.12255988522066374,-0.0037166476249694824
754,850,000850,30.982534569829227,30.972877552158927,0.7791996598243713,0.7783520817756653,203.82859999881475,290.76789999817265,0.24606527388095856,-0.009657017670299695,-0.0008475780487060547
755,851,000851,31.422228235850543,31.369288269736586,0.7956702709197998,0.7935344576835632,220.37839999757125,301.54640000182553,0.24939167499542236,-0.052939966113957126,-0.0021358132362365723
756,852,000852,23.756062605612456,23.71537449874555,0.7356228828430176,0.732880175113678,218.51220000098692,296.1046999989776,0.20373612642288208,-0.04068810686690583,-0.0027427077293395996
757,853,000853,22.143488976626486,22.086474590281043,0.601844072341919,0.6040578484535217,207.47190000111004,262.4174000011408,0.2451384961605072,-0.05701438634544331,0.002213776111602783
758,854,000854,22.426357972729853,22.35071202862159,0.5890135765075684,0.5862190127372742,182.6370999988285,252.4559000012232,0.2239214926958084,-0.07564594410826331,-0.0027945637702941895
759,855,000855,21.971077058884042,22.013756971201186,0.5597533583641052,0.5373628735542297,160.9639000016614,233.17619999943417,0.2169935554265976,0.042679912317144186,-0.02239048480987549
760,856,000856,23.370914931523544,23.437313705035827,0.7452958226203918,0.7526799440383911,152.44130000064615,221.39740000056918,0.22113655507564545,0.06639877351228307,0.007384121417999268
761,857,000857,31.59758553081187,31.75255983841702,0.7887162566184998,0.791642963886261,163.19969999676687,201.55890000023646,0.16285444796085358,0.1549743076051513,0.0029267072677612305
762,858,000858,30.69561864265118,30.83268435950767,0.7566959261894226,0.7599995732307434,148.74739999868325,219.35490000032587,0.155751571059227,0.13706571685649038,0.0033036470413208008
763,859,000859,31.145990821137786,31.284721472774404,0.75016850233078,0.7539799809455872,166.81419999804348,241.98279999836814,0.15141619741916656,0.13873065163661735,0.003811478614807129
764,860,000860,29.499718598457086,29.45984891442659,0.882038414478302,0.8820667266845703,146.07710000200314,207.64819999749307,0.24899251759052277,-0.03986968403049573,2.8312206268310547e-05
765,861,000861,25.70156891117818,25.789088731068585,0.695378839969635,0.6971666812896729,156.10430000015185,371.54519999967306,0.22406591475009918,0.08751981989040303,0.0017878413200378418
766,862,000862,26.86695299744674,26.89485985077018,0.735630452632904,0.7387775182723999,273.5381000020425,361.19719999987865,0.22267840802669525,0.027906853323440117,0.0031470656394958496
767,863,000863,26.034729043386584,26.021762941666644,0.7076296806335449,0.7037320137023926,260.0122999974701,308.01579999751993,0.2227235585451126,-0.012966101719939616,-0.0038976669311523438
768,864,000864,19.622604839108217,19.606609004603985,0.6703001260757446,0.6729035377502441,223.23120000146446,306.06469999838737,0.26835140585899353,-0.015995834504231254,0.0026034116744995117
769,865,000865,23.172515350877497,23.437354813614064,0.335680216550827,0.32198870182037354,392.0191999968665,591.6183000008459,0.15826961398124695,0.26483946273656755,-0.013691514730453491
770,866,000866,23.543327244870305,23.6011033472123,0.33575013279914856,0.31260165572166443,442.0594000002893,572.507000000769,0.16117483377456665,0.057776102341996705,-0.02314847707748413
771,867,000867,23.325643836050205,23.286803671642552,0.32781851291656494,0.3154548704624176,441.2636000015482,580.5643999992753,0.16676993668079376,-0.03884016440765237,-0.012363642454147339
772,868,000868,26.428201430819,26.33242693980149,0.7924398183822632,0.7767772078514099,449.70529999773134,587.1415999972669,0.24599584937095642,-0.09577449101751156,-0.01566261053085327
773,869,000869,24.377605856937823,24.39870670857509,0.3163783550262451,0.31252026557922363,414.7945000004256,579.0173999994295,0.162812277674675,0.021100851637267937,-0.0038580894470214844
774,870,000870,24.664729455927237,24.60288493323744,0.3101559579372406,0.32926350831985474,484.80909999852884,776.0333999976865,0.16147784888744354,-0.06184452268979612,0.019107550382614136
775,871,000871,23.67403517616441,23.709298694214468,0.29934391379356384,0.289847731590271,601.4641000001575,617.7014999993844,0.16124998033046722,0.03526351805005845,-0.009496182203292847
776,872,000872,31.00201147625939,30.826700928390803,0.8775721788406372,0.8712465763092041,556.8611000016972,605.7552999991458,0.224823996424675,-0.17531054786858746,-0.0063256025314331055
777,873,000873,26.712070964552623,26.748270962500303,0.6929565668106079,0.695349395275116,413.9169000009133,605.7881000015186,0.14155839383602142,0.03619999794767992,0.0023928284645080566
778,874,000874,26.269964421400573,26.304651974666484,0.6586140394210815,0.6585254073143005,421.69189999913215,604.4427000015276,0.1227346733212471,0.03468755326591122,-8.863210678100586e-05
779,875,000875,26.66852188644473,26.72236154253486,0.6931437849998474,0.6764867901802063,421.44399999961024,725.1168000002508,0.11891955137252808,0.05383965609012975,-0.016656994819641113
780,876,000876,28.849539429710994,28.85388504323138,0.7863339185714722,0.7829331159591675,533.4285999997519,729.5918999989226,0.2215171754360199,0.004345613520385427,-0.0034008026123046875
781,877,000877,37.465792180761106,37.5693872862655,0.9083827137947083,0.9151265025138855,547.9347000000416,866.1732000000484,0.11785750836133957,0.10359510550439666,0.006743788719177246
782,878,000878,38.10987899777701,38.20017615117133,0.9163562655448914,0.9166736006736755,456.67690000118455,247.16260000059265,0.11953937262296677,0.09029715339431732,0.0003173351287841797
783,879,000879,37.84556283259378,37.768090982826266,0.908374547958374,0.9077683091163635,160.22070000326494,196.22010000239243,0.11414163559675217,-0.07747184976751242,-0.000606238842010498
784,880,000880,28.93091422721144,28.91414521890451,0.5158171057701111,0.5128231048583984,145.47160000074655,199.55380000101286,0.22938008606433868,-0.01676900830693029,-0.0029940009117126465
785,881,000881,32.928117357637575,32.694164276324024,0.8910800218582153,0.8872758746147156,145.56010000160313,209.99559999836492,0.1705821007490158,-0.23395308131355108,-0.003804147243499756
786,882,000882,33.43750051970809,33.365058735452166,0.8988195061683655,0.8995057940483093,140.06460000018706,171.47529999783728,0.1682146191596985,-0.07244178425592196,0.0006862878799438477
787,883,000883,33.49678228167802,33.42553954220727,0.9022393226623535,0.9031497240066528,125.06410000059986,185.51789999764878,0.1708655208349228,-0.07124273947075466,0.0009104013442993164
788,884,000884,34.77572953983842,34.75631842146561,0.8411388397216797,0.8399556279182434,122.4348999967333,188.79099999685423,0.04190931096673012,-0.019411118372815395,-0.0011832118034362793
789,885,000885,29.180975921579552,29.148561744971246,0.8704278469085693,0.8701601028442383,121.63439999858383,169.32299999825773,0.16864630579948425,-0.03241417660830592,-0.0002677440643310547
790,886,000886,30.000256617090443,29.974423794084657,0.8934594988822937,0.8949210047721863,123.40330000006361,176.89439999958267,0.16758035123348236,-0.0258328230057856,0.0014615058898925781
791,887,000887,30.04770424509463,29.960658373648346,0.8849976062774658,0.8847334384918213,131.48690000161878,251.04500000088592,0.1587068736553192,-0.08704587144628206,-0.00026416778564453125
792,888,000888,27.50852790880467,27.446195195000925,0.7376387119293213,0.7317259311676025,257.75009999779286,349.48160000203643,0.19256652891635895,-0.06233271380374461,-0.00591278076171875
793,889,000889,36.046721230696846,36.78857481474814,0.9336031675338745,0.9390249252319336,256.2919999982114,297.35909999726573,0.3004624545574188,0.7418535840512916,0.005421757698059082
794,890,000890,37.1711015266923,37.40577372624769,0.9394919872283936,0.940635085105896,589.1056999971624,783.3074000009219,0.2619674801826477,0.23467219955539065,0.0011430978775024414
795,891,000891,37.2016806095273,37.248976244625105,0.9418433308601379,0.9428085684776306,504.9813000005088,746.5740000006917,0.3180326521396637,0.04729563509780377,0.0009652376174926758
796,892,000892,24.827626074170524,24.771025482958677,0.7488240599632263,0.7451924085617065,527.1910000010394,682.0711000000301,0.1705617606639862,-0.05660059121184702,-0.0036316514015197754
797,893,000893,29.825733778239854,29.742749521232014,0.858900785446167,0.8555783629417419,408.60000000247965,571.0244000001694,0.060206782072782516,-0.08298425700784051,-0.003322422504425049
798,894,000894,28.06528484834552,27.972587612939364,0.8151137828826904,0.813953697681427,422.595399999409,603.9062000018021,0.08289552479982376,-0.09269723540615615,-0.0011600852012634277
799,895,000895,27.563869639666617,27.462926177762,0.811653733253479,0.8117992281913757,445.86640000125044,590.7047000000603,0.09248559921979904,-0.10094346190461678,0.00014549493789672852
800,896,000896,26.217509347079616,26.269436549558076,0.8663893938064575,0.868232011795044,418.92790000201785,596.5829999986454,0.23841428756713867,0.05192720247845983,0.0018426179885864258
801,897,000897,30.84167653971823,30.635405067117286,0.9244656562805176,0.9234026074409485,410.4345000014291,557.5244999999995,0.2557964324951172,-0.20627147260094247,-0.0010630488395690918
802,898,000898,31.59505545830434,31.276408996519578,0.9313156008720398,0.9293992519378662,425.7964999997057,727.1526999975322,0.231073260307312,-0.31864646178476264,-0.001916348934173584
803,899,000899,32.09160680831872,31.625192245979285,0.9358625411987305,0.9337708950042725,713.5199000003922,756.8619000012404,0.22736187279224396,-0.46641456233943757,-0.002091646194458008
804,900,000900,18.633605797354008,18.751015661887266,0.3523530662059784,0.3449999988079071,404.5229000003019,637.4528999986069,0.12670908868312836,0.11740986453325775,-0.007353067398071289
805,901,000901,27.104389573469142,27.01870034378773,0.8164833188056946,0.8187878727912903,435.23149999964517,580.2555000009306,0.1695360392332077,-0.08568922968141024,0.002304553985595703
806,902,000902,26.658672037895435,26.61588871500136,0.7932427525520325,0.7923405766487122,424.6744000010949,743.6744999977236,0.17386643588542938,-0.04278332289407416,-0.0009021759033203125
807,903,000903,27.68389439737255,27.60294332129108,0.8298879265785217,0.830920398235321,422.47779999888735,575.5683000024874,0.1685953587293625,-0.08095107608147245,0.0010324716567993164
808,904,000904,24.415917561386088,24.381837325678283,0.8247429132461548,0.8243180513381958,432.4432000030356,617.9947999989963,0.2327936887741089,-0.03408023570780472,-0.0004248619079589844
809,905,000905,24.08544380902816,24.131997913436898,0.2587161362171173,0.25291043519973755,418.47510000297916,599.592999999004,0.07174641638994217,0.046554104408738084,-0.005805701017379761
810,906,000906,33.74826313384928,33.77289588221562,0.7513032555580139,0.7511330842971802,406.04370000073686,660.0085999998555,0.06653262674808502,0.02463274836634355,-0.00017017126083374023
811,907,000907,26.444974931670874,26.476854285747393,0.31759747862815857,0.32085996866226196,478.9827000022342,745.373900001141,0.05681120604276657,0.031879354076519206,0.0032624900341033936
812,908,000908,27.794124575265965,27.792494460399304,0.8165892958641052,0.8150707483291626,514.5921000003,629.3948999991699,0.1967715322971344,-0.001630114866660648,-0.001518547534942627
813,909,000909,35.569419154959576,35.649089817893014,0.897158682346344,0.8982625603675842,442.1906999996281,590.5673999986902,0.16143259406089783,0.07967066293343805,0.0011038780212402344
814,910,000910,36.39739210546313,36.40811356631859,0.8968533277511597,0.8971669673919678,415.1838999969186,606.312900003104,0.1338394284248352,0.01072146085545711,0.00031363964080810547
815,911,000911,36.52930068283687,36.63104924163102,0.8991668820381165,0.899467408657074,425.0339999998687,565.3139000023657,0.15465646982192993,0.10174855879414935,0.00030052661895751953
816,912,000912,31.344250050957072,31.530622767694155,0.8210049271583557,0.8233153223991394,414.3980999979249,565.4863999989175,0.18386787176132202,0.18637271673708256,0.0023103952407836914
817,913,000913,22.955255750660378,22.983013902981654,0.7121298313140869,0.7096771597862244,489.6943000021565,590.2878000015335,0.17793072760105133,0.027758152321275986,-0.002452671527862549
818,914,000914,23.325935911713202,23.32944138230299,0.7182692289352417,0.7157994508743286,407.86690000095405,567.0901000012236,0.1797727346420288,0.0035054705897863414,-0.002469778060913086
819,915,000915,23.655342607022902,23.676632926553882,0.7434254884719849,0.7459422945976257,444.3299000013212,596.5638000016042,0.17838968336582184,0.02129031953097993,0.002516806125640869
820,916,000916,21.301773235761154,21.25493356196991,0.7256006002426147,0.7255725860595703,568.6144999999669,612.7403999998933,0.16992315649986267,-0.04683967379124354,-2.8014183044433594e-05
821,917,000917,28.506284064578978,28.381313284349066,0.7263860106468201,0.71979159116745,449.43350000175997,601.7449999999371,0.11884785443544388,-0.12497078022991204,-0.006594419479370117
822,918,000918,28.425788383053472,28.41614507062824,0.7206125855445862,0.7247538566589355,425.00090000248747,585.5125000016415,0.11916586756706238,-0.009643312425232864,0.004141271114349365
823,919,000919,28.011552142517676,27.914794764084437,0.7032443881034851,0.7017290592193604,454.12130000113393,590.6104999994568,0.11915912479162216,-0.09675737843323873,-0.0015153288841247559
824,920,000920,27.23124278454818,27.23665718024478,0.8269762992858887,0.8286791443824768,426.3138999995135,576.1648999978206,0.10958205163478851,0.005414395696600849,0.0017028450965881348
825,921,000921,25.970563204483827,25.958573154198113,0.7577641010284424,0.7596460580825806,503.19329999911133,770.2286999992793,0.2313518524169922,-0.011990050285714204,0.0018819570541381836
826,922,000922,25.748790255952056,25.827548968610614,0.7631751894950867,0.762243926525116,514.4226999982493,785.8314000004611,0.24567990005016327,0.0787587126585585,-0.0009312629699707031
827,923,000923,25.662196292201283,25.72839176643712,0.7480306029319763,0.7494722008705139,722.4884999995993,932.365699998627,0.2330777794122696,0.06619547423583683,0.0014415979385375977
828,924,000924,36.59277326559996,36.97138817257831,0.973497211933136,0.9737311005592346,434.1524000010395,597.3214999976335,0.40437784790992737,0.3786149069783491,0.0002338886260986328
829,925,000925,30.70092697200455,30.741769852777608,0.672391414642334,0.670654296875,430.6226999979117,584.3444999991334,0.1351151019334793,0.04084288077305942,-0.0017371177673339844
830,926,000926,30.6480520126769,30.67035819399006,0.6643649935722351,0.6727028489112854,441.650100001425,611.4612000019406,0.13157781958580017,0.0223061813131622,0.008337855339050293
831,927,000927,30.869420973443113,30.843077656691655,0.6804335117340088,0.6754873991012573,411.6033999998763,586.4533999993,0.12937988340854645,-0.026343316751457735,-0.004946112632751465
832,928,000928,33.094239656428314,32.93077204158738,0.9575944542884827,0.9553475379943848,425.3705999981321,555.6359000001976,0.12553049623966217,-0.16346761484093264,-0.0022469162940979004
833,929,000929,26.73135399235707,26.712164133276836,0.6759880781173706,0.6740511059761047,431.98300000221934,577.3393999988912,0.16940870881080627,-0.019189859080235294,-0.0019369721412658691
834,930,000930,27.16962028906655,27.215159396078544,0.7577624320983887,0.7542141675949097,405.77570000095875,577.2609000014199,0.20891018211841583,0.04553910701199371,-0.003548264503479004
835,931,000931,27.763412129049982,27.75000330705915,0.7860246896743774,0.7790200710296631,444.99550000182353,727.7350000003935,0.2143191248178482,-0.01340882199083282,-0.0070046186447143555
836,932,000932,25.503152691390238,25.496707513800665,0.9249024987220764,0.9238103628158569,409.0487000030407,579.6498000017891,0.3427259624004364,-0.006445177589572637,-0.0010921359062194824
837,933,000933,30.750574524474636,30.77316264144084,0.7713226079940796,0.7724202275276184,479.03020000012475,581.3316000021587,0.1501639187335968,0.022588116966204552,0.0010976195335388184
838,934,000934,32.49817000027765,32.595048445719584,0.8522918224334717,0.8508694767951965,411.2459999996645,577.482599997893,0.13932844996452332,0.0968784454419307,-0.0014223456382751465
839,935,000935,31.00928567155855,30.841830360343266,0.7648759484291077,0.7520284056663513,940.3788000017812,3214.2042000014044,0.14390692114830017,-0.167455311215285,-0.012847542762756348
840,936,000936,25.366317730869945,25.340357094877316,0.6999912858009338,0.7005457282066345,439.52269999863347,601.2159999991127,0.13949745893478394,-0.025960635992628767,0.0005544424057006836
841,937,000937,30.989638202743542,30.907929216679335,0.8560957908630371,0.8418577909469604,433.72330000056536,599.4342000012693,0.1046350747346878,-0.08170898606420707,-0.01423799991607666
842,938,000938,33.24941570138809,33.117817963011866,0.8171945214271545,0.8139407634735107,434.7550999991654,599.5906999996805,0.14165596663951874,-0.13159773837622168,-0.003253757953643799
843,939,000939,31.103525826504214,31.23776109436236,0.8555120229721069,0.8584047555923462,476.33959999802755,632.9706000033184,0.10542500764131546,0.13423526785814488,0.002892732620239258
844,940,000940,21.52647167149138,21.576803676483195,0.4858255684375763,0.4805287718772888,469.2673999998078,583.2083999994211,0.11695791780948639,0.05033200499181589,-0.005296796560287476
845,941,000941,36.12364209507903,35.92646182692477,0.9201943278312683,0.920825719833374,624.1230000014184,620.1795999986643,0.32198747992515564,-0.1971802681542556,0.0006313920021057129
846,942,000942,36.07616754050281,36.08899056460419,0.9279190897941589,0.9287352561950684,421.686800000316,576.5496999993047,0.3153614401817322,0.012823024101379588,0.0008161664009094238
847,943,000943,35.897425398127496,35.92375049501812,0.925347089767456,0.9257585406303406,486.46780000126455,564.6535999985645,0.3230102062225342,0.026325096890623456,0.0004114508628845215
848,944,000944,35.85876437884477,35.845988426079856,0.9171949625015259,0.9165427088737488,432.2543999987829,633.444099999906,0.27058738470077515,-0.012775952764911835,-0.0006522536277770996
849,945,000945,33.469346546900184,33.530409538702706,0.9459075927734375,0.9516441822052002,532.2331999996095,693.8492999979644,0.38649001717567444,0.061062991802522504,0.005736589431762695
850,946,000946,34.82898179052592,34.45744779534773,0.9626489281654358,0.959614634513855,559.74729999798,755.8533999981591,0.40275996923446655,-0.37153399517818997,-0.0030342936515808105
851,947,000947,34.29975292938414,34.76383026785896,0.9546918869018555,0.9577485918998718,535.2552000003925,708.8968999996723,0.3858190178871155,0.4640773384748158,0.0030567049980163574
852,948,000948,27.335175166232297,27.355934968778598,0.8383888006210327,0.8397382497787476,672.5379999988945,912.470299997949,0.14535067975521088,0.020759802546301387,0.0013494491577148438
853,949,000949,34.33632150859047,34.372331023992885,0.9153872132301331,0.9152511358261108,517.7812000001722,736.9615000025078,0.14278843998908997,0.03600951540241226,-0.0001360774040222168
854,950,000950,34.47929983889332,34.59069703713732,0.9162406921386719,0.9173134565353394,541.9073999983084,704.6573000006902,0.1453513652086258,0.11139719824399918,0.0010727643966674805
855,951,000951,34.619747745191034,34.47102638759968,0.9132592678070068,0.9120209217071533,534.0445000001637,756.3531000014336,0.1523955911397934,-0.14872135759135574,-0.0012383460998535156
856,952,000952,25.71994181853903,25.615224425518832,0.4697040319442749,0.45324984192848206,505.63599999804865,746.7122999987623,0.12437581270933151,-0.10471739302019856,-0.016454190015792847
857,953,000953,32.64777103432463,32.59429817936156,0.7197222113609314,0.7190988063812256,533.3697000023676,809.9867999990238,0.16823019087314606,-0.05347285496306853,-0.0006234049797058105
858,954,000954,33.394458241345156,31.619744542504186,0.7892217040061951,0.679301381111145,518.4472000000824,746.6703999998572,0.13856332004070282,-1.7747136988409693,-0.10992032289505005
859,955,000955,32.455673087910945,32.5727613699102,0.7153278589248657,0.7201017141342163,727.335800002038,681.9638999986637,0.16986896097660065,0.11708828199925136,0.004773855209350586
860,956,000956,23.59363940495127,23.5771323977647,0.740258514881134,0.7390456199645996,418.4531999999308,578.8212000006752,0.2030518800020218,-0.0165070071865685,-0.0012128949165344238
861,957,000957,11.228949160309156,11.196259994693019,0.27372023463249207,0.2765192985534668,411.13039999981993,603.305000000546,0.28870975971221924,-0.03268916561613722,0.0027990639209747314
862,958,000958,11.10285449691097,11.044783978244133,0.2647581398487091,0.27179214358329773,413.4418999965419,581.7047999989882,0.2892826199531555,-0.058070518666836435,0.007034003734588623
863,959,000959,11.20594555389298,11.149517598782753,0.26934191584587097,0.2778380811214447,423.4949999990931,610.0212000019383,0.28889936208724976,-0.05642795511022669,0.00849616527557373
864,992,000992,36.18292680064887,36.19989558521328,0.8937798738479614,0.8947944641113281,415.651400002389,576.3723999989452,0.14170904457569122,0.01696878456440487,0.0010145902633666992
865,993,000993,31.827250807992694,31.809977794044975,0.6890649199485779,0.6892414689064026,435.5314999993425,633.0483999990975,0.1894204169511795,-0.01727301394771885,0.00017654895782470703
866,994,000994,32.45012105153102,32.338600450016884,0.6909651160240173,0.6902854442596436,433.4734000003664,770.0680999987526,0.18626613914966583,-0.11152060151413679,-0.0006796717643737793
867,995,000995,32.49923833032766,32.43148662193094,0.692987859249115,0.6927212476730347,519.1707999983919,756.0005999985151,0.1842900514602661,-0.06775170839672029,-0.00026661157608032227
868,996,000996,28.017378736514253,27.921989071611662,0.9066770076751709,0.9032253623008728,425.91879999963567,577.9604000017571,0.22884346544742584,-0.09538966490259071,-0.0034516453742980957
869,997,000997,29.707217331109362,29.545015874719567,0.8542720079421997,0.8503886461257935,436.1761000000115,612.1554999990622,0.2898866832256317,-0.16220145638979488,-0.00388336181640625
870,998,000998,30.118936386593894,30.34104043691834,0.8535662293434143,0.8637648224830627,438.91700000312994,592.4134999986563,0.26051533222198486,0.2221040503244467,0.010198593139648438
871,999,000999,30.466698637476924,30.520510842537178,0.885484516620636,0.8848608732223511,412.3237000021618,597.6382999979251,0.28543782234191895,0.05381220506025386,-0.0006236433982849121
872,1000,001000,21.592217467323188,21.585659951278974,0.5600577592849731,0.5678979754447937,404.43380000215257,598.9664999979141,0.14247216284275055,-0.006557516044214395,0.007840216159820557
873,1001,001001,27.577717395374762,27.48620881488346,0.555347204208374,0.5518194437026978,421.1388999974588,630.9827999975823,0.17561417818069458,-0.0915085804913005,-0.0035277605056762695
874,1002,001002,27.231862164212842,27.290964845724854,0.5026554465293884,0.5156233310699463,415.9239000000525,559.7091999989061,0.12019391357898712,0.05910268151201237,0.012967884540557861
875,1003,001003,27.567159163518312,27.49166166336861,0.5459679365158081,0.5454986691474915,424.94000000078813,593.2561000008718,0.17681512236595154,-0.07549750014970158,-0.0004692673683166504
876,1004,001004,25.569601050112514,25.639281134086144,0.7980160713195801,0.801790714263916,588.2892000008724,576.7126999999164,0.21161973476409912,0.06968008397362979,0.0037746429443359375
877,1005,001005,33.955809617363585,34.006973739230325,0.8640702366828918,0.8652969598770142,406.38960000069346,608.162500000617,0.2138156145811081,0.051164121866740686,0.0012267231941223145
878,1006,001006,34.148707174786594,33.99730900826639,0.8700124025344849,0.8696003556251526,425.5296000010276,582.414799999242,0.21632304787635803,-0.15139816652020244,-0.0004120469093322754
879,1007,001007,34.13156983503841,34.21501474109021,0.8738740086555481,0.8746919631958008,406.8611999973655,558.7238999978581,0.2152239829301834,0.08344490605179544,0.0008179545402526855
880,1008,001008,25.76252667943331,25.767562426972926,0.6038863658905029,0.617650032043457,427.0543999991787,571.7730000033043,0.2230779528617859,0.005035747539615443,0.013763666152954102
881,1009,001009,29.49840136449596,29.385186960217965,0.8596078753471375,0.8554486036300659,410.6897999990906,569.3165000011504,0.30818700790405273,-0.113214404277997,-0.004159271717071533
882,1010,001010,29.909860485305423,29.867357031797685,0.8930855989456177,0.893438458442688,438.4968000013032,600.3440999993472,0.29981616139411926,-0.04250345350773799,0.0003528594970703125
883,1011,001011,31.23991333164783,31.156725026644324,0.90761798620224,0.904014527797699,428.5621999988507,727.9570000027888,0.3157011866569519,-0.08318830500350671,-0.0036034584045410156
884,1012,001012,27.140832859725727,27.147292560165248,0.8046504855155945,0.8040173649787903,467.114600000059,570.4693000006955,0.18747352063655853,0.006459700439521043,-0.0006331205368041992
885,1013,001013,30.16862599758899,30.316012920658405,0.9412306547164917,0.942242443561554,417.72599999967497,575.1259999997274,0.2433924674987793,0.1473869230694156,0.0010117888450622559
886,1014,001014,29.619415182690545,29.746344366013346,0.9232674241065979,0.9244621396064758,446.9470000003639,612.6370000019961,0.23712864518165588,0.126929183322801,0.0011947154998779297
887,1015,001015,29.762377427013927,29.785888544398773,0.8668872117996216,0.8677844405174255,421.9401000009384,565.043999999034,0.3228909969329834,0.023511117384845903,0.0008972287178039551
888,1016,001016,27.18957503514116,27.163838544980734,0.8025341629981995,0.8010352253913879,411.1473999982991,617.2993999971368,0.1999952346086502,-0.02573649016042623,-0.0014989376068115234
889,1017,001017,30.027707945262854,30.316871839596637,0.873931348323822,0.8821128606796265,423.87629999939236,588.8104000005114,0.21055544912815094,0.2891638943337824,0.008181512355804443
890,1018,001018,30.745397621553543,30.910850028128777,0.8611149191856384,0.8636826276779175,428.8032000004023,645.9286000026623,0.18409627676010132,0.16545240657523408,0.0025677084922790527
891,1019,001019,30.33647453456843,30.343841251711243,0.8729185461997986,0.8692111372947693,422.6816000009421,759.1434999994817,0.19076137244701385,0.007366717142812007,-0.003707408905029297
892,1020,001020,24.722848241451683,24.6852378079286,0.7336989045143127,0.7356986999511719,446.9052999993437,647.6958999992348,0.1662365198135376,-0.037610433523081355,0.001999795436859131
893,1021,001021,25.277104670260595,25.303086098396605,0.6715207695960999,0.6564933061599731,428.57920000096783,617.0149999998102,0.1253085434436798,0.02598142813601001,-0.015027463436126709
894,1022,001022,25.778911603662046,25.787575972033654,0.6829153299331665,0.6796047687530518,421.7193000004045,631.5509000014572,0.12227249145507812,0.008664368371608333,-0.003310561180114746
895,1023,001023,26.486355737516128,26.53096687616926,0.7329536080360413,0.7451310753822327,437.32900000031805,575.9824999986449,0.13090300559997559,0.04461113865313138,0.012177467346191406
896,1024,001024,28.033070172461176,27.886687775878393,0.8796982765197754,0.8789041638374329,426.0084999987157,618.6113999974623,0.33535364270210266,-0.1463823965827835,-0.0007941126823425293
897,1025,001025,27.562003481821364,27.536771828407186,0.47039932012557983,0.47249293327331543,432.23109999962617,608.4603999988758,0.2183098942041397,-0.025231653414177657,0.0020936131477355957
898,1026,001026,27.58536845732206,27.554405637561263,0.46216142177581787,0.4640115797519684,432.9784999972617,631.4254999997502,0.20959845185279846,-0.030962819760794957,0.0018501579761505127
899,1027,001027,27.67287148881518,27.608094170845444,0.47275641560554504,0.4734753668308258,423.90959999829647,743.0610999981582,0.19460144639015198,-0.06477731796973529,0.0007189512252807617
900,1028,001028,28.22276766200133,28.187615204873037,0.8862423896789551,0.8834224939346313,419.8599999981525,621.6354999996838,0.2411636859178543,-0.0351524571282944,-0.0028198957443237305
901,1029,001029,32.857707589747996,33.06180999534395,0.8784728646278381,0.8803043961524963,428.6789000034332,587.8885000020091,0.11766362935304642,0.20410240559595394,0.0018315315246582031
902,1030,001030,32.344080327654595,32.441582382846505,0.8725175857543945,0.8750023245811462,439.21969999792054,633.0087000023923,0.11722654849290848,0.09750205519191013,0.002484738826751709
903,1031,001031,33.310210851710075,33.245668149273236,0.8767001032829285,0.8696253895759583,432.12210000274354,597.0726999985345,0.08597108721733093,-0.0645427024368388,-0.007074713706970215
904,1032,001032,21.448480125844394,21.456764202154215,0.6951454281806946,0.6949365735054016,442.4420999966969,601.2424000000465,0.20050619542598724,0.00828407630982042,-0.00020885467529296875
905,1033,001033,23.678979070360654,23.689277853990447,0.707551121711731,0.706874668598175,451.17499999832944,659.3687999993563,0.14578703045845032,0.010298783629792752,-0.0006764531135559082
906,1034,001034,22.302682139897613,22.25861335941749,0.7005967497825623,0.6996442079544067,599.7262999990198,639.9559999990743,0.16927939653396606,-0.04406878048012075,-0.0009525418281555176
907,1035,001035,23.923430904196074,23.902913351934316,0.7154712080955505,0.7068850994110107,436.69020000015735,770.2234000025783,0.14573600888252258,-0.020517552261758,-0.008586108684539795
908,1036,001036,30.990586348597677,30.951847301094585,0.9495403170585632,0.9482921957969666,404.0679000027012,722.3129999983939,0.13389186561107635,-0.03873904750309265,-0.0012481212615966797
909,1037,001037,24.64474168110506,24.60045451701165,0.6343668699264526,0.6324910521507263,280.28980000090087,421.5273000008892,0.1644403338432312,-0.04428716409341149,-0.0018758177757263184
910,1038,001038,24.920647352294676,24.86854864808518,0.644713282585144,0.6421341300010681,305.29930000193417,486.2609000010707,0.16370879113674164,-0.05209870420949514,-0.0025791525840759277
911,1039,001039,24.861631985111508,24.896423395003637,0.6586942076683044,0.6599530577659607,214.24579999802518,312.7236999971501,0.15708611905574799,0.034791409892129366,0.00125885009765625
912,1040,001040,25.42925386351287,25.461053846484205,0.7788547277450562,0.7799228429794312,143.31529999981285,179.84059999798774,0.2981492280960083,0.031799982971335794,0.001068115234375
913,1041,001041,21.011438330096354,21.008284630151294,0.7724080681800842,0.7728987336158752,134.37339999654796,194.8541000019759,0.2335202842950821,-0.0031536999450594294,0.0004906654357910156
914,1042,001042,21.315227848874617,21.349945212912505,0.7791730165481567,0.7873082756996155,152.20709999994142,184.4688999990467,0.233585387468338,0.03471736403788839,0.00813525915145874
915,1043,001043,20.78505639170814,20.760100783871117,0.7765159606933594,0.7797824740409851,125.77590000000782,168.00880000300822,0.2463940680027008,-0.024955607837021887,0.0032665133476257324
916,1044,001044,24.79825840416206,24.78931422381004,0.7668671607971191,0.7640345096588135,133.98270000107004,176.71140000311425,0.21472638845443726,-0.008944180352017383,-0.002832651138305664
917,1045,001045,31.490756349144586,31.412990823538806,0.8586123585700989,0.8591237664222717,138.13819999995758,168.48200000094948,0.1678241342306137,-0.07776552560578054,0.0005114078521728516
918,1046,001046,31.70954663217467,31.632465103498895,0.8606269955635071,0.8604089617729187,150.19000000029337,179.83280000044033,0.17864754796028137,-0.07708152867577667,-0.0002180337905883789
919,1047,001047,31.936811000005374,31.926580442465422,0.864757239818573,0.866511344909668,128.8645999993605,204.96780000030412,0.187155619263649,-0.010230557539951946,0.0017541050910949707
920,1048,001048,26.14813308577468,26.00145999770482,0.8183850646018982,0.8123116493225098,227.61439999885624,214.21170000030543,0.13975375890731812,-0.14667308806986057,-0.006073415279388428
921,1049,001049,30.286719741978146,30.31782744257781,0.7411935925483704,0.7430501580238342,148.6626999976579,204.88699999987148,0.22399260103702545,0.03110770059966228,0.0018565654754638672
922,1050,001050,29.681881592654356,29.68395422440324,0.724839448928833,0.7281493544578552,137.76359999974375,192.01089999842225,0.2108488827943802,0.0020726317488843904,0.003309905529022217
923,1051,001051,31.06739262617118,31.314550369788844,0.7850892543792725,0.7878324389457703,139.6999999997206,181.49389999962295,0.23753099143505096,0.24715774361766307,0.0027431845664978027
924,1052,001052,28.769481770085413,28.30013728384237,0.8954780697822571,0.8935666084289551,174.72609999822453,212.38889999949606,0.3035726547241211,-0.4693444862430418,-0.001911461353302002
925,1053,001053,39.017166102260184,38.98878079793487,0.9776191711425781,0.9778487086296082,158.04149999894435,220.7049000026018,0.35844510793685913,-0.028385304325311722,0.0002295374870300293
926,1054,001054,36.3792881869209,35.71635901225361,0.9662609696388245,0.9573330879211426,147.17949999976554,187.8964999996242,0.37373554706573486,-0.6629291746672905,-0.008927881717681885
927,1055,001055,39.089549744225216,39.007193809144525,0.9771850109100342,0.9780921339988708,139.6683999992092,187.31150000166963,0.34397998452186584,-0.08235593508069172,0.0009071230888366699
928,1056,001056,23.39259275090541,23.33762886271579,0.6421222686767578,0.6443090438842773,126.41660000008414,187.64960000044084,0.16360032558441162,-0.05496388818962217,0.0021867752075195312
929,1057,001057,21.62528736773565,21.686649234653068,0.5957295894622803,0.5914950370788574,127.5705999978527,201.68089999788208,0.1714598387479782,0.061361866917419405,-0.0042345523834228516
930,1058,001058,22.356292526569923,22.346633417599957,0.605263888835907,0.5787963271141052,135.80130000264035,219.0864000003785,0.16697563230991364,-0.009659108969966468,-0.026467561721801758
931,1059,001059,22.702047811567528,22.70286167014262,0.6277092695236206,0.6281343698501587,137.363900001219,186.44330000097398,0.16715122759342194,0.0008138585750927518,0.00042510032653808594
932,1060,001060,29.860205647915762,29.727250927482615,0.8794435858726501,0.8769428133964539,130.18270000247867,182.5341000003391,0.1784610003232956,-0.1329547204331476,-0.002500772476196289
933,1061,001061,31.989816832168923,31.918344274968025,0.9186863899230957,0.9185336828231812,135.94989999910467,187.2709000017494,0.21027034521102905,-0.07147255720089873,-0.00015270709991455078
934,1062,001062,32.074133086522316,32.11084161384507,0.9224423766136169,0.9220072031021118,143.91000000250642,186.5061999997124,0.21170687675476074,0.03670852732275165,-0.00043517351150512695
935,1063,001063,30.606589857605083,30.6990095589923,0.8966202139854431,0.9000517129898071,133.83380000232137,186.20720000035362,0.22223244607448578,0.09241970138721811,0.0034314990043640137
936,1064,001064,34.3405959823902,34.423719705907644,0.9379753470420837,0.9377762675285339,141.14519999930053,187.77829999817186,0.306029349565506,0.08312372351744557,-0.0001990795135498047
937,1065,001065,33.83279859439692,33.95978360975148,0.7772918343544006,0.7797413468360901,161.69199999785633,188.63400000191177,0.1626938134431839,0.1269850153545633,0.002449512481689453
938,1066,001066,33.82300367313819,33.854802050696634,0.7753092646598816,0.7751705050468445,141.53950000036275,180.80990000089514,0.1690337061882019,0.03179837755844517,-0.00013875961303710938
939,1067,001067,34.19107924665839,34.10276112903428,0.7784910202026367,0.777573823928833,135.2846000008867,174.48349999904167,0.1705983430147171,-0.08831811762411235,-0.0009171962738037109
940,1068,001068,31.5356909406621,31.5251286571894,0.8946714401245117,0.892521321773529,131.80019999708747,179.49610000141547,0.09254462271928787,-0.010562283472701495,-0.002150118350982666
941,1069,001069,24.773093791507705,24.815319048508226,0.7919750809669495,0.7888586521148682,133.17760000063572,186.3928999991913,0.18818342685699463,0.0422252570005206,-0.003116428852081299
942,1070,001070,23.83427563920442,23.861033651915488,0.7958742380142212,0.7922957539558411,127.72519999998622,194.07929999943008,0.2018910050392151,0.026758012711066925,-0.003578484058380127
943,1071,001071,23.083982199069034,23.15112874330765,0.7687102556228638,0.7714080810546875,138.39749999897322,213.24010000171256,0.19909131526947021,0.06714654423861433,0.0026978254318237305
944,1072,001072,25.435184005750664,25.357506852263974,0.7929500341415405,0.7835071086883545,157.531699998799,213.92720000221743,0.29888278245925903,-0.07767715348668958,-0.009442925453186035
945,1073,001073,23.121912998746453,23.124835135559536,0.7316399216651917,0.7299644947052002,137.93460000306368,189.32370000038645,0.3068641722202301,0.002922136813083398,-0.001675426959991455
946,1074,001074,23.664204743688746,23.617994994225047,0.7712094187736511,0.762993574142456,148.58359999925597,209.33050000166986,0.29723602533340454,-0.04620974946369927,-0.008215844631195068
947,1075,001075,23.1034837919769,23.13748607442723,0.7339151501655579,0.7293066382408142,145.11770000171964,193.2550000019546,0.3053671717643738,0.03400228245033077,-0.004608511924743652
948,1076,001076,23.658520405230856,23.67055169311943,0.6006096005439758,0.6012173295021057,162.81189999790513,201.08620000246447,0.16311971843242645,0.012031287888575548,0.0006077289581298828
949,1077,001077,26.76381957005424,26.777837859633475,0.6572542786598206,0.6567139029502869,158.75769999911427,225.74320000057924,0.080996073782444,0.01401828957923712,-0.0005403757095336914
950,1078,001078,26.47370842386635,26.465351223354023,0.6447468400001526,0.6450614333152771,138.87270000122953,185.33730000126525,0.12046337872743607,-0.008357200512325136,0.0003145933151245117
951,1079,001079,26.49420782244485,26.456340507524843,0.6605534553527832,0.6435189247131348,127.23810000170488,216.9592999998713,0.17165762186050415,-0.037867314920006834,-0.017034530639648438
952,1080,001080,24.705072486677352,24.64357498655889,0.7268381118774414,0.7278487086296082,132.99460000052932,192.88089999827207,0.19244395196437836,-0.06149750011846322,0.001010596752166748
953,1081,001081,39.59331757715298,39.46393208930267,0.9321328997612,0.9281153678894043,143.02560000214726,193.94370000009076,0.26161354780197144,-0.1293854878503069,-0.004017531871795654
954,1082,001082,39.667690020828,40.045420098882715,0.933094322681427,0.9347789883613586,136.75380000131554,216.6012999987288,0.2716004550457001,0.3777300780547179,0.0016846656799316406
955,1083,001083,40.15714900291588,40.313830536449004,0.9315232038497925,0.9317237734794617,134.43850000112434,193.2718999996723,0.2642386257648468,0.1566815335331242,0.00020056962966918945
956,1084,001084,34.854005576774696,34.79688457066747,0.9584612846374512,0.9573826193809509,134.76520000040182,179.36760000156937,0.22579364478588104,-0.05712100610722359,-0.0010786652565002441
957,1085,001085,33.11068912310668,33.21734675993551,0.9340728521347046,0.9342100024223328,125.19949999841629,172.26210000080755,0.2121596485376358,0.10665763682882812,0.00013715028762817383
958,1086,001086,34.94796250386609,35.00519073136309,0.948506236076355,0.947504997253418,122.20200000228942,177.38749999989523,0.20086447894573212,0.0572282274970064,-0.0010012388229370117
959,1087,001087,35.09125196926617,35.03708188110613,0.9507836103439331,0.9501475691795349,126.38899999728892,171.93979999865405,0.19109833240509033,-0.05417008816003488,-0.0006360411643981934
960,1088,001088,25.66003745610573,25.746939928238056,0.8500286936759949,0.8469629883766174,124.28480000016862,176.93560000043362,0.25980833172798157,0.08690247213232638,-0.0030657052993774414
961,1089,001089,28.994918029657665,28.878232252368328,0.9009925723075867,0.8983569145202637,131.68779999978142,179.86930000188295,0.25475671887397766,-0.11668577728933727,-0.002635657787322998
962,1090,001090,29.466565372360797,29.499825559029965,0.8934509754180908,0.8955543041229248,121.48240000169608,180.64869999943767,0.22269287705421448,0.033260186669167524,0.0021033287048339844
963,1091,001091,28.585990983085132,28.496409609648023,0.894788920879364,0.8942846655845642,172.50350000176695,214.3168999973568,0.2694673240184784,-0.08958137343710959,-0.0005042552947998047
964,1092,001092,24.833883395984166,24.889985602308546,0.8008962869644165,0.8029741048812866,136.3612999994075,191.29089999842108,0.20770782232284546,0.05610220632437901,0.002077817916870117
965,1093,001093,37.985255981735015,38.0163662699382,0.9532374739646912,0.9526797533035278,124.55039999986184,175.0097000003734,0.1295618712902069,0.03111028820318751,-0.0005577206611633301
966,1094,001094,38.77178273159822,38.7317924045262,0.9562623500823975,0.9559293985366821,127.60979999802657,178.6683999998786,0.12889617681503296,-0.03999032707201877,-0.00033295154571533203
967,1095,001095,39.02430180855608,38.958638529588775,0.9568072557449341,0.9570519328117371,124.38299999848823,175.65900000045076,0.12859471142292023,-0.06566327896730684,0.0002446770668029785
968,1096,001096,25.980255896217255,25.860431768918055,0.7461181282997131,0.7385774254798889,125.64799999745446,178.98249999780091,0.17552748322486877,-0.1198241272992,-0.007540702819824219
969,1097,001097,25.924245606608896,25.964230861555578,0.8007476925849915,0.8018102645874023,129.4826000012108,179.66289999822038,0.17016831040382385,0.03998525494668215,0.0010625720024108887
970,1098,001098,26.013270639057424,25.96738634596195,0.8145249485969543,0.8165901303291321,128.66859999849112,177.21030000029714,0.17795412242412567,-0.045884293095475925,0.0020651817321777344
971,1099,001099,26.555468313798606,26.540408349074088,0.8301342129707336,0.8306087255477905,116.59729999882984,211.06739999959245,0.18904949724674225,-0.015059964724517982,0.00047451257705688477
972,1100,001100,22.592570420170503,22.85555624339461,0.5814388990402222,0.613753080368042,120.50989999988815,170.59149999840884,0.1853061467409134,0.26298582322410624,0.032314181327819824
973,1101,001101,33.21240151952489,33.491627582715225,0.9670002460479736,0.9697346091270447,118.22070000198437,165.1402000024973,0.06372860819101334,0.27922606319033605,0.002734363079071045
974,1102,001102,26.60327230412111,26.53610165468626,0.8832366466522217,0.8840828537940979,121.24770000082208,168.0530000012368,0.2000097781419754,-0.06717064943484985,0.0008462071418762207
975,1103,001103,26.44981120347074,26.623827129461702,0.8820794820785522,0.8849496245384216,123.20969999927911,176.97460000272258,0.1884937435388565,0.17401592599096105,0.0028701424598693848
976,1104,001104,27.519526807666345,27.456056247326785,0.9178011417388916,0.9102433919906616,127.69870000192896,177.79320000045118,0.08634218573570251,-0.06347056033956022,-0.0075577497482299805
977,1105,001105,27.490971881066926,27.467975549271326,0.7576034069061279,0.7436859011650085,125.20139999833191,187.24659999861615,0.1399940848350525,-0.0229963317955999,-0.013917505741119385
978,1106,001106,25.82754534205793,25.871433437012183,0.7249472141265869,0.7200053930282593,140.55680000092252,178.71809999996913,0.14911626279354095,0.0438880949542515,-0.004941821098327637
979,1107,001107,25.567537149533607,25.60289540462759,0.6753219962120056,0.6707754731178284,121.80520000038086,168.40169999704813,0.19777773320674896,0.03535825509398194,-0.004546523094177246
980,1108,001108,22.13046757964381,22.12240853701019,0.697473406791687,0.7041759490966797,124.19559999761987,180.2311000028567,0.22843937575817108,-0.008059042633618674,0.006702542304992676
981,1109,001109,23.24988081715577,23.303913205630074,0.8297733068466187,0.8327431678771973,127.25500000306056,169.75939999974798,0.3424185514450073,0.05403238847430458,0.0029698610305786133
982,1110,001110,22.569233760000902,22.627543147584007,0.8074033260345459,0.8113341927528381,130.14559999646735,193.09330000032787,0.3492467999458313,0.058309387583104666,0.003930866718292236
983,1111,001111,23.16997958370665,23.259816673634806,0.8280879259109497,0.8318312764167786,135.4620000020077,190.3435999993235,0.3509357273578644,0.08983708992815664,0.0037433505058288574
984,1112,001112,27.70885433354212,27.78872990849934,0.8319067358970642,0.8321223855018616,121.57049999950686,174.00540000016917,0.18748880922794342,0.07987557495722086,0.00021564960479736328
985,1113,001113,32.107034138795136,32.0016784976357,0.8831856846809387,0.8818957805633545,121.12560000241501,178.89260000083596,0.24848490953445435,-0.1053556411594343,-0.0012899041175842285
986,1114,001114,31.898127384331126,31.71360641242558,0.8836271166801453,0.8820368647575378,123.06620000163093,174.6010999995633,0.253520131111145,-0.1845209719055454,-0.0015902519226074219
987,1115,001115,31.900849181882855,31.691066506696025,0.8785133957862854,0.8758113980293274,133.57499999983702,174.8552999997628,0.2468193769454956,-0.2097826751868297,-0.002701997756958008
988,1116,001116,28.186868904472536,28.3404187108123,0.8554222583770752,0.8670031428337097,128.08570000197506,173.65699999936623,0.2352549284696579,0.15354980633976467,0.011580884456634521
989,1117,001117,28.406643219279598,28.540697747082678,0.7108792066574097,0.7231649160385132,142.1492000008584,203.91949999975623,0.08997593820095062,0.13405452780308025,0.012285709381103516
990,1118,001118,29.434277711357367,29.346336346876136,0.744055449962616,0.7416825890541077,150.87599999969825,222.211199998128,0.08837943524122238,-0.08794136448123169,-0.0023728609085083008
991,1119,001119,29.33873438963645,29.329481362320465,0.7469309568405151,0.7439242005348206,156.1686999993981,242.22050000025774,0.08965478837490082,-0.009253027315985207,-0.00300675630569458
992,1120,001120,26.12366548814142,26.071111489170285,0.8457861542701721,0.8393493294715881,161.5498999999545,233.82870000205003,0.12601375579833984,-0.052553998971134774,-0.006436824798583984
993,1121,001121,25.19023948922777,25.18058077918483,0.7714433073997498,0.7746371030807495,168.9765000010084,223.68270000151824,0.1767331063747406,-0.00965871004294172,0.003193795680999756
994,1122,001122,24.426754628345833,24.398088859760033,0.7740671038627625,0.773475706577301,182.77999999918393,271.4990999993461,0.17914146184921265,-0.02866576858579961,-0.0005913972854614258
995,1123,001123,25.34524966666021,25.343555073394445,0.7779552340507507,0.775812029838562,198.7690999994811,249.28250000084518,0.1758153885602951,-0.001694593265764155,-0.0021432042121887207
996,1124,001124,34.677168819467106,34.70087191269819,0.9152247905731201,0.9152222275733948,182.09809999825666,293.2464000004984,0.14956292510032654,0.023703093231084438,-2.562999725341797e-06
997,1125,001125,28.352773103642953,28.374242403109807,0.8227561712265015,0.8214032649993896,225.54760000275564,366.28299999938463,0.16671660542488098,0.021469299466854608,-0.0013529062271118164
998,1126,001126,28.131471280096008,28.131100707632427,0.8320741057395935,0.8332226872444153,192.78190000113682,246.39399999796296,0.20789191126823425,-0.0003705724635807428,0.0011485815048217773
999,1127,001127,28.09864895481878,28.143344047831526,0.8325691819190979,0.8349159955978394,166.61930000191205,236.48899999898276,0.2194824516773224,0.04469509301274499,0.002346813678741455
1000,1128,001128,32.32159358188818,32.18980993089025,0.9464483857154846,0.9441161751747131,166.79559999829507,237.45029999918188,0.1972675770521164,-0.13178365099793155,-0.0023322105407714844
1001,1129,001129,32.03972967257116,32.057403446623454,0.892960250377655,0.89348965883255,163.80339999886928,219.34659999897121,0.17187044024467468,0.01767377405229098,0.0005294084548950195
1002,1130,001130,33.26037407852411,33.274085303537184,0.9088194370269775,0.9085215330123901,168.06580000047688,236.26470000090194,0.17077822983264923,0.013711225013075534,-0.00029790401458740234
1003,1131,001131,32.17972145782647,32.3350352582988,0.8908110857009888,0.8929394483566284,162.55939999973634,223.55769999921904,0.17029164731502533,0.15531380047233512,0.0021283626556396484
1004,1132,001132,19.854122624285992,19.838965571759452,0.7342443466186523,0.7308852076530457,168.3258000011847,244.74580000241986,0.3258644938468933,-0.015157052526539871,-0.0033591389656066895
1005,1133,001133,20.620206197112687,20.551255466967646,0.7359763979911804,0.7309665679931641,174.806199996965,271.49260000078357,0.3242584764957428,-0.0689507301450405,-0.005009829998016357
1006,1134,001134,20.66357482203863,20.707325140230584,0.7282170653343201,0.7289461493492126,179.4780999989598,225.1944999989064,0.3189709186553955,0.04375031819195385,0.0007290840148925781
1007,1135,001135,20.60187847012991,20.582215930614748,0.721793532371521,0.7229463458061218,161.50310000011814,230.86250000051223,0.3194398581981659,-0.019662539515163502,0.00115281343460083
1008,1136,001136,26.857824448530742,26.95080333483601,0.8751134872436523,0.8771896362304688,163.58770000078948,214.2930999980308,0.21233321726322174,0.09297888630526785,0.0020761489868164062
1009,1137,001137,28.009624205539968,28.097667543551488,0.835560142993927,0.837773323059082,149.88289999746485,223.7055000005057,0.26911461353302,0.08804333801151998,0.0022131800651550293
1010,1138,001138,27.562424322284762,27.635711310356157,0.8249772787094116,0.8278314471244812,146.4691999972274,216.75880000111647,0.2478284239768982,0.07328698807139489,0.00285416841506958
1011,1139,001139,27.312698037849394,27.183856184741316,0.8221185803413391,0.8196729421615601,165.20630000013625,219.07609999834676,0.25002193450927734,-0.12884185310807794,-0.0024456381797790527
1012,1140,001140,27.353137987967166,27.297150179312972,0.8040705919265747,0.8044735789299011,154.17549999983748,222.14049999820418,0.15594564378261566,-0.05598780865419428,0.000402987003326416
1013,1141,001141,28.185038415108444,28.2739069833408,0.6429510712623596,0.6492193341255188,153.12530000301194,224.15540000292822,0.18840332329273224,0.08886856823235689,0.00626826286315918
1014,1142,001142,28.192284689594644,28.23988862002102,0.6394535899162292,0.6447248458862305,144.55199999792967,235.28219999934663,0.18126030266284943,0.04760393042637645,0.005271255970001221
1015,1143,001143,28.59348409800282,28.513541960850773,0.6608814001083374,0.6549844741821289,160.10059999825899,219.30369999972754,0.20417745411396027,-0.07994213715204523,-0.005896925926208496
1016,1144,001144,24.584666273531855,24.539421519120147,0.7217562794685364,0.7273671627044678,165.28420000031474,248.0364999973972,0.1910853385925293,-0.0452447544117085,0.0056108832359313965
1017,1145,001145,25.864304301769906,25.83094480486806,0.8650817275047302,0.864072859287262,232.20489999948768,239.63200000071083,0.22928935289382935,-0.03335949690184492,-0.0010088682174682617
1018,1146,001146,25.9064166914906,25.888505426134948,0.8552566170692444,0.8592022657394409,167.80589999689255,275.01420000044163,0.22210566699504852,-0.01791126535565013,0.003945648670196533
1019,1147,001147,26.38185405138577,26.328370050646683,0.8623893857002258,0.8621746897697449,163.58369999943534,236.65670000264072,0.21291787922382355,-0.05348400073908621,-0.00021469593048095703
1020,1148,001148,25.763428641583616,25.702665236955188,0.6673969626426697,0.6623063683509827,168.15130000031786,230.12310000194702,0.1067819818854332,-0.06076340462842822,-0.005090594291687012
1021,1149,001149,22.91248417865955,22.889632632184558,0.7137781977653503,0.7103624939918518,169.5930000023509,246.6801000009582,0.17445985972881317,-0.022851546474992546,-0.003415703773498535
1022,1150,001150,22.81126851094115,22.83690431546294,0.7130357027053833,0.7138859629631042,180.88059999718098,250.6028999996488,0.17508374154567719,0.025635804521790817,0.0008502602577209473
1023,1151,001151,22.53584297807262,22.55204963018461,0.6964255571365356,0.6963632106781006,155.1498000007996,233.412399997178,0.17506253719329834,0.016206652111989683,-6.23464584350586e-05
1024,1152,001152,21.485131697106013,21.41040983885686,0.6807456016540527,0.6764540076255798,180.92989999786369,253.4376000003249,0.2666490077972412,-0.074721858249152,-0.0042915940284729
1025,1153,001153,25.81319649191602,25.70231054768355,0.6883803009986877,0.6737201809883118,189.29710000156774,255.23470000189263,0.25077885389328003,-0.11088594423247145,-0.014660120010375977
1026,1154,001154,25.65865477247668,25.673862170829608,0.6221102476119995,0.6272464394569397,205.79890000226442,294.60569999719155,0.2344173938035965,0.015207398352927726,0.0051361918449401855
1027,1155,001155,26.1553733154477,26.09714555423134,0.6683892607688904,0.6664238572120667,193.63890000022366,265.0985000000219,0.2205868363380432,-0.05822776121636153,-0.0019654035568237305
1028,1156,001156,27.824270333976663,27.964442131201448,0.8479260206222534,0.8499683141708374,189.72650000068825,246.5857999995933,0.296098917722702,0.14017179722478446,0.0020422935485839844
1029,1157,001157,28.409947546768862,28.27118286733638,0.5304086804389954,0.49858927726745605,193.479199999274,261.84680000005756,0.15792421996593475,-0.13876467943248372,-0.03181940317153931
1030,1158,001158,28.323785172944067,28.36436890271608,0.4990456998348236,0.5068647861480713,185.03819999750704,243.32940000022063,0.15546458959579468,0.0405837297720133,0.00781908631324768
1031,1159,001159,28.361243861517217,28.35521812247332,0.5105929374694824,0.5114776492118835,179.51729999913368,265.02760000221315,0.156693696975708,-0.006025739043895584,0.000884711742401123
1032,1160,001160,34.67658570214048,34.62319966954909,0.869178831577301,0.8684054017066956,167.32210000191117,237.1335000025283,0.19551897048950195,-0.05338603259139063,-0.0007734298706054688
1033,1161,001161,32.601107338898956,32.514270565626276,0.8061606287956238,0.8055000305175781,172.73779999959515,289.10419999738224,0.20419110357761383,-0.08683677327267958,-0.0006605982780456543
1034,1162,001162,32.16036272429229,32.125939792399826,0.779737114906311,0.7800900340080261,156.54930000164313,230.1372999972955,0.18111592531204224,-0.0344229318924647,0.0003529191017150879
1035,1163,001163,32.33973060849764,32.30253561117626,0.792587399482727,0.7918148636817932,163.45999999975902,217.5249000028998,0.19379062950611115,-0.037194997321378764,-0.0007725358009338379
1036,1164,001164,27.991862771610876,27.927645180858217,0.6563331484794617,0.639836311340332,159.72760000295239,235.42599999927916,0.14305569231510162,-0.06421759075265854,-0.01649683713912964
1037,1165,001165,30.282557071797534,30.146646130322594,0.8727060556411743,0.8692950010299683,174.21599999943282,225.9018999975524,0.1592123806476593,-0.13591094147493976,-0.0034110546112060547
1038,1166,001166,31.07605988788349,31.165335174043697,0.8833571672439575,0.8853944540023804,185.72430000131135,231.29129999870202,0.15922926366329193,0.08927528616020908,0.0020372867584228516
1039,1167,001167,30.42942586552209,30.329223535142177,0.8601998090744019,0.8577836155891418,155.6974999984959,234.1277000014088,0.1461789906024933,-0.10020233037991488,-0.0024161934852600098
1040,1168,001168,30.96461396801763,30.987769002963983,0.8382975459098816,0.8343021869659424,151.99800000118557,216.94729999944684,0.08862461149692535,0.023155034946352515,-0.003995358943939209
1041,1169,001169,27.521284342820973,27.485639972067094,0.5424864292144775,0.5343526005744934,149.56009999878006,224.72220000054222,0.08028080314397812,-0.03564437075387872,-0.00813382863998413
1042,1170,001170,27.54615297093455,27.39970069652401,0.566291332244873,0.5433655977249146,160.97529999751714,239.70449999978882,0.08184054493904114,-0.14645227441053876,-0.022925734519958496
1043,1171,001171,27.29884446306773,27.230980234953947,0.5673111081123352,0.5515576004981995,152.67800000219722,216.08279999782098,0.0839628204703331,-0.06786422811378401,-0.015753507614135742
1044,1172,001172,32.98347910867888,32.939394729079844,0.8778901100158691,0.8781946897506714,156.9974000012735,215.27250000144704,0.25243431329727173,-0.04408437959903466,0.0003045797348022461
1045,1173,001173,31.18518666407439,30.783691022619244,0.906307578086853,0.9002397656440735,169.27529999884428,227.07079999963753,0.16043440997600555,-0.4014956414551456,-0.006067812442779541
1046,1174,001174,31.747089139861156,31.507611671266456,0.9133240580558777,0.9106178283691406,164.56950000065262,212.59609999833629,0.18203310668468475,-0.23947746859469987,-0.0027062296867370605
1047,1175,001175,32.63281898650937,32.36127701758294,0.9225042462348938,0.9219776391983032,166.03749999922002,221.69620000204304,0.15295420587062836,-0.271541968926428,-0.0005266070365905762
1048,1176,001176,21.58405250799273,21.568646274787703,0.7034220099449158,0.702398419380188,156.66300000157207,231.6002000006847,0.16808193922042847,-0.01540623320502732,-0.0010235905647277832
1049,1177,001177,24.90858466320916,24.83913752284011,0.8038231730461121,0.798240602016449,154.19400000246242,223.50399999777437,0.23142461478710175,-0.06944714036904998,-0.005582571029663086
1050,1178,001178,26.45177050713171,26.535320790596273,0.7891384959220886,0.7949200868606567,198.49469999826397,251.31119999787188,0.206407368183136,0.0835502834645645,0.005781590938568115
1051,1179,001179,27.297023601732327,27.209228622287554,0.8145948052406311,0.8089871406555176,187.96440000005532,247.60650000098394,0.19981245696544647,-0.08779497944477299,-0.005607664585113525
1052,1180,001180,23.881938885521016,23.952139778307778,0.7758540511131287,0.7753857374191284,190.95809999998892,239.18029999913415,0.192190021276474,0.07020089278676167,-0.00046831369400024414
1053,1181,001181,25.099024713820842,25.11817591645533,0.629455029964447,0.6384344696998596,172.13320000155363,243.25420000241138,0.16215181350708008,0.019151202634485998,0.008979439735412598
1054,1182,001182,25.218629511623515,25.295682373641263,0.6331853270530701,0.6573305726051331,165.58309999891208,253.03109999731532,0.16041530668735504,0.07705286201774797,0.02414524555206299
1055,1183,001183,25.190283042564523,25.201854968715473,0.6383072733879089,0.6412460803985596,249.97539999822038,257.06369999898016,0.15966062247753143,0.011571926150949707,0.0029388070106506348
1056,1184,001184,24.693973547779816,24.552815263385483,0.6581259369850159,0.6399288177490234,180.54539999866392,266.5870000018913,0.18763191998004913,-0.14115828439433287,-0.01819711923599243
1057,1185,001185,27.218124829184937,27.139490141187427,0.8001785278320312,0.7983693480491638,172.8502000005392,249.0058000003046,0.14893454313278198,-0.07863468799751061,-0.0018091797828674316
1058,1186,001186,27.95092673779712,27.930353162568345,0.8263739347457886,0.8267156481742859,166.9008999997459,252.27209999866318,0.15656118094921112,-0.020573575228773677,0.00034171342849731445
1059,1187,001187,26.34850154309088,26.355171455812236,0.7745194435119629,0.7769831418991089,190.41709999874,259.2170000025362,0.1537504494190216,0.006669912721356752,0.002463698387145996
1060,1188,001188,22.35677917164442,22.24702857984748,0.546973466873169,0.5261293649673462,245.28840000130003,268.9635000024282,0.26076382398605347,-0.10975059179693858,-0.020844101905822754
1061,1189,001189,22.489995054731125,22.46022956879922,0.7072263360023499,0.7008007168769836,194.90500000028987,290.49079999822425,0.15600503981113434,-0.029765485931903868,-0.006425619125366211
1062,1190,001190,22.73341721271766,22.67983657223068,0.7232218980789185,0.7174901366233826,184.74040000000969,263.3830000013404,0.15932409465312958,-0.05358064048698097,-0.005731761455535889
1063,1191,001191,22.463504890692775,22.43881570435404,0.707992672920227,0.7072571516036987,234.76089999894612,288.68250000232365,0.15967170894145966,-0.024689186338733293,-0.0007355213165283203
1064,1192,001192,31.687533505059,31.482699493637377,0.891884982585907,0.889604389667511,181.51289999877918,279.84440000000177,0.10648667812347412,-0.2048340114216245,-0.002280592918395996
1065,1193,001193,38.29278220396036,37.723700471804044,0.9711378216743469,0.9663374423980713,198.19720000305097,266.8407000019215,0.030025217682123184,-0.5690817321563131,-0.004800379276275635
1066,1194,001194,37.337777567289024,36.89466454548506,0.9607077240943909,0.9533395767211914,209.4976999978826,295.33490000176243,0.03746909275650978,-0.44311302180396694,-0.007368147373199463
1067,1195,001195,36.43405392078343,37.466255412434066,0.9435915350914001,0.961544930934906,206.3799999996263,323.739100000239,0.0392763614654541,1.032201491650639,0.01795339584350586
1068,1196,001196,35.328499801219714,35.08751391361354,0.9457683563232422,0.9451248645782471,211.77610000086133,289.76760000296053,0.20155876874923706,-0.2409858876061719,-0.0006434917449951172
1069,1197,001197,33.23122050525865,33.22621642648969,0.7103808522224426,0.7097453474998474,191.54880000132835,247.4045999988448,0.13067618012428284,-0.005004078768955367,-0.0006355047225952148
1070,1198,001198,29.45842888385155,29.435323487851555,0.525715172290802,0.5126975774765015,224.16270000030636,226.86789999715984,0.1961791217327118,-0.023105395999994727,-0.013017594814300537
1071,1199,001199,35.421625998289926,35.37494128561515,0.8075351715087891,0.8068980574607849,163.43359999882523,226.99999999895226,0.11819678544998169,-0.04668471267477514,-0.0006371140480041504
1072,1200,001200,27.942061447684114,27.92048658150671,0.7980168461799622,0.7977268695831299,155.0057000022207,231.97389999768347,0.2720842659473419,-0.021574866177402896,-0.0002899765968322754
1073,1201,001201,29.600245971660094,29.464343524803404,0.7269377708435059,0.7194916605949402,157.18850000121165,215.28079999916372,0.19192557036876678,-0.13590244685669006,-0.007446110248565674
1074,1202,001202,28.36713976308517,28.180916612557386,0.6693227291107178,0.6654518246650696,158.5536000020511,211.7039000004297,0.22011490166187286,-0.18622315052778404,-0.0038709044456481934
1075,1203,001203,29.954829555434625,29.88386196356245,0.7312558889389038,0.7229132652282715,148.933999997098,201.16219999908935,0.1750609129667282,-0.07096759187217572,-0.008342623710632324
1076,1204,001204,24.80564407537459,24.78760865555673,0.7996963262557983,0.7977848649024963,148.51589999670978,218.4226999997918,0.1546657830476761,-0.018035419817859832,-0.001911461353302002
1077,1205,001205,31.695783536051763,31.81730025486551,0.6213123202323914,0.6265005469322205,161.98529999746825,214.16490000046906,0.2367345690727234,0.12151671881374781,0.0051882266998291016
1078,1206,001206,38.32122834648517,38.517963866028076,0.9783057570457458,0.981156051158905,156.79950000048848,231.86490000080084,0.04634913057088852,0.19673551954290502,0.0028502941131591797
1079,1207,001207,31.57309513117402,31.588993880059824,0.6105813980102539,0.6124212145805359,148.50959999967017,226.76440000213915,0.2506366968154907,0.015898748885803116,0.0018398165702819824
1080,1208,001208,20.668913889092376,20.58978722412684,0.30799782276153564,0.22915475070476532,158.47180000127992,221.92350000113947,0.11427180469036102,-0.07912666496553555,-0.07884307205677032
1081,1209,001209,23.28136665126905,23.25295563091329,0.6767114400863647,0.6793707013130188,155.6525000014517,216.25339999809512,0.124346062541008,-0.028411020355758154,0.0026592612266540527
1082,1210,001210,22.952729597316846,22.935047647491658,0.6605141162872314,0.6676230430603027,157.03270000085467,218.0934000025445,0.12790946662425995,-0.01768194982518878,0.007108926773071289
1083,1211,001211,23.46991250279522,23.421201258240018,0.6808501482009888,0.6728359460830688,174.31509999732953,238.64029999822378,0.12231673300266266,-0.04871124455520359,-0.008014202117919922
1084,1212,001212,25.990746512719774,26.04427819521876,0.8504014015197754,0.8499634265899658,179.68789999940782,237.34090000289143,0.23284929990768433,0.05353168249898488,-0.0004379749298095703
1085,1213,001213,20.189466630503667,20.212633464381803,0.7320912480354309,0.7332597374916077,169.06100000051083,219.73570000045584,0.3008849620819092,0.023166833878136117,0.0011684894561767578
1086,1214,001214,20.576804093156724,20.61012682521767,0.7387043833732605,0.7325963377952576,151.72140000140644,216.8175999977393,0.30306023359298706,0.03332273206094527,-0.00610804557800293
1087,1215,001215,20.8629683016914,20.930335317583825,0.7533668875694275,0.752070963382721,158.3005000029516,206.67110000067623,0.2984791100025177,0.067367015892426,-0.001295924186706543
1088,1216,001216,25.704511405745805,25.73038239955587,0.684282124042511,0.6851011514663696,149.5671000011498,223.15059999891673,0.13439996540546417,0.025870993810066523,0.0008190274238586426
1089,1217,001217,27.72162584637368,27.710122075249792,0.7860062122344971,0.7806168794631958,166.43810000095982,217.71600000283797,0.13963617384433746,-0.011503771123887674,-0.0053893327713012695
1090,1218,001218,27.16930240353461,27.26341697438462,0.7701283693313599,0.7710132598876953,185.73969999852125,225.97809999933816,0.13952751457691193,0.09411457085001018,0.0008848905563354492
1091,1219,001219,27.73567975891612,27.72652905820401,0.7885860204696655,0.7876302599906921,150.90090000012424,235.89580000043497,0.13986390829086304,-0.009150700712108772,-0.0009557604789733887
1092,1220,001220,32.64332695349624,32.59615657135816,0.7309000492095947,0.7305395007133484,169.20869999739807,232.03429999921354,0.06471505761146545,-0.04717038213808422,-0.0003605484962463379
1093,1221,001221,28.08402310102711,28.04247111489606,0.8173818588256836,0.8167965412139893,155.0253999994311,219.16050000072573,0.14153890311717987,-0.04155198613105071,-0.0005853176116943359
1094,1222,001222,28.498854074365777,28.495994435888935,0.8296283483505249,0.829195499420166,157.3253000024124,212.01060000021243,0.14119979739189148,-0.002859638476842008,-0.0004328489303588867
1095,1223,001223,27.734605648656476,27.68407207680926,0.8139776587486267,0.8113170862197876,168.19519999990007,230.73250000015832,0.14524909853935242,-0.05053357184721463,-0.0026605725288391113
1096,1224,001224,18.264910958802957,18.405790654970456,0.5064640045166016,0.5027979016304016,161.55989999970188,221.05240000018966,0.19524076581001282,0.14087969616749874,-0.003666102886199951
1097,1225,001225,34.760264907967354,34.52415420747519,0.895277202129364,0.8943189978599548,152.96129999842378,224.73030000037397,0.2590946555137634,-0.2361107004921621,-0.0009582042694091797
1098,1226,001226,35.70433964602578,35.97892341312432,0.8976298570632935,0.899233341217041,151.58359999986715,214.23280000090017,0.2589946389198303,0.27458376709854093,0.0016034841537475586
1099,1227,001227,34.69585222968176,34.35030045087066,0.9044814109802246,0.9030154347419739,165.03820000070846,222.30390000186162,0.2275022566318512,-0.34555177881109955,-0.0014659762382507324
1100,1228,001228,36.63073706537722,36.49687315125241,0.8954888582229614,0.8920029997825623,157.4886999987939,217.52809999816236,0.07704387605190277,-0.13386391412480947,-0.00348585844039917
1101,1229,001229,28.192645971260568,28.180819064295463,0.941683292388916,0.940957248210907,168.52980000112439,233.59789999813074,0.2103443741798401,-0.01182690696510491,-0.0007260441780090332
1102,1230,001230,28.41873965924284,28.362660495635588,0.9462425112724304,0.945197343826294,168.58829999910085,232.5673999985156,0.209555521607399,-0.05607916360725085,-0.0010451674461364746
1103,1231,001231,28.391038731338917,28.334452818242152,0.946061372756958,0.9458438158035278,161.9961999967927,223.80580000026384,0.21053116023540497,-0.05658591309676453,-0.00021755695343017578
1104,1232,001232,25.285432644697714,25.30885583654453,0.8689823746681213,0.8687822222709656,160.13620000012452,230.77629999897908,0.24222159385681152,0.02342319184681685,-0.00020015239715576172
1105,1233,001233,33.84059204434601,34.09752987219563,0.9295070767402649,0.9313566088676453,158.66039999673376,231.985700000223,0.1326490193605423,0.2569378278496188,0.001849532127380371
1106,1234,001234,33.63957860089217,33.55772299180485,0.9253063201904297,0.9234599471092224,191.02220000058878,234.27129999981844,0.12075404822826385,-0.08185560908732015,-0.0018463730812072754
1107,1235,001235,34.97592167492238,34.97982311935496,0.9407196640968323,0.9402626752853394,169.3742999996175,263.2950000006531,0.1243915930390358,0.0039014444325786712,-0.0004569888114929199
1108,1236,001236,23.998393093243973,24.00495853180393,0.7247931957244873,0.7164322733879089,207.75570000114385,368.1338999995205,0.11069312691688538,0.006565438559956505,-0.00836092233657837
1109,1237,001237,32.589414478260615,32.586564860001495,0.9063165783882141,0.9057186245918274,211.48639999955776,273.1062999991991,0.13747109472751617,-0.0028496182591197794,-0.0005979537963867188
1110,1238,001238,31.239706562434108,31.201098595233393,0.8871913552284241,0.8877487182617188,188.78440000116825,293.47100000086357,0.09287847578525543,-0.03860796720071491,0.0005573630332946777
1111,1239,001239,32.17761234230015,32.19564348659175,0.8970223069190979,0.8945406675338745,187.73420000070473,255.36189999911585,0.1472570300102234,0.01803114429159791,-0.0024816393852233887
1112,1240,001240,26.601940470172426,26.473643331019087,0.7324967384338379,0.7296689748764038,193.67649999912828,269.18970000042464,0.2186754196882248,-0.1282971391533394,-0.002827763557434082
1113,1241,001241,24.697630550855006,24.705224382711748,0.693522572517395,0.6808541417121887,225.7973999985552,283.298599999398,0.2988758981227875,0.007593831856741673,-0.012668430805206299
1114,1242,001242,24.482443518707413,24.4289785137865,0.7522255182266235,0.7493239045143127,202.14160000250558,266.91569999820786,0.31464076042175293,-0.05346500492091266,-0.002901613712310791
1115,1243,001243,24.44497290235828,24.437460866168202,0.6726048588752747,0.6566109657287598,209.50360000279034,331.22329999969224,0.29787304997444153,-0.007512036190078675,-0.015993893146514893
1116,1244,001244,24.671842539320675,24.677379488877285,0.8337415456771851,0.8338617086410522,214.99469999980647,308.65819999962696,0.305909126996994,0.005536949556610438,0.0001201629638671875
1117,1245,001245,29.09158636217081,29.174123611496444,0.81313556432724,0.8158487677574158,232.66599999988102,335.00370000183466,0.21841511130332947,0.082537249325636,0.0027132034301757812
1118,1246,001246,29.668360605487663,29.654701536553265,0.7988756895065308,0.8008432984352112,196.11429999713437,295.4305999992357,0.2071763277053833,-0.013659068934398277,0.00196760892868042
1119,1247,001247,29.640734439037566,29.58182189984015,0.8150291442871094,0.8118631839752197,216.41859999726876,349.0526999994472,0.21582821011543274,-0.058912539197415015,-0.0031659603118896484
1120,1248,001248,27.116609286154436,27.08933970891426,0.8310189843177795,0.8281274437904358,231.70509999908973,333.5975000009057,0.19141653180122375,-0.02726957724017609,-0.00289154052734375
1121,1249,001249,28.700553313531575,28.733168888288297,0.6643767356872559,0.6687367558479309,223.25780000028317,395.0708999982453,0.11185755580663681,0.032615574756722054,0.004360020160675049
1122,1250,001250,28.955921357613505,28.732621950952478,0.6797816157341003,0.6710492968559265,217.51299999959883,286.9509999982256,0.1060824766755104,-0.22329940666102743,-0.008732318878173828
1123,1251,001251,28.518139804083585,28.518328680743522,0.6599066853523254,0.6644832491874695,218.8642000000982,285.519099998055,0.11163760721683502,0.00018887665993716496,0.004576563835144043
1124,1252,001252,26.429034223662846,26.46704913217546,0.6937211751937866,0.6790363192558289,196.6742999975395,311.59610000031535,0.11711524426937103,0.03801490851261491,-0.014684855937957764
1125,1253,001253,30.21382331191912,30.23473581249007,0.841065526008606,0.8459686636924744,191.76770000194665,249.4455999985803,0.16738827526569366,0.0209125005709474,0.004903137683868408
1126,1254,001254,27.864683202278645,27.846538324143403,0.8410344123840332,0.8330380916595459,242.53739999767276,263.7291999999434,0.16794353723526,-0.018144878135242237,-0.007996320724487305
1127,1255,001255,29.812129728135133,29.791473243478706,0.8381279110908508,0.8267670273780823,196.67399999889312,289.3131999990146,0.151929572224617,-0.020656484656427665,-0.011360883712768555
1128,1256,001256,27.862733126368646,27.777278474572,0.6503166556358337,0.6402179598808289,213.27320000273176,247.20979999983683,0.11123902350664139,-0.08545465179664546,-0.010098695755004883
1129,1257,001257,37.60548155731057,37.36012716009609,0.9739842414855957,0.9753239154815674,167.65500000110478,221.50440000041272,0.06915295869112015,-0.24535439721447716,0.0013396739959716797
1130,1258,001258,32.38219841869491,32.339310899135015,0.9460358619689941,0.9467548131942749,155.16270000080112,204.84299999952782,0.08834608644247055,-0.04288751955989767,0.0007189512252807617
1131,1259,001259,36.856080279741875,36.58711342883103,0.9763579964637756,0.9747714996337891,147.05440000034287,213.10760000051232,0.06918542087078094,-0.26896685091084294,-0.0015864968299865723
1132,1260,001260,20.565874717374935,20.326530203579047,0.7154322862625122,0.6947798132896423,154.7430999999051,243.29360000047018,0.18729501962661743,-0.2393445137958885,-0.020652472972869873
1133,1261,001261,34.09911966776064,34.21504240125123,0.9370191097259521,0.9371809959411621,172.88410000037402,255.4106999996293,0.13406866788864136,0.11592273349059212,0.00016188621520996094
1134,1262,001262,34.97576249078702,34.70025962769212,0.9452580213546753,0.9409007430076599,187.36639999769977,272.88749999934225,0.13759389519691467,-0.2755028630948999,-0.004357278347015381
1135,1263,001263,34.75647997574689,34.734104313926395,0.9428123831748962,0.9401401281356812,157.44910000285017,220.19539999746485,0.12441755086183548,-0.022375661820497328,-0.002672255039215088
1136,1264,001264,25.11847158015222,25.06354800652256,0.8135550022125244,0.8144844770431519,152.46599999954924,207.24929999778396,0.3287491798400879,-0.054923573629661604,0.0009294748306274414
1137,1265,001265,34.083149663177714,34.17997716726469,0.8340024948120117,0.834787130355835,165.79249999995227,219.0338000000338,0.42343869805336,0.09682750408697416,0.0007846355438232422
1138,1266,001266,34.4961099535684,34.32135157601925,0.8443275094032288,0.843055784702301,154.19330000077025,223.78670000034617,0.3960677981376648,-0.17475837754915347,-0.0012717247009277344
1139,1267,001267,32.94825294121853,33.093283837338646,0.8826553821563721,0.8832870125770569,176.3487999996869,221.27529999852413,0.295853853225708,0.14503089612011877,0.0006316304206848145
1140,1268,001268,35.441204883063634,35.41393135624916,0.8307155966758728,0.8302800059318542,162.1712000014668,213.3153000031598,0.23125065863132477,-0.0272735268144757,-0.0004355907440185547
1141,1269,001269,40.311948136793916,40.114437692159896,0.9812957048416138,0.9803562760353088,198.61809999929392,224.01689999969676,0.2753452658653259,-0.19751044463401968,-0.0009394288063049316
1142,1270,001270,42.779351363058915,43.02092014756294,0.9849240779876709,0.985066831111908,173.1127999992168,247.8229000007559,0.2511987090110779,0.2415687845040253,0.00014275312423706055
1143,1271,001271,39.3144472445897,39.98152692972066,0.9767966270446777,0.9789054989814758,167.90839999885065,266.0235000003013,0.285903662443161,0.6670796851309575,0.0021088719367980957
1144,1272,001272,27.306204324873285,27.265295851100294,0.8170313239097595,0.8164454698562622,174.01020000033895,250.8668000009493,0.17491786181926727,-0.04090847377299056,-0.0005858540534973145
1145,1273,001273,29.186953755783072,29.037727968139286,0.8405857682228088,0.835206151008606,179.11349999849335,238.8308000008692,0.19855321943759918,-0.14922578764378613,-0.005379617214202881
1146,1274,001274,28.71032690842452,28.6904443296569,0.8274869918823242,0.8255351185798645,154.12060000016936,229.64470000079018,0.18878516554832458,-0.01988257876762134,-0.0019518733024597168
1147,1275,001275,29.09894033056391,28.834911308647527,0.8465409874916077,0.8296344876289368,153.98389999973006,210.44679999977234,0.19871501624584198,-0.26402902191638233,-0.0169064998626709
1148,1276,001276,23.84551580985776,23.826403101153897,0.7574548721313477,0.7584925889968872,153.20409999912954,217.0522999986133,0.2147706300020218,-0.019112708703861614,0.0010377168655395508
1149,1277,001277,26.297608651091814,26.269994495539244,0.7505614757537842,0.7516762614250183,152.67390000008163,224.30230000099982,0.2012280374765396,-0.02761415555256974,0.0011147856712341309
1150,1278,001278,26.10355684182606,26.068939150190275,0.7385728359222412,0.7350788712501526,179.25879999893368,226.65750000305707,0.20225992798805237,-0.0346176916357841,-0.003493964672088623
1151,1279,001279,26.03449278871185,25.985521202045643,0.7334292531013489,0.7328863739967346,168.13880000336212,241.94789999819477,0.20286138355731964,-0.04897158666620882,-0.0005428791046142578
1152,1312,001312,16.978668682256515,16.987563533118426,0.5091443061828613,0.5018265843391418,156.25090000321507,215.90740000101505,0.20258229970932007,0.008894850861910442,-0.007317721843719482
1153,1313,001313,19.15703224891744,19.106188670063034,0.6151397228240967,0.621547520160675,151.27399999983027,207.61289999791188,0.2089734822511673,-0.050843578854404825,0.006407797336578369
1154,1314,001314,19.08689110698257,19.13364143715907,0.615921676158905,0.6198692321777344,147.4807000013243,213.65530000184663,0.20887184143066406,0.046750330176500654,0.003947556018829346
1155,1315,001315,19.184083725514107,19.123381619538176,0.6196380257606506,0.622348427772522,172.69579999992857,236.95690000022296,0.20852258801460266,-0.060702105975931175,0.002710402011871338
1156,1316,001316,28.412335382377552,28.23509913945675,0.9042872190475464,0.9023000001907349,174.43420000199694,224.9124000009033,0.13543210923671722,-0.1772362429208023,-0.0019872188568115234
1157,1317,001317,30.132039334021115,30.08652863382438,0.9118446707725525,0.912825345993042,152.74779999890598,215.05729999989853,0.14591383934020996,-0.04551070019673631,0.000980675220489502
1158,1318,001318,30.1081089684221,30.017579312906623,0.9105179905891418,0.9108777642250061,153.2666999992216,219.57320000001346,0.1456228345632553,-0.09052965551547842,0.0003597736358642578
1159,1319,001319,28.925687726977646,28.856967937749374,0.9034645557403564,0.9041604399681091,162.18099999969127,212.9549000019324,0.154409259557724,-0.06871978922827182,0.0006958842277526855
1160,1320,001320,34.11642262884289,34.04092078420107,0.7761825919151306,0.7754400968551636,182.29060000157915,243.8081999971473,0.18537330627441406,-0.07550184464182053,-0.000742495059967041
1161,1321,001321,35.84384202997488,35.75970100611545,0.908027708530426,0.9068745374679565,156.7353999998886,263.90619999801856,0.15280790627002716,-0.08414102385943067,-0.0011531710624694824
1162,1322,001322,35.161840117713936,35.15412065766689,0.9035501480102539,0.9019585251808167,161.87669999999343,230.52989999996498,0.15567903220653534,-0.007719460047049154,-0.0015916228294372559
1163,1323,001323,39.78003091103703,39.655253426088144,0.9557430744171143,0.9547169208526611,160.71160000137752,213.6952000000747,0.09782463312149048,-0.1247774849488863,-0.001026153564453125
1164,1324,001324,33.76064666208746,33.66722604425653,0.7536661028862,0.7535979747772217,147.57359999930486,213.72970000084024,0.04398374632000923,-0.09342061783092959,-6.812810897827148e-05
1165,1325,001325,24.46263147191538,24.399216701427267,0.8030011057853699,0.7998825907707214,156.38430000035441,292.98500000004424,0.19542577862739563,-0.06341477048811228,-0.0031185150146484375
1166,1326,001326,23.719021664576015,23.66396775705324,0.77580726146698,0.7701376080513,156.54300000096555,228.90669999833335,0.2225395292043686,-0.05505390752277606,-0.005669653415679932
1167,1327,001327,23.90659315554107,23.882442647655363,0.7721151113510132,0.769396185874939,150.6587000003492,213.8998000009451,0.20913860201835632,-0.024150507885707384,-0.0027189254760742188
1168,1328,001328,32.22470106008918,32.09972168117551,0.8963358998298645,0.895509660243988,159.28050000002258,219.66629999951692,0.19388005137443542,-0.12497937891367172,-0.0008262395858764648
1169,1329,001329,35.922039082301794,35.9111899987936,0.8849983215332031,0.8842076063156128,147.8041000009398,214.997899998707,0.19920729100704193,-0.010849083508190915,-0.000790715217590332
1170,1330,001330,34.729308818021416,34.91439903265543,0.8672935962677002,0.8691827058792114,153.34900000016205,215.90229999856092,0.17653600871562958,0.1850902146340161,0.0018891096115112305
1171,1331,001331,34.56523731692063,34.455997584110676,0.8661832213401794,0.8636375665664673,150.96480000283918,216.12950000053388,0.17655035853385925,-0.1092397328099537,-0.002545654773712158
1172,1332,001332,22.22056141568035,22.2091032794787,0.7056490778923035,0.701108992099762,162.30170000198996,213.1786000027205,0.255775511264801,-0.011458136201650149,-0.004540085792541504
1173,1333,001333,21.35340042166647,21.375523852962,0.36607635021209717,0.3808844983577728,152.39160000055563,227.27179999856162,0.10419758409261703,0.022123431295529628,0.01480814814567566
1174,1334,001334,21.261103126686393,21.251957299870583,0.385591596364975,0.38563239574432373,168.898399999307,221.33539999776985,0.10310874879360199,-0.009145826815810665,4.079937934875488e-05
1175,1335,001335,21.59345738976625,21.3964271698787,0.3813669979572296,0.3231508731842041,149.520200000552,220.01839999938966,0.10004185140132904,-0.19703021988755154,-0.05821612477302551
1176,1336,001336,28.15124971544457,28.06236167710166,0.6865715980529785,0.680538535118103,157.71959999983665,216.4561000026879,0.14576946198940277,-0.08888803834291181,-0.006033062934875488
1177,1337,001337,27.17757057495399,27.20379804637282,0.7225990891456604,0.725898027420044,166.55279999758932,219.06870000020717,0.13889536261558533,0.026227471418831527,0.003298938274383545
1178,1338,001338,27.373800019221925,27.524808420824826,0.7091493606567383,0.732336699962616,138.16289999886067,217.24940000058268,0.13675466179847717,0.1510084016029012,0.023187339305877686
1179,1339,001339,26.40229783340873,26.189420546641333,0.6742225885391235,0.6745641231536865,152.9869999976654,217.27820000160136,0.1267564296722412,-0.21287728676739803,0.0003415346145629883
1180,1340,001340,29.945925062457974,29.921870055555253,0.8059697151184082,0.8050733208656311,189.2535000006319,217.96630000244477,0.2386491894721985,-0.024055006902720777,-0.0008963942527770996
1181,1341,001341,37.48572073312922,37.106806325646026,0.9399190545082092,0.9343087077140808,158.59609999824897,224.20259999853442,0.21778550744056702,-0.3789144074831938,-0.005610346794128418
1182,1342,001342,38.102502664254736,38.51877103243318,0.9424286484718323,0.9443284869194031,155.98319999844534,220.3603000016301,0.21754786372184753,0.4162683681784429,0.0018998384475708008
1183,1343,001343,39.4740003246134,39.09401439218311,0.9558645486831665,0.9537200331687927,148.63250000053085,212.41169999848353,0.20633739233016968,-0.3799859324302872,-0.0021445155143737793
1184,1344,001344,24.21775124447734,24.183701898097357,0.6566921472549438,0.6594314575195312,159.46729999996023,216.30300000106217,0.2574959397315979,-0.0340493463799838,0.0027393102645874023
1185,1345,001345,22.808667493222373,22.768403878670895,0.4510584771633148,0.436641663312912,161.18289999940316,215.712799999892,0.11973462998867035,-0.040263614551477644,-0.014416813850402832
1186,1346,001346,23.20165886443516,23.14696122390586,0.458147794008255,0.43447503447532654,176.4246999991883,227.6960000017425,0.12016525119543076,-0.054697640529301594,-0.023672759532928467
1187,1347,001347,23.70321612467179,23.743822023191722,0.46389320492744446,0.47247204184532166,162.3013999997056,217.182700002013,0.18988452851772308,0.04060589851993157,0.008578836917877197
1188,1348,001348,32.15887408685841,32.07597161920401,0.9203036427497864,0.9171189069747925,166.61459999886574,219.6961999979976,0.23921947181224823,-0.08290246765439946,-0.0031847357749938965
1189,1349,001349,38.47605438229748,38.63981998695411,0.9275881052017212,0.9278709888458252,165.2974999997241,218.7010999987251,0.12710553407669067,0.16376560465663204,0.0002828836441040039
1190,1350,001350,32.01255891787986,32.06140299875896,0.6614712476730347,0.6630502343177795,148.55030000035185,215.27489999789395,0.20150481164455414,0.04884408087909975,0.001578986644744873
1191,1351,001351,35.032651376607916,34.99970720504581,0.8379825353622437,0.8350610733032227,176.41830000138725,232.00870000073337,0.13902172446250916,-0.03294417156210727,-0.002921462059020996
1192,1352,001352,23.19522470431263,23.174644653296014,0.622641921043396,0.6163278222084045,181.3531999978295,226.40300000057323,0.1815405935049057,-0.02058005101661564,-0.006314098834991455
1193,1353,001353,31.15509781143011,31.11481475294847,0.7017359733581543,0.7013604640960693,165.6199999997625,243.6691000002611,0.18265938758850098,-0.040283058481641376,-0.00037550926208496094
1194,1354,001354,30.803090639837535,30.814628896162546,0.7070029973983765,0.7050503492355347,161.1032000000705,227.13199999998324,0.1869308054447174,0.01153825632501082,-0.0019526481628417969
1195,1355,001355,30.876296719655073,30.839370150559944,0.7014183402061462,0.6976287364959717,153.37169999838807,215.77439999964554,0.18361379206180573,-0.03692656909512948,-0.0037896037101745605
1196,1356,001356,23.107886357121853,23.104173600430826,0.6334494948387146,0.6310437917709351,182.30699999912758,258.78979999833973,0.15109165012836456,-0.003712756691026442,-0.002405703067779541
1197,1357,001357,25.09796003744491,25.107112875161626,0.5795251131057739,0.5923736095428467,181.72250000134227,262.1008000023721,0.07735343277454376,0.009152837716715823,0.012848496437072754
1198,1358,001358,25.153734761370202,25.157427305884106,0.5825461149215698,0.5812140703201294,229.0075999990222,274.4444999989355,0.07694598287343979,0.0036925445139033286,-0.0013320446014404297
1199,1359,001359,25.17615410895968,25.216168502261308,0.5561892986297607,0.5475703477859497,199.99100000131875,254.68170000021928,0.0762767419219017,0.040014393301628814,-0.008618950843811035
1200,1360,001360,22.054618201814606,22.122256595620442,0.6818499565124512,0.6823088526725769,273.17760000005364,266.30870000008144,0.17479199171066284,0.06763839380583647,0.0004588961601257324
1201,1361,001361,23.395828112253785,23.372081244245273,0.3066272735595703,0.31240418553352356,200.51299999977346,252.02379999973346,0.15784426033496857,-0.023746868008512223,0.005776911973953247
1202,1362,001362,23.742708720101135,23.936659713319845,0.325510710477829,0.3095709979534149,189.67260000135866,267.09029999983613,0.1425507664680481,0.19395099321871,-0.015939712524414062
1203,1363,001363,24.110087154623553,24.09314412938558,0.3271385729312897,0.3247314691543579,188.37409999832744,267.93479999832925,0.17466656863689423,-0.01694302523797475,-0.0024071037769317627
1204,1364,001364,22.884304628415784,22.819399714633228,0.7678133249282837,0.7698153853416443,181.48629999996047,252.671599999303,0.23648907244205475,-0.0649049137825557,0.0020020604133605957
1205,1365,001365,26.370237578804968,26.288073843067746,0.8754403591156006,0.8751986622810364,174.4842999978573,254.9206999974558,0.10054519027471542,-0.0821637357372218,-0.00024169683456420898
1206,1366,001366,22.987094695061494,23.021074617291,0.7738063931465149,0.772658109664917,179.47490000005928,234.17020000124467,0.15056456625461578,0.03397992222950563,-0.0011482834815979004
1207,1367,001367,24.506124408193486,24.48633934396533,0.8363645672798157,0.8358640670776367,186.79980000160867,252.5647000002209,0.12725217640399933,-0.019785064228155846,-0.0005005002021789551
1208,1368,001368,34.81087568088223,34.690214079385335,0.8793339133262634,0.8805058002471924,190.65750000299886,276.08670000336133,0.2337673157453537,-0.12066160149689864,0.001171886920928955
1209,1369,001369,23.02457363439356,23.035380516428084,0.6514816880226135,0.6609374284744263,216.89930000138702,399.2846000001009,0.15010885894298553,0.010806882034525955,0.009455740451812744
1210,1370,001370,22.239837937459153,22.268833035292918,0.6121755838394165,0.6108713746070862,346.24600000097416,483.7255999991612,0.14771348237991333,0.028995097833764305,-0.0013042092323303223
1211,1371,001371,23.405384208693413,23.370222734944107,0.6543142795562744,0.650213897228241,375.7536000011896,573.5478999995394,0.14418244361877441,-0.03516147374930512,-0.004100382328033447
1212,1372,001372,27.551486240018946,27.587665838029693,0.7762752771377563,0.7842109799385071,384.05469999997877,496.44139999873005,0.16817140579223633,0.03617959801074733,0.007935702800750732
1213,1373,001373,28.20343335473933,28.239754245737583,0.8321923613548279,0.8334684371948242,354.5364999990852,546.5304000026663,0.268934041261673,0.03632089099825109,0.0012760758399963379
1214,1374,001374,27.47100171934765,27.384739546214057,0.8435240983963013,0.8410924077033997,440.4402000000118,591.0641000009491,0.29608821868896484,-0.08626217313359419,-0.0024316906929016113
1215,1375,001375,27.644473149349828,27.493033018837416,0.8457428812980652,0.8406189680099487,301.60999999861815,283.94610000032117,0.2920454740524292,-0.15144013051241245,-0.005123913288116455
1216,1376,001376,28.42938499475519,28.514910666547326,0.9014163613319397,0.903414249420166,244.1663999998127,306.8776000000071,0.2628627121448517,0.0855256717921371,0.0019978880882263184
1217,1377,001377,26.623043677329807,26.67280185712984,0.714504599571228,0.7183035612106323,218.28409999943688,242.12370000168448,0.18709692358970642,0.049758179800033275,0.003798961639404297
1218,1378,001378,26.427292223122652,26.396089928556886,0.6915671229362488,0.6816057562828064,160.7713999983389,221.10299999985727,0.1511048972606659,-0.031202294565765953,-0.009961366653442383
1219,1379,001379,26.693513016842502,26.594773757966422,0.717622697353363,0.7215356826782227,148.91589999751886,206.19319999968866,0.18993812799453735,-0.09873925887607982,0.003912985324859619
1220,1380,001380,26.290109203238252,26.34210767047762,0.8836718797683716,0.8905808329582214,148.86870000191266,213.3393000003707,0.2062491774559021,0.051998467239368296,0.0069089531898498535
1221,1381,001381,24.093511981356066,24.09356413946357,0.7321368455886841,0.7309683561325073,148.98850000099628,216.22719999868423,0.17319858074188232,5.215810750414107e-05,-0.0011684894561767578
1222,1382,001382,24.266864028412503,24.229049141451796,0.7431122064590454,0.7301144599914551,148.9936999969359,238.28839999987395,0.17319977283477783,-0.03781488696070667,-0.012997746467590332
1223,1383,001383,23.90642256624306,23.877692989826112,0.7326802015304565,0.7315418124198914,157.9740999986825,223.28180000113207,0.1726124882698059,-0.0287295764169464,-0.0011383891105651855
1224,1384,001384,17.632828886597455,17.57826226630432,0.6008748412132263,0.5972666144371033,159.14700000212179,232.74129999845172,0.26147913932800293,-0.05456662029313364,-0.003608226776123047
1225,1385,001385,18.270398875896632,18.212562867345977,0.7542232871055603,0.7505368590354919,171.93380000026082,223.61029999956372,0.2804480195045471,-0.05783600855065529,-0.0036864280700683594
1226,1386,001386,18.76191668529633,18.69346588233318,0.7779459953308105,0.7745214104652405,151.21910000016214,223.47199999785516,0.2819522023200989,-0.06845080296315231,-0.0034245848655700684
1227,1387,001387,18.731666124812477,18.693180367918647,0.7753355503082275,0.7722571492195129,160.89659999852302,216.18129999842495,0.2824162244796753,-0.038485756893830825,-0.0030784010887145996
1228,1388,001388,21.689754854536567,21.70308971768407,0.6303700804710388,0.6259058117866516,172.26279999886174,236.963299998024,0.22641989588737488,0.013334863147502318,-0.004464268684387207
1229,1389,001389,32.403827478175465,32.353280596093455,0.7256449460983276,0.7263615131378174,151.90609999990556,206.02800000051502,0.227044478058815,-0.05054688208200986,0.0007165670394897461
1230,1390,001390,33.09872953206734,32.86838600121019,0.7337061166763306,0.7317115664482117,147.84270000018296,218.00879999864264,0.21543173491954803,-0.23034353085714798,-0.0019945502281188965
1231,1391,001391,32.817558215005654,32.645056179839486,0.7269070744514465,0.7250808477401733,159.33270000095945,223.7691000009363,0.24208964407444,-0.17250203516616835,-0.0018262267112731934
1232,1392,001392,30.08938643810987,29.85069494055294,0.784238338470459,0.7781749367713928,161.50629999901867,219.69399999943562,0.18887372314929962,-0.2386914975569283,-0.006063401699066162
1233,1393,001393,29.525818313195987,29.54764620398914,0.7170604467391968,0.7177045345306396,157.98429999995278,272.8521000026376,0.1483384072780609,0.021827890793151283,0.0006440877914428711
1234,1394,001394,30.301316858181345,30.19574573151693,0.7312067747116089,0.7283846139907837,171.21359999873675,225.4640000028303,0.14536847174167633,-0.10557112666441526,-0.0028221607208251953
1235,1395,001395,29.43708717967653,29.326388536704073,0.7227420210838318,0.7210728526115417,222.3798999984865,230.08320000008098,0.15395142138004303,-0.11069864297245857,-0.001669168472290039
1236,1396,001396,26.655582542056926,26.655259436542945,0.7443904876708984,0.7403327226638794,165.57790000297246,236.59610000322573,0.1808798462152481,-0.0003231055139814032,-0.004057765007019043
1237,1397,001397,24.553305160213675,24.81193483091577,0.4738095998764038,0.5072020888328552,159.03199999956996,225.17139999763458,0.09885057806968689,0.25862967070209564,0.033392488956451416
1238,1398,001398,24.746905686626263,24.761557863515947,0.5084925889968872,0.5151448845863342,155.93010000156937,210.97070000178064,0.09898831695318222,0.014652176889683233,0.0066522955894470215
1239,1399,001399,24.813591920180382,24.870788201373916,0.5506848096847534,0.5566132068634033,170.25049999938346,220.25329999814858,0.09869640320539474,0.057196281193533594,0.005928397178649902
1240,1400,001400,30.33227856771703,30.422628863277335,0.8454776406288147,0.8491644859313965,159.2328999977326,217.44279999984428,0.1569509506225586,0.09035029556030594,0.003686845302581787
1241,1401,001401,34.434028870274496,34.36745119710573,0.9193977117538452,0.9191630482673645,150.0653000002785,217.83159999904456,0.259077250957489,-0.06657767316876573,-0.0002346634864807129
1242,1402,001402,34.572337572044766,34.44079064881151,0.9095607399940491,0.9092544913291931,176.45839999750024,230.364399998507,0.2791740894317627,-0.1315469232332589,-0.00030624866485595703
1243,1403,001403,33.99133632979363,33.99193304039046,0.8858874440193176,0.8841073513031006,153.02639999936218,235.2967999977409,0.30678239464759827,0.0005967105968238684,-0.001780092716217041
1244,1404,001404,23.374837313109232,23.59929628239196,0.5199818015098572,0.5285196900367737,155.12409999791998,224.42299999966053,0.11944732069969177,0.22445896928272902,0.008537888526916504
1245,1405,001405,36.314932037328425,36.344740613366156,0.8984227776527405,0.8990401029586792,154.5460000015737,233.11979999925825,0.1372433751821518,0.02980857603773046,0.0006173253059387207
1246,1406,001406,35.43064526623978,35.25215378569263,0.9528736472129822,0.9443077445030212,154.06609999990906,228.41300000072806,0.08932872861623764,-0.17849148054715158,-0.008565902709960938
1247,1407,001407,37.174101556055106,37.02535788671457,0.9019132256507874,0.9011919498443604,158.309399997961,216.13819999765838,0.13423819839954376,-0.14874366934053285,-0.000721275806427002
1248,1408,001408,32.741891395999666,32.79403095400441,0.95509272813797,0.9545117616653442,156.90679999897839,216.03630000026897,0.15188683569431305,0.05213955800474679,-0.0005809664726257324
1249,1409,001409,36.18927279368702,36.11030925172651,0.917156457901001,0.9164420962333679,151.70000000216532,235.84929999924498,0.1769610345363617,-0.07896354196050481,-0.0007143616676330566
1250,1410,001410,36.39838154828316,36.25154623775674,0.9505302309989929,0.9503720998764038,167.62549999839393,233.85749999943073,0.16517314314842224,-0.14683531052641996,-0.00015813112258911133
1251,1411,001411,36.175727952793636,36.15655099445891,0.9486883878707886,0.9483389258384705,172.58719999881578,214.00119999816525,0.15625566244125366,-0.019176958334725214,-0.00034946203231811523
1252,1412,001412,21.721568548970723,21.723564994159897,0.6999472975730896,0.7047796249389648,209.80079999935697,225.5793000003905,0.26565122604370117,0.0019964451891745227,0.004832327365875244
1253,1413,001413,21.18788694679942,21.15434857708535,0.7132071852684021,0.7112134695053101,164.93769999942742,213.19670000229962,0.283623069524765,-0.033538369714069205,-0.001993715763092041
1254,1414,001414,21.518981648949953,21.449843179194275,0.7246084213256836,0.7186854481697083,157.35169999970822,219.26149999853806,0.28287240862846375,-0.0691384697556785,-0.005922973155975342
1255,1415,001415,21.291160425287835,21.256620069620745,0.7150635123252869,0.7155517935752869,160.41049999694224,207.5167999973928,0.28311535716056824,-0.03454035566709024,0.00048828125
1256,1416,001416,31.27260013363903,31.272767217579933,0.8162412643432617,0.8154718279838562,160.79879999961122,209.94100000098115,0.15595273673534393,0.00016708394090159118,-0.0007694363594055176
1257,1417,001417,26.290348637880395,26.48148211605089,0.7359673976898193,0.7501018047332764,146.15819999744417,212.1079999997164,0.18428872525691986,0.19113347817049586,0.014134407043457031
1258,1418,001418,26.459254320514106,26.49027715741714,0.7439824938774109,0.7478646039962769,163.52360000018962,205.93980000194279,0.20362387597560883,0.03102283690303409,0.003882110118865967
1259,1419,001419,26.936552858659436,26.937515178881878,0.7757250666618347,0.7805689573287964,161.06090000175755,216.4273000016692,0.1840001791715622,0.0009623202224418037,0.00484389066696167
1260,1420,001420,25.808392501339213,25.684151199862164,0.7181837558746338,0.7066552042961121,155.10770000037155,216.09739999985322,0.2334684282541275,-0.12424130147704915,-0.011528551578521729
1261,1421,001421,29.22612598921034,29.157507959937572,0.8368082642555237,0.833034098148346,175.56390000027022,283.3043999999063,0.23464736342430115,-0.06861802927276983,-0.0037741661071777344
1262,1422,001422,30.638473189616597,30.49880511144473,0.8654544949531555,0.8626434803009033,187.25269999777083,250.15350000103354,0.21796928346157074,-0.13966807817186577,-0.0028110146522521973
1263,1423,001423,30.478985705761485,30.282901049332995,0.8623707890510559,0.8598005175590515,169.61369999989984,225.52229999928386,0.21810531616210938,-0.19608465642848927,-0.0025702714920043945
1264,1424,001424,22.265012987821574,22.352773225236792,0.6018193960189819,0.6060023903846741,156.0849000015878,208.2923000016308,0.20416706800460815,0.08776023741521755,0.004182994365692139
1265,1425,001425,26.536323182248157,26.41800875566201,0.7094604969024658,0.7065848112106323,155.4599999981292,232.9892000016116,0.22172889113426208,-0.11831442658614577,-0.002875685691833496
1266,1426,001426,26.267431503215622,26.29051367155092,0.7134711742401123,0.715641975402832,158.3557000012661,231.8675999995321,0.23080037534236908,0.023082168335296416,0.0021708011627197266
1267,1427,001427,27.30129113316003,27.312860273840315,0.7287770509719849,0.7288284301757812,170.3763000004983,217.76279999903636,0.20538419485092163,0.011569140680283141,5.137920379638672e-05
1268,1428,001428,28.521738407549325,28.49351732953918,0.9015333652496338,0.8985961675643921,150.60199999788892,222.0616999984486,0.20322075486183167,-0.028221078010144396,-0.0029371976852416992
1269,1429,001429,26.405848977282943,26.35145650909275,0.8788682818412781,0.8796907663345337,151.4205999992555,208.86479999899166,0.22561660408973694,-0.054392468190194165,0.0008224844932556152
1270,1430,001430,27.230131103085373,27.275914284455492,0.8972914218902588,0.8977038264274597,150.68869999959134,227.22979999889503,0.21540217101573944,0.04578318137011905,0.00041240453720092773
1271,1431,001431,26.58678685109436,26.569402370499276,0.878679633140564,0.8779186606407166,152.05430000060005,212.76170000055572,0.22449199855327606,-0.017384480595083573,-0.0007609724998474121
1272,1432,001432,35.682791108139256,35.67563901751989,0.956352710723877,0.955338180065155,224.0254999996978,249.0950999999768,0.14714571833610535,-0.00715209061936406,-0.0010145306587219238
1273,1433,001433,36.78820510053952,36.6747721316526,0.9573729634284973,0.9580420255661011,173.32819999865023,233.37800000081188,0.2145097702741623,-0.11343296888691867,0.0006690621376037598
1274,1434,001434,37.04640362557951,37.02109985599351,0.9575557708740234,0.959088146686554,192.62789999993402,237.82249999931082,0.2093033790588379,-0.025303769585995894,0.0015323758125305176
1275,1435,001435,37.278024387080194,37.268685008424825,0.957975447177887,0.9585095643997192,171.57940000106464,242.1095999998215,0.2089262455701828,-0.009339378655369046,0.0005341172218322754
1276,1436,001436,30.150278668939148,30.217797496587345,0.7877028584480286,0.7862200140953064,172.61019999932614,241.89860000115004,0.2247493416070938,0.06751882764819683,-0.001482844352722168
1277,1437,001437,30.056608436396882,30.18099507324747,0.7928597927093506,0.7945219278335571,173.59600000054343,236.6965999972308,0.1506354659795761,0.1243866368505877,0.001662135124206543
1278,1438,001438,29.907855275598507,30.002760888869126,0.7924090027809143,0.791378378868103,183.9884000000893,268.8012999969942,0.15057098865509033,0.09490561327061897,-0.0010306239128112793
1279,1439,001439,30.002763585905768,30.016683957386633,0.7986634969711304,0.7925586104393005,198.2611999992514,263.0836999996973,0.15677399933338165,0.013920371480864446,-0.006104886531829834
1280,1440,001440,28.236650115868144,28.174436894698577,0.8172138929367065,0.8125571608543396,207.8661000014108,275.6797000001825,0.18333794176578522,-0.062213221169567845,-0.004656732082366943
1281,1441,001441,28.15281193979539,28.21558568092883,0.7826454043388367,0.7880198359489441,222.51589999723365,288.9988999995694,0.15288600325584412,0.06277374113343726,0.005374431610107422
1282,1442,001442,27.93805968582083,27.872018584730295,0.7719489932060242,0.7678134441375732,200.11879999947269,280.84840000155964,0.14754541218280792,-0.06604110109053352,-0.004135549068450928
1283,1443,001443,27.138600920407786,27.27958975966514,0.7531032562255859,0.7555336356163025,185.00430000131018,273.4569999993255,0.14708776772022247,0.1409888392573535,0.0024303793907165527
1284,1444,001444,25.16594529838406,25.154790219438038,0.8281094431877136,0.8282347321510315,187.95030000183033,258.4859000016877,0.1894693821668625,-0.011155078946021746,0.0001252889633178711
1285,1445,001445,31.008775728136268,31.06644747741776,0.9446529746055603,0.9451242685317993,187.5690000015311,270.39070000319043,0.12566165626049042,0.05767174928149288,0.00047129392623901367
1286,1446,001446,30.91102981030355,30.88216696816626,0.9424409866333008,0.9416954517364502,174.11109999738983,246.37319999965257,0.1279340237379074,-0.028862842137289846,-0.0007455348968505859
1287,1447,001447,30.669575497219363,30.69614573281422,0.94073486328125,0.9403112530708313,194.91070000003674,325.7362000003923,0.12837819755077362,0.02657023559485694,-0.00042361021041870117
1288,1448,001448,25.068482256780893,25.193422665703935,0.5537217259407043,0.5808873176574707,191.64940000337083,264.95929999873624,0.16459864377975464,0.1249404089230417,0.027165591716766357
1289,1449,001449,36.79925698323498,37.060485390065836,0.8787246346473694,0.8792002201080322,198.13559999965946,252.55230000038864,0.21342915296554565,0.2612284068308526,0.0004755854606628418
1290,1450,001450,35.36977727361125,35.407984531445905,0.8886580467224121,0.8867117762565613,226.83690000121715,299.8905000022205,0.30062565207481384,0.038207257834656616,-0.00194627046585083
1291,1451,001451,35.57283567305175,35.53079479055553,0.8775847554206848,0.8776237964630127,327.892499997688,479.4789999978093,0.24908433854579926,-0.042040882496216625,3.904104232788086e-05
1292,1452,001452,21.92385716949972,21.88117384111424,0.5537460446357727,0.5363345146179199,345.1061000014306,493.9443000002939,0.2475862205028534,-0.04268332838547906,-0.017411530017852783
1293,1453,001453,31.338115159615807,31.625351030201006,0.8665242195129395,0.8721109628677368,364.10930000056396,529.9491000005219,0.24748852849006653,0.2872358705851994,0.005586743354797363
1294,1454,001454,32.667969544181936,32.606480416808445,0.8877990245819092,0.8870023488998413,354.72830000071554,576.62049999999,0.23803339898586273,-0.061489127373491215,-0.0007966756820678711
1295,1455,001455,33.40384830893801,33.474491653568265,0.904067873954773,0.9026535153388977,333.13750000161235,506.3956000012695,0.22531871497631073,0.07064334463025546,-0.0014143586158752441
1296,1456,001456,25.143415407913242,25.08729543333439,0.7784916758537292,0.7746016979217529,349.5196000003489,526.6068000019004,0.22210556268692017,-0.056119974578852094,-0.0038899779319763184
1297,1457,001457,23.689204032958582,23.63297394063727,0.7624019384384155,0.7589158415794373,238.2249000002048,259.0170000003127,0.2207670360803604,-0.05623009232131082,-0.0034860968589782715
1298,1458,001458,23.9431139408251,23.890255329558265,0.7808278203010559,0.7737577557563782,210.26610000262735,341.9094999990193,0.21843615174293518,-0.052858611266835,-0.007070064544677734
1299,1459,001459,23.384563480385108,23.266677042599774,0.7409788966178894,0.7348951101303101,196.3268999970751,257.7526000022772,0.22161461412906647,-0.1178864377853337,-0.006083786487579346
1300,1460,001460,24.43795982236653,24.439958039501107,0.6269170045852661,0.6318249106407166,171.47290000139037,236.09980000037467,0.13468347489833832,0.0019982171345773736,0.0049079060554504395
1301,1461,001461,25.895051247186668,25.991548506055864,0.8438385725021362,0.8483574986457825,157.51649999947404,221.0540999985824,0.3288281261920929,0.09649725886919569,0.00451892614364624
1302,1462,001462,24.70397684023864,24.759810161699708,0.771848738193512,0.7677692174911499,154.99740000086604,202.7548999976716,0.34788402915000916,0.05583332146106912,-0.0040795207023620605
1303,1463,001463,25.420703517210548,25.4141705876664,0.8029025793075562,0.8043370246887207,166.98750000068685,224.27040000184206,0.35493195056915283,-0.006532929544146526,0.0014344453811645508
1304,1464,001464,23.89198789323131,23.86947444855832,0.7222455739974976,0.728569507598877,161.17450000092504,237.96020000008866,0.1962999403476715,-0.022513444672988214,0.0063239336013793945
1305,1465,001465,35.60310478085153,35.187886137781575,0.9375036358833313,0.9373855590820312,179.53610000040499,249.2101999996521,0.4320211410522461,-0.4152186430699558,-0.00011807680130004883
1306,1466,001466,36.15014163131222,35.90651500261005,0.9359939694404602,0.9361820220947266,180.65110000316054,259.9281999973755,0.43956127762794495,-0.24362662870217378,0.00018805265426635742
1307,1467,001467,35.41151525634288,35.425337650017525,0.934123158454895,0.9351462721824646,179.72240000017337,246.5565999991668,0.432455837726593,0.013822393674644218,0.00102311372756958
1308,1468,001468,32.78412960826473,32.81937105984143,0.890442430973053,0.8913306593894958,152.29080000062822,244.64179999995395,0.17410269379615784,0.03524145157670233,0.0008882284164428711
1309,1469,001469,26.71810197771668,26.61634258653692,0.8494395017623901,0.8488733768463135,175.9977000001527,240.76339999737684,0.26239100098609924,-0.10175939117976185,-0.0005661249160766602
1310,1470,001470,24.75708291855704,24.83940878953161,0.8180984854698181,0.8185091018676758,179.84860000069602,250.7540999977209,0.26927661895751953,0.08232587097457156,0.000410616397857666
1311,1471,001471,26.556958176259712,26.51434301973098,0.8640210628509521,0.8580853343009949,189.11600000137696,248.42140000328072,0.2755654752254486,-0.04261515652873271,-0.005935728549957275
1312,1472,001472,33.21798589463028,33.436095597973896,0.8972939848899841,0.8962098956108093,175.78329999741982,245.8035000017844,0.18041886389255524,0.21810970334361457,-0.0010840892791748047
1313,1473,001473,30.370433912492683,30.33463038452934,0.5628083348274231,0.5620261430740356,180.32709999897634,242.18140000084531,0.21620512008666992,-0.03580352796334196,-0.0007821917533874512
1314,1474,001474,32.31910055828925,32.48839742232374,0.6851496696472168,0.6925557851791382,180.72689999826252,264.6762999975181,0.18475918471813202,0.16929686403449296,0.007406115531921387
1315,1475,001475,30.44181916318437,30.45345192633159,0.5761326551437378,0.5762553811073303,221.8321999971522,264.32330000170623,0.2198992818593979,0.011632763147218839,0.0001227259635925293
1316,1476,001476,24.326844674224645,24.31131849375349,0.7687444686889648,0.7668991684913635,194.26369999928284,268.57599999857484,0.21612617373466492,-0.015526180471155726,-0.0018453001976013184
1317,1477,001477,29.120462736679006,29.173155229647897,0.8450014591217041,0.8476570248603821,163.7436000019079,227.43179999815766,0.18668773770332336,0.052692492968891,0.0026555657386779785
1318,1478,001478,29.315056645306093,29.36290965882309,0.8538974523544312,0.8546745777130127,165.9555999976874,227.23770000084187,0.18782177567481995,0.047853013516995446,0.000777125358581543
1319,1479,001479,30.284320801902872,30.287899786150625,0.8680809140205383,0.868672788143158,148.13929999945685,222.20860000015819,0.16976791620254517,0.0035789842477527145,0.0005918741226196289
1320,1480,001480,24.60058821170861,24.479676287685876,0.6206948161125183,0.5984688997268677,149.27309999984573,215.11269999973592,0.16024033725261688,-0.1209119240227352,-0.022225916385650635
1321,1481,001481,27.83572205698829,27.73718929574227,0.812663733959198,0.8095947504043579,157.11200000077952,239.2753999993147,0.17913341522216797,-0.09853276124601962,-0.003068983554840088
1322,1482,001482,29.098868247888788,29.075687056571287,0.8292084336280823,0.8252593874931335,192.0419000016409,405.3472999985388,0.17805038392543793,-0.023181191317501515,-0.0039490461349487305
1323,1483,001483,27.40396593694345,27.496287178459596,0.7975844144821167,0.80120849609375,338.19059999950696,409.3511999999464,0.18341343104839325,0.09232124151614585,0.0036240816116333008
1324,1484,001484,32.158761939524496,32.28860563674133,0.9428054094314575,0.9439867734909058,202.58689999900525,269.38699999664095,0.28921785950660706,0.12984369721683464,0.0011813640594482422
1325,1485,001485,31.534458677137728,31.549285215839326,0.9078785181045532,0.9077022075653076,223.67659999872558,260.22179999927175,0.2911228537559509,0.014826538701598224,-0.00017631053924560547
1326,1486,001486,33.5942991243975,33.73029431800812,0.9380237460136414,0.9390785098075867,338.83760000026086,259.9036999999953,0.31828173995018005,0.13599519361061851,0.0010547637939453125
1327,1487,001487,32.618958764519576,32.53225716351571,0.9153932332992554,0.9142887592315674,173.76359999980195,226.5941000005114,0.27927324175834656,-0.08670160100386681,-0.0011044740676879883
1328,1488,001488,25.09058834721806,25.022976791948672,0.6872384548187256,0.6790090799331665,170.32359999939217,218.17010000086157,0.18859197199344635,-0.06761155526938722,-0.008229374885559082
1329,1489,001489,21.308950993505754,21.368366814866864,0.7564027309417725,0.7542397379875183,152.06700000271667,223.52979999777745,0.22727391123771667,0.05941582136111023,-0.0021629929542541504
1330,1490,001490,21.58258835053791,21.605438998779217,0.7413992881774902,0.7401333451271057,153.97099999972852,215.15070000168635,0.21460364758968353,0.022850648241306004,-0.0012659430503845215
1331,1491,001491,22.2338019282041,22.22261975690383,0.7761366367340088,0.7754685878753662,154.12360000118497,259.2518999990716,0.22331324219703674,-0.011182171300273325,-0.0006680488586425781
1332,1492,001492,26.824499567241915,26.887936090068656,0.891689658164978,0.8940653204917908,171.8408000015188,241.6795999997703,0.1913536787033081,0.06343652282674128,0.002375662326812744
1333,1493,001493,33.351620069168646,33.484286202993715,0.9191604256629944,0.9182606339454651,174.67259999830276,223.3656999997038,0.3696647882461548,0.13266613382506875,-0.0008997917175292969
1334,1494,001494,33.03751763007134,33.25198950851031,0.8927780389785767,0.8929378986358643,157.77419999722042,217.3597000000882,0.3940509259700775,0.21447187843897098,0.00015985965728759766
1335,1495,001495,32.770562338303954,32.86700363911821,0.8896087408065796,0.8896819353103638,150.94039999894449,220.3985999985889,0.39457079768180847,0.09644130081425573,7.319450378417969e-05
1336,1496,001496,31.316418003194563,31.265050137357257,0.9076106548309326,0.9079065918922424,163.73480000038398,224.08599999835133,0.309114009141922,-0.05136786583730668,0.00029593706130981445
1337,1497,001497,31.29929837852364,31.20310746461577,0.9076994061470032,0.9092312455177307,166.82900000159862,222.8945000024396,0.3417651653289795,-0.09619091390787204,0.001531839370727539
1338,1498,001498,31.91917096150928,31.878687277357653,0.9284005165100098,0.9272027611732483,161.4305000002787,214.32130000175675,0.3564869463443756,-0.04048368415162784,-0.0011977553367614746
1339,1499,001499,32.310701690128134,32.376668676970624,0.9304741621017456,0.9308005571365356,153.69250000003376,210.13809999931254,0.35641852021217346,0.06596698684248992,0.00032639503479003906
1340,1500,001500,28.60960675545172,28.640656142431965,0.5807825922966003,0.5858422517776489,153.68579999994836,214.2210999991221,0.16187700629234314,0.031049386980246396,0.005059659481048584
1341,1501,001501,29.423050634714357,29.41643796190175,0.7456664443016052,0.7444446682929993,158.58799999841722,216.37630000259378,0.1209002137184143,-0.0066126728126079115,-0.001221776008605957
1342,1502,001502,29.88852260062814,29.827357078658192,0.7643426060676575,0.760200560092926,152.68220000143629,223.7652000003436,0.10509585589170456,-0.06116552196994718,-0.004142045974731445
1343,1503,001503,29.51246263586478,29.53711406318768,0.7525684833526611,0.75704026222229,148.2945000025211,226.14270000121905,0.11453241854906082,0.024651427322901043,0.004471778869628906
1344,1504,001504,25.184057111917188,25.1605531219364,0.5508145689964294,0.5384227633476257,170.63960000086809,218.35170000122162,0.10698732733726501,-0.02350398998078873,-0.012391805648803711
1345,1505,001505,26.504454554237107,26.387034220141953,0.6336396336555481,0.6131556630134583,167.71969999899738,215.78869999939343,0.16157561540603638,-0.11742033409515429,-0.020483970642089844
1346,1506,001506,26.71709366953438,26.69190894042614,0.6312043070793152,0.6270038485527039,156.06269999989308,205.80519999930402,0.15311600267887115,-0.02518472910823988,-0.004200458526611328
1347,1507,001507,28.38247302810398,28.343730619892593,0.6859357953071594,0.6783105134963989,160.25309999895399,211.16429999892716,0.1293017715215683,-0.038742408211387414,-0.007625281810760498
1348,1508,001508,22.76326056801329,22.74680127778923,0.7330849170684814,0.7301084399223328,151.2762999991537,236.58530000102473,0.2111814171075821,-0.01645929022405923,-0.0029764771461486816
1349,1509,001509,19.19600406961547,19.23927763403237,0.561316192150116,0.5609820485115051,164.0012999996543,206.8102999983239,0.24883612990379333,0.0432735644169,-0.00033414363861083984
1350,1510,001510,19.349444380829702,19.369738811979733,0.560397744178772,0.5635986328125,152.34260000215727,217.74740000182646,0.24872823059558868,0.020294431150031045,0.0032008886337280273
1351,1511,001511,19.158749683911893,19.17095135140179,0.5550345182418823,0.5538427233695984,162.86059999765712,205.68469999852823,0.24870899319648743,0.012201667489897261,-0.0011917948722839355
1352,1512,001512,32.349138723704144,32.48191508139907,0.9233306646347046,0.9234303832054138,149.0196000013384,313.8387999970291,0.1995510458946228,0.13277635769492946,9.971857070922852e-05
1353,1513,001513,25.433426863494212,25.33022730054028,0.7100335955619812,0.6930859088897705,174.33800000071642,240.2678999969794,0.11357434839010239,-0.1031995629539324,-0.016947686672210693
1354,1514,001514,26.144618807920935,26.140554707426872,0.7456621527671814,0.7469503879547119,170.47079999974812,239.40399999992223,0.10688203573226929,-0.0040641004940624725,0.0012882351875305176
1355,1515,001515,26.09139731248537,26.066176217834645,0.7320153713226318,0.7380731701850891,168.8525000026857,235.03790000177105,0.10740600526332855,-0.02522109465072475,0.006057798862457275
1356,1516,001516,23.443165258707104,23.467804429250293,0.7744625210762024,0.771784782409668,164.51170000073034,225.76440000193543,0.22566667199134827,0.024639170543188982,-0.002677738666534424
1357,1517,001517,33.50662948443646,33.53349612214864,0.8766961097717285,0.8779271841049194,157.34150000207592,222.11999999854015,0.13186302781105042,0.026866637712181785,0.001231074333190918
1358,1518,001518,33.36982285840793,33.55881017586122,0.8884237408638,0.8907856345176697,178.4423000026436,259.26090000211843,0.1506158411502838,0.18898731745328945,0.002361893653869629
1359,1519,001519,33.463367109374964,33.48906774247653,0.8921215534210205,0.8915795683860779,217.62889999808976,275.45570000074804,0.15201981365680695,0.025700633101564563,-0.000541985034942627
1360,1520,001520,28.227425536866125,28.266114620562547,0.7805529832839966,0.7862725853919983,181.2528000009479,248.2797999982722,0.2052096128463745,0.03868908369642199,0.005719602108001709
1361,1521,001521,30.07134194758159,30.156499673342427,0.8215171098709106,0.8249903917312622,175.9794999998121,259.4440000029863,0.20472942292690277,0.08515772576083691,0.0034732818603515625
1362,1522,001522,30.541251235312878,30.733780314190035,0.8309201598167419,0.8373092412948608,193.14460000168765,289.9321999975655,0.20343883335590363,0.19252907887715764,0.0063890814781188965
1363,1523,001523,30.500088445742733,30.378022711681552,0.829605221748352,0.8238601088523865,189.9462000001222,286.7743999995582,0.20395895838737488,-0.12206573406118082,-0.005745112895965576
1364,1524,001524,28.967704882291464,29.0276006921409,0.8895356059074402,0.8924099206924438,198.3844999995199,268.05639999656705,0.17866919934749603,0.05989580984943643,0.002874314785003662
1365,1525,001525,40.537638029392504,40.53820845482573,0.9591235518455505,0.9589954614639282,199.6398000010231,253.31919999734964,0.21390429139137268,0.0005704254332243863,-0.00012809038162231445
1366,1526,001526,39.57685923885718,39.57785730379212,0.9525275826454163,0.953044593334198,170.68470000231173,245.60249999922235,0.21404683589935303,0.000998064934940146,0.0005170106887817383
1367,1527,001527,38.791354490004444,38.623427138164956,0.9476760625839233,0.9465373754501343,187.38910000320175,299.09390000102576,0.20892305672168732,-0.16792735183948793,-0.0011386871337890625
1368,1528,001528,25.035236687004968,24.838363005966162,0.7722256779670715,0.7614963054656982,202.85430000149063,292.0836999983294,0.11806251853704453,-0.19687368103880587,-0.010729372501373291
1369,1529,001529,30.731267501074115,30.8205085765277,0.6744017601013184,0.6801061034202576,195.17329999871436,270.32970000072964,0.12626560032367706,0.08924107545358595,0.005704343318939209
1370,1530,001530,30.09719269226732,30.18413735909279,0.6452406644821167,0.6454002857208252,186.20910000026925,268.1616000008944,0.1319257766008377,0.08694466682547031,0.0001596212387084961
1371,1531,001531,30.739141511859685,30.812644075839156,0.6662429571151733,0.6770510077476501,200.55719999800203,272.63590000075055,0.13098248839378357,0.07350256397947064,0.010808050632476807
1372,1532,001532,34.9142045075833,34.75217143231819,0.8345150947570801,0.8285399675369263,208.8177999976324,265.8718000020599,0.16833841800689697,-0.16203307526510713,-0.005975127220153809
1373,1533,001533,26.006603141293688,25.97439150686835,0.8360507488250732,0.8322778344154358,198.80580000244663,249.83439999778057,0.11674727499485016,-0.032211634425337365,-0.003772914409637451
1374,1534,001534,27.055964701660624,26.973510687853206,0.8559277057647705,0.8416757583618164,172.1923999975843,226.6654999984894,0.10033669322729111,-0.08245401380741768,-0.014251947402954102
1375,1535,001535,26.71484546961438,26.68200848388143,0.8544790148735046,0.8492060899734497,158.6946999996144,217.52380000179983,0.10495252907276154,-0.032836985732952684,-0.005272924900054932
1376,1536,001536,23.70236182067333,23.71594081495086,0.7576157450675964,0.751741349697113,154.40289999969536,208.0707999994047,0.20558008551597595,0.013578994277526846,-0.0058743953704833984
1377,1537,001537,32.624369876434976,32.48245454806745,0.9025061726570129,0.9033449292182922,167.49039999922388,227.67119999844,0.18576399981975555,-0.1419153283675243,0.0008387565612792969
1378,1538,001538,32.73671931056372,32.778463954141166,0.908542275428772,0.9111120700836182,163.6346000013873,229.0251000013086,0.14251874387264252,0.04174464357744512,0.0025697946548461914
1379,1539,001539,33.29345918239963,33.269706838496795,0.916069746017456,0.9158271551132202,164.32939999867813,220.4948000035074,0.14247103035449982,-0.023752343902835094,-0.00024259090423583984
1380,1540,001540,32.13246017492822,32.24552283194124,0.933010458946228,0.9350400567054749,151.08589999726973,225.6506999983685,0.32079213857650757,0.11306265701301754,0.002029597759246826
1381,1541,001541,25.950367299997595,25.859450618079045,0.7242352962493896,0.7196775078773499,152.17440000196802,223.40230000190786,0.10029878467321396,-0.09091668191855007,-0.004557788372039795
1382,1542,001542,26.91548916443459,26.941270878188526,0.7643447518348694,0.7641730308532715,158.45080000144662,217.49170000111917,0.09611552953720093,0.02578171375393623,-0.0001717209815979004
1383,1543,001543,26.706969732691533,26.8087215255265,0.7605134844779968,0.7620568871498108,153.3450000024459,215.45849999893107,0.09452151507139206,0.1017517928349676,0.0015434026718139648
1384,1544,001544,24.626742465450313,24.593129164913627,0.746635913848877,0.7374584078788757,168.01209999903222,223.95310000138124,0.13894158601760864,-0.0336133005366861,-0.00917750597000122
1385,1545,001545,31.657004001611693,31.537465565678396,0.8610497713088989,0.8579223155975342,151.87190000142436,217.5481000012951,0.11682511121034622,-0.11953843593329694,-0.003127455711364746
1386,1546,001546,30.964426891788364,31.08590433147881,0.8457530736923218,0.8467342257499695,150.02120000281138,221.13829999943846,0.11459396779537201,0.12147743969044811,0.000981152057647705
1387,1547,001547,32.36686911873076,32.23168311938909,0.8577299118041992,0.8561532497406006,158.57099999993807,220.42659999715397,0.1120135709643364,-0.1351859993416724,-0.0015766620635986328
1388,1548,001548,28.337470186290417,28.423805268989778,0.9053677320480347,0.9066988229751587,146.28909999737516,219.04219999851193,0.1435171365737915,0.0863350826993603,0.0013310909271240234
1389,1549,001549,27.01693333715635,26.922047129468908,0.8214577436447144,0.8167867064476013,164.24219999680645,263.2961000017531,0.14168280363082886,-0.09488620768744127,-0.004671037197113037
1390,1550,001550,29.799230449803957,29.777326479198926,0.8698166012763977,0.869199812412262,209.87109999987297,267.86429999992833,0.1409178525209427,-0.02190397060503102,-0.0006167888641357422
1391,1551,001551,29.369371475371633,29.241466116048407,0.8479202389717102,0.8453723192214966,193.00250000014785,242.18290000135312,0.12715628743171692,-0.12790535932322555,-0.002547919750213623
1392,1552,001552,21.83254553395393,21.84779142923462,0.7872905135154724,0.7878425121307373,161.9548999988183,214.8479999996198,0.2657635509967804,0.01524589528068887,0.0005519986152648926
1393,1553,001553,25.863211802672758,25.818943603898376,0.7246612310409546,0.720514178276062,150.80260000104317,215.87839999847347,0.28928452730178833,-0.04426819877438248,-0.004147052764892578
1394,1554,001554,25.591055378897245,25.592263788191385,0.7121912837028503,0.7117334008216858,151.54039999833913,229.73190000266186,0.2889882028102875,0.0012084092941400115,-0.0004578828811645508
1395,1555,001555,25.815942090145327,25.774612054671447,0.7269855737686157,0.7263448238372803,170.2294000024267,224.68149999986053,0.2897537052631378,-0.041330035473880145,-0.0006407499313354492
1396,1556,001556,28.870906918644618,28.80555124781139,0.8920441269874573,0.8876237273216248,146.65919999970356,211.0757000009471,0.19733431935310364,-0.06535567083322746,-0.0044203996658325195
1397,1557,001557,19.1542343999216,19.195723975675104,0.5260345935821533,0.5129099488258362,157.67390000110026,208.34340000146767,0.2248428910970688,0.04148957575350565,-0.013124644756317139
1398,1558,001558,18.337979273087132,18.370935360298514,0.50968998670578,0.48131176829338074,170.21419999946374,218.74799999932293,0.2251857966184616,0.03295608721138166,-0.028378218412399292
1399,1559,001559,19.07589543368684,19.06727244013584,0.5364776253700256,0.5269308090209961,150.52120000109426,212.2445000022708,0.22006896138191223,-0.008622993550996938,-0.009546816349029541
1400,1560,001560,27.777810899251975,27.656161165655124,0.8601251840591431,0.8602721095085144,169.64240000015707,218.1438999978127,0.23300330340862274,-0.1216497335968505,0.0001469254493713379
1401,1561,001561,24.909015315212976,24.92672039963501,0.8465880155563354,0.8484506607055664,165.52539999975124,221.3660000015807,0.29318341612815857,0.017705084422033224,0.001862645149230957
1402,1562,001562,25.238077608569725,25.187555949068265,0.8456258177757263,0.8438547253608704,157.86740000112331,224.56329999840818,0.2824779748916626,-0.05052165950145948,-0.001771092414855957
1403,1563,001563,25.67385774989521,25.611813399677473,0.8567386269569397,0.8557190895080566,160.45139999914682,230.22649999984424,0.28203728795051575,-0.06204435021773591,-0.0010195374488830566
1404,1564,001564,33.577882860970554,33.60897936955942,0.9314170479774475,0.9323832988739014,159.54659999988507,213.03999999872758,0.2925204336643219,0.03109650858886681,0.0009662508964538574
1405,1565,001565,29.086219722026406,28.976041333916463,0.8758078217506409,0.8719227910041809,212.62379999825498,229.67659999994794,0.28538382053375244,-0.11017838810994363,-0.003885030746459961
1406,1566,001566,28.96917838770444,28.87827473461077,0.8747455477714539,0.8697993755340576,162.38690000318456,241.08179999893764,0.27904215455055237,-0.09090365309366888,-0.00494617223739624
1407,1567,001567,28.76093299693073,28.69384525581078,0.8695172071456909,0.8685018420219421,169.54489999989164,211.08730000196374,0.2844887971878052,-0.06708774111995197,-0.0010153651237487793
1408,1568,001568,30.21476552174944,30.090396894744455,0.6414386034011841,0.6246866583824158,163.69330000088667,217.91790000133915,0.11772213876247406,-0.12436862700498708,-0.01675194501876831
1409,1569,001569,27.865826557474136,28.091151952050815,0.4582378566265106,0.49129718542099,160.6112999979814,219.32119999837596,0.0842738151550293,0.22532539457667866,0.03305932879447937
1410,1570,001570,28.159012755607037,28.130204567895746,0.5011357665061951,0.4989129900932312,160.65789999993285,217.53330000137794,0.08663637936115265,-0.028808187711291566,-0.002222776412963867
1411,1571,001571,28.15301114939733,27.899653965811595,0.5227547287940979,0.4839314818382263,161.6881000009016,224.75889999986975,0.09260543435811996,-0.25335718358573445,-0.03882324695587158
1412,1572,001572,20.33192812511839,20.32430035973261,0.5713418126106262,0.5665589570999146,167.74340000119992,228.0417000001762,0.17538262903690338,-0.007627765385780805,-0.00478285551071167
1413,1573,001573,20.47582697828854,20.423470361968505,0.6558809876441956,0.6550183892250061,163.01979999843752,219.01319999960833,0.2953837811946869,-0.05235661632003641,-0.0008625984191894531
1414,1574,001574,20.65177892958399,20.71484413858358,0.6673656702041626,0.6632833480834961,158.54590000162716,233.3286000030057,0.294975221157074,0.06306520899958912,-0.004082322120666504
1415,1575,001575,20.37948172528482,20.38889032870127,0.6485677361488342,0.6559745669364929,158.9650999994774,226.13169999749516,0.2757272720336914,0.009408603416449779,0.007406830787658691
1416,1576,001576,26.12762315990388,26.04985369621787,0.768857479095459,0.7641292810440063,154.46069999961765,226.51910000058706,0.2097008377313614,-0.07776946368601045,-0.004728198051452637
1417,1577,001577,34.51265986798881,34.8872521127948,0.9385297894477844,0.9385977387428284,163.41929999907734,228.27129999859608,0.07832883298397064,0.37459224480598863,6.794929504394531e-05
1418,1578,001578,34.74524331674678,34.987314222689555,0.9345222115516663,0.9348024725914001,183.0035000020871,220.42399999918416,0.08270763605833054,0.24207090594277503,0.0002802610397338867
1419,1579,001579,34.550487514357,34.92665567921121,0.9346848726272583,0.9359720349311829,148.850699999457,213.37639999910607,0.08022437989711761,0.37616816485420657,0.0012871623039245605
1420,1580,001580,36.40500176947774,36.39647185240869,0.9378811120986938,0.9378091096878052,149.86929999940912,214.2362000013236,0.19066433608531952,-0.008529917069054704,-7.200241088867188e-05
1421,1581,001581,36.349726304061576,36.2772817217961,0.9339249134063721,0.9330220818519592,148.36060000016005,209.1638999991119,0.16250082850456238,-0.07244458226547579,-0.0009028315544128418
1422,1582,001582,36.414822532982356,36.34291916336385,0.9335950613021851,0.9341084361076355,161.00699999878998,204.16649999970105,0.17037731409072876,-0.07190336961850363,0.0005133748054504395
1423,1583,001583,33.881230264609094,33.95841900920675,0.8953601717948914,0.8957288265228271,152.95880000121542,227.0530999994662,0.22156916558742523,0.07718874459765601,0.000368654727935791
1424,1584,001584,20.78012599653221,20.727015298003323,0.5849131345748901,0.5661407113075256,175.27589999735937,215.23059999890393,0.21632400155067444,-0.0531106985288865,-0.018772423267364502
1425,1585,001585,23.174737241570853,23.129328421682604,0.6915677785873413,0.6813926100730896,155.91940000012983,211.6779999996652,0.22663353383541107,-0.045408819888248075,-0.010175168514251709
1426,1586,001586,23.114382597020832,23.131147206671777,0.7138990759849548,0.7184133529663086,158.7221000008867,220.58130000004894,0.24094687402248383,0.01676460965094506,0.00451427698135376
1427,1587,001587,23.341201515298465,23.31735485029139,0.7261533737182617,0.7254778146743774,165.00059999816585,218.15549999882933,0.24342113733291626,-0.023846665007074108,-0.0006755590438842773
1428,1588,001588,31.23557700389426,31.26012315008029,0.7020086050033569,0.7001670598983765,155.98449999743025,216.03669999967678,0.15479643642902374,0.02454614618602946,-0.0018415451049804688
1429,1589,001589,22.787781076996467,22.80718242262531,0.7336821556091309,0.738372802734375,160.8864999980142,246.4611999967019,0.2331840842962265,0.019401345628843103,0.004690647125244141
1430,1590,001590,21.98844790259008,21.97339004917339,0.7480428814888,0.7463687062263489,147.26940000036848,216.09349999926053,0.25001445412635803,-0.015057853416692524,-0.0016741752624511719
1431,1591,001591,22.215905578593798,22.271829099707215,0.7460068464279175,0.7497260570526123,145.71090000026743,219.70370000053663,0.24500672519207,0.05592352111341725,0.0037192106246948242
1432,1592,001592,25.653605825165787,25.528220992988047,0.5686089396476746,0.552524209022522,154.6398999998928,214.7845999970741,0.17017532885074615,-0.12538483217774044,-0.016084730625152588
1433,1593,001593,26.316973085496997,26.393198011404742,0.4586259424686432,0.4644091725349426,158.04299999945215,208.8231999987329,0.17409494519233704,0.07622492590774499,0.0057832300662994385
1434,1594,001594,28.960319290708334,28.861291054051634,0.6239312887191772,0.6191362142562866,152.5538999994751,218.63870000015595,0.1672152578830719,-0.09902823665670013,-0.004795074462890625
1435,1595,001595,29.0791203885281,29.041286914011533,0.621258556842804,0.6154865026473999,155.50059999804944,263.05149999825517,0.16670803725719452,-0.03783347451656738,-0.005772054195404053
1436,1596,001596,29.123061324701762,29.164207448928984,0.4961071014404297,0.5046398639678955,168.5042000026442,238.10600000069826,0.21284563839435577,0.04114612422722175,0.00853276252746582
1437,1597,001597,27.986515807838988,27.95352982811889,0.774402379989624,0.7714369893074036,166.3139999982377,222.62179999961518,0.2970413565635681,-0.03298597972009887,-0.002965390682220459
1438,1598,001598,27.43736841748302,27.40340497533138,0.7430448532104492,0.7456424236297607,173.05230000056326,225.3552000001946,0.32083141803741455,-0.03396344215164149,0.0025975704193115234
1439,1599,001599,28.211756064558333,28.137141660714242,0.7989526987075806,0.7947531342506409,151.21300000100746,223.02209999907063,0.2960699796676636,-0.07461440384409102,-0.004199564456939697
1440,1632,001632,23.54190061607347,23.55989852673554,0.7394155263900757,0.7421206831932068,173.88680000294698,234.86640000191983,0.219254732131958,0.017997910662071348,0.0027051568031311035
1441,1633,001633,29.597584073436067,29.65463337042881,0.6232138276100159,0.6252642273902893,145.58709999982966,209.64339999773074,0.19558049738407135,0.0570492969927443,0.0020503997802734375
1442,1634,001634,29.742565351725393,29.742023114370554,0.6269042491912842,0.628090500831604,169.7189000005892,207.26029999786988,0.19482746720314026,-0.000542237354839159,0.0011862516403198242
1443,1635,001635,34.964856434422586,34.70720361607054,0.9360644817352295,0.9353132247924805,147.12069999950472,212.81959999760147,0.12637543678283691,-0.25765281835204945,-0.0007512569427490234
1444,1636,001636,21.34355430573695,21.198408348207288,0.8205874562263489,0.8043574690818787,154.32350000264705,213.13129999907687,0.33240625262260437,-0.14514595752966386,-0.016229987144470215
1445,1637,001637,23.790232268867317,23.6977977109531,0.7713627815246582,0.7741274833679199,152.08580000035,215.8291999985522,0.22051745653152466,-0.09243455791421695,0.0027647018432617188
1446,1638,001638,22.527548495005178,22.393539718448004,0.7657784819602966,0.7611108422279358,159.19949999806704,218.53460000056657,0.2027941644191742,-0.1340087765571738,-0.00466763973236084
1447,1639,001639,22.858434184349345,22.69928511570301,0.7607672810554504,0.7539513111114502,161.6226000005554,210.56119999775547,0.21087847650051117,-0.15914906864633593,-0.006815969944000244
1448,1640,001640,28.157248011534257,28.097721008204747,0.7478241324424744,0.7539524435997009,148.87409999937518,211.22839999952703,0.09807821363210678,-0.05952700332951011,0.0061283111572265625
1449,1641,001641,32.38394298215415,32.31186123013516,0.7815911769866943,0.7757756114006042,153.50149999721907,221.37389999988955,0.06781100481748581,-0.07208175201899536,-0.005815565586090088
1450,1642,001642,29.83065528093926,29.837766675001593,0.7247037887573242,0.7257865071296692,147.39660000122967,216.3051000025007,0.0882491022348404,0.0071113940623313,0.0010827183723449707
1451,1643,001643,33.529918300945134,33.51339944193158,0.8258261680603027,0.8258497714996338,172.42830000031972,222.65060000063386,0.06828329712152481,-0.016518859013551435,2.3603439331054688e-05
1452,1644,001644,28.53943793662777,28.594814876561006,0.8113468885421753,0.8166045546531677,159.76039999804925,218.6784000004991,0.247096449136734,0.055376939933236,0.005257666110992432
1453,1645,001645,30.963428469289788,30.837613692140387,0.943020761013031,0.9425092935562134,153.25529999972787,209.1571999990265,0.2930813729763031,-0.12581477714940092,-0.000511467456817627
1454,1646,001646,30.950686480118407,30.86630605208748,0.943001925945282,0.9427712559700012,164.17279999950551,215.02489999693353,0.29387927055358887,-0.08438042803092571,-0.00023066997528076172
1455,1647,001647,29.867514774736797,29.750974098599677,0.9289104342460632,0.9281559586524963,147.34909999970114,220.28359999967506,0.33762606978416443,-0.11654067613712016,-0.0007544755935668945
1456,1648,001648,22.965960503780384,23.025628534609158,0.6674879789352417,0.6707399487495422,155.7716999996046,268.2117999975162,0.23585137724876404,0.059668030828774477,0.003251969814300537
1457,1649,001649,30.59503394500944,30.52315640766611,0.8289721608161926,0.8287913203239441,171.06930000227294,215.97929999916232,0.12761548161506653,-0.07187753734332958,-0.00018084049224853516
1458,1650,001650,30.9588385331111,30.786066556488763,0.8334354758262634,0.8307130336761475,155.55049999966286,216.1331000024802,0.12760630249977112,-0.1727719766223359,-0.002722442150115967
1459,1651,001651,31.51428825803201,31.412668915980912,0.8491469621658325,0.8471810221672058,205.44060000247555,219.91970000090078,0.13030272722244263,-0.10161934205109802,-0.001965939998626709
1460,1652,001652,34.2750811124762,34.37173144506735,0.8872489333152771,0.8892049193382263,155.83370000240393,233.2700000006298,0.18207910656929016,0.09665033259114608,0.0019559860229492188
1461,1653,001653,27.297875208102802,27.19922978911982,0.5708585977554321,0.5674517154693604,154.76549999948475,236.1300000011397,0.17861540615558624,-0.09864541898298285,-0.0034068822860717773
1462,1654,001654,27.924179629329178,27.82749810491766,0.6119528412818909,0.613148033618927,175.56870000044,221.98460000072373,0.20087146759033203,-0.0966815244115189,0.0011951923370361328
1463,1655,001655,27.70539574428883,27.725703628560293,0.6046366095542908,0.6064770221710205,172.5698000009288,261.5847999986727,0.20133554935455322,0.020307884271463905,0.0018404126167297363
1464,1656,001656,29.287136869532088,29.254598540369535,0.896665096282959,0.8954296708106995,180.90420000226004,232.64430000199354,0.2445760816335678,-0.03253832916255206,-0.0012354254722595215
1465,1657,001657,27.507424199975134,27.519323554283336,0.7904091477394104,0.7915844917297363,184.42969999887282,247.928699998738,0.24916118383407593,0.011899354308201993,0.0011753439903259277
1466,1658,001658,25.892442795716622,25.671376104580528,0.7017381191253662,0.7002420425415039,173.12739999761106,235.64429999896674,0.26060429215431213,-0.22106669113609456,-0.0014960765838623047
1467,1659,001659,27.680163704575826,27.62940402694891,0.8007594347000122,0.8022338151931763,172.91320000003907,232.24390000177664,0.250824898481369,-0.05075967762691391,0.0014743804931640625
1468,1660,001660,30.668942584857678,30.697367456404603,0.8819022178649902,0.8858949542045593,186.06179999915184,273.15050000106567,0.18544529378414154,0.028424871546924635,0.003992736339569092
1469,1661,001661,31.46755049766458,31.349308400870164,0.9342885613441467,0.9323483109474182,179.06280000170227,237.18379999991157,0.27356722950935364,-0.11824209679441466,-0.0019402503967285156
1470,1662,001662,30.34076870652445,30.3088375712938,0.9127126336097717,0.916025698184967,176.54039999979432,252.54020000284072,0.2301076203584671,-0.03193113523064994,0.0033130645751953125
1471,1663,001663,30.421236429861146,30.341650784054536,0.9227746725082397,0.9231365323066711,178.55580000104965,265.20180000079563,0.273632287979126,-0.07958564580660976,0.0003618597984313965
1472,1664,001664,22.59990174840082,22.515180977272678,0.6541112065315247,0.6425973773002625,180.56979999892064,250.07169999662437,0.23005513846874237,-0.08472077112814347,-0.011513829231262207
1473,1665,001665,23.52274526313642,23.55797221197829,0.5820471048355103,0.5820243954658508,173.80469999989145,248.13839999842457,0.24310500919818878,0.035226948841867056,-2.2709369659423828e-05
1474,1666,001666,23.964554684200937,23.834705108931225,0.5291282534599304,0.5104737281799316,179.17010000019218,310.9593000008317,0.23486186563968658,-0.12984957526971286,-0.01865452527999878
1475,1667,001667,23.985975386905743,23.88415677477485,0.5868859887123108,0.5867767930030823,189.67370000245865,258.7711999985913,0.2555236220359802,-0.1018186121308915,-0.00010919570922851562
1476,1668,001668,21.534594992864314,21.490017233797538,0.7135720252990723,0.7060878276824951,182.97750000056112,276.04239999709534,0.35668525099754333,-0.04457775906677597,-0.0074841976165771484
1477,1669,001669,21.637336357624783,21.61240209835107,0.29454031586647034,0.32280948758125305,188.71260000014445,262.00080000126036,0.12427280843257904,-0.02493425927371362,0.028269171714782715
1478,1670,001670,21.77574387183978,21.712417682674797,0.30845749378204346,0.2765229642391205,197.2051000011561,253.97499999962747,0.12329547852277756,-0.06332618916498234,-0.031934529542922974
1479,1671,001671,22.999202212605212,23.105629813149985,0.29275399446487427,0.34906333684921265,175.35440000210656,261.42410000102245,0.10675393790006638,0.10642760054477307,0.05630934238433838
1480,1672,001672,28.593135936880998,28.67282202874467,0.8219829201698303,0.8224645853042603,210.66339999742922,293.00440000224626,0.24048954248428345,0.07968609186367104,0.00048166513442993164
1481,1673,001673,33.50975215569013,33.372566916954355,0.8993838429450989,0.8972116112709045,310.6490999998641,428.0001999977685,0.11200647801160812,-0.13718523873577482,-0.002172231674194336
1482,1674,001674,32.477627379202076,32.55641257538752,0.879789412021637,0.8838861584663391,301.6042999988713,421.39030000180355,0.11228441447019577,0.07878519618544289,0.0040967464447021484
1483,1675,001675,32.225996657226005,32.19047239003013,0.8821813464164734,0.8797501921653748,352.024399999209,527.4033999994572,0.11218862235546112,-0.03552426719587487,-0.002431154251098633
1484,1676,001676,23.47021557551456,23.584375998833643,0.8148056864738464,0.8128470778465271,367.74549999972805,490.449400000216,0.23144187033176422,0.11416042331908471,-0.001958608627319336
1485,1677,001677,29.387953060135303,29.440554139719225,0.7993209958076477,0.8068463206291199,381.7832999993698,512.2162999978173,0.12769636511802673,0.05260107958392268,0.007525324821472168
1486,1678,001678,28.48499966477116,28.51222704182884,0.7997391819953918,0.8017047047615051,335.9896000001754,514.2035999997461,0.13276870548725128,0.027227377057680968,0.0019655227661132812
1487,1679,001679,25.250857453044198,25.230650149518027,0.7488077282905579,0.7488419413566589,390.085300001374,497.2905999966315,0.1407872587442398,-0.020207303526170506,3.421306610107422e-05
1488,1680,001680,28.946936761555904,28.90092846503105,0.8109583258628845,0.8177592158317566,316.7410000023665,512.4332000013965,0.2447558343410492,-0.046008296524853165,0.00680088996887207
1489,1681,001681,28.56612912936353,28.39709630022827,0.9269306063652039,0.9211576581001282,379.31939999907627,469.90310000182944,0.21411724388599396,-0.1690328291352614,-0.005772948265075684
1490,1682,001682,29.43134016929401,29.30413407639202,0.9362089037895203,0.935264527797699,352.4906999991799,510.0112999971316,0.21316760778427124,-0.12720609290198936,-0.0009443759918212891
1491,1683,001683,27.75165927448976,27.65760262140047,0.9235875606536865,0.9224116802215576,340.7292000010784,545.6629000000248,0.21917402744293213,-0.09405665308928945,-0.0011758804321289062
1492,1684,001684,26.68721627197247,26.634451189588283,0.7424867749214172,0.7411207556724548,315.15179999769316,462.52190000086557,0.21458375453948975,-0.05276508238418742,-0.0013660192489624023
1493,1685,001685,33.686930440303136,33.55176148188271,0.9573675394058228,0.9561302661895752,330.94919999712147,523.0408999996143,0.2784242033958435,-0.13516895842042942,-0.0012372732162475586
1494,1686,001686,36.404318000072095,36.96110880077296,0.9671853184700012,0.9685640931129456,383.4454999996524,425.4833000013605,0.27726054191589355,0.5567908007008668,0.001378774642944336
1495,1687,001687,34.914865050455205,34.96488141110596,0.9640995264053345,0.9638992547988892,317.82709999970393,422.11959999985993,0.2933793365955353,0.050016360650751324,-0.0002002716064453125
1496,1688,001688,24.80455202724361,24.807672094148966,0.61552494764328,0.6239477396011353,306.9359000000986,458.3376999980828,0.1880783587694168,0.003120066905356822,0.008422791957855225
1497,1689,001689,28.728620074339403,28.696729410842295,0.6437709331512451,0.6405147910118103,382.33949999994365,442.18589999945834,0.18351224064826965,-0.03189066349710856,-0.0032561421394348145
1498,1690,001690,28.620613856117693,28.60492925895837,0.640611469745636,0.6409344673156738,351.45550000015646,491.45909999788273,0.1788438856601715,-0.015684597159321356,0.0003229975700378418
1499,1691,001691,28.633215045161954,28.550311263841483,0.6355304718017578,0.6370305418968201,358.8692999983323,461.77019999959157,0.1757400929927826,-0.08290378132047138,0.0015000700950622559
1500,1692,001692,30.00089874814944,30.035353136776376,0.9200838208198547,0.9209660291671753,363.50170000150683,427.13910000020405,0.2150089591741562,0.03445438862693706,0.0008822083473205566
1501,1693,001693,27.156202318200027,27.189033715146817,0.8804317116737366,0.8818420767784119,314.346300001489,438.462599999184,0.2772768437862396,0.03283139694678994,0.001410365104675293
1502,1694,001694,27.153199927636,26.992181777110073,0.8793779611587524,0.8762562274932861,321.84410000263597,451.5224000024318,0.27402541041374207,-0.16101815052592627,-0.0031217336654663086
1503,1695,001695,26.54699380818236,26.4332385097177,0.8747733235359192,0.8722276091575623,391.7622000008123,573.6563999998907,0.27475497126579285,-0.11375529846466037,-0.0025457143783569336
1504,1696,001696,28.349893423333754,28.26085117413282,0.9136571288108826,0.9119464755058289,352.45729999951436,473.90509999968344,0.3249952495098114,-0.08904224920093284,-0.001710653305053711
1505,1697,001697,31.817991121245385,31.8004866878322,0.7198476195335388,0.7279225587844849,382.08429999940563,459.7219999996014,0.0815245658159256,-0.017504433413183307,0.008074939250946045
1506,1698,001698,29.311006588436257,29.32636114160311,0.6211793422698975,0.6220189332962036,288.4766999995918,461.94690000265837,0.08585868030786514,0.015354553166851304,0.0008395910263061523
1507,1699,001699,25.967309154622825,25.98758364113163,0.49221983551979065,0.4739384651184082,310.3969000003417,501.17450000107056,0.12799564003944397,0.02027448650880359,-0.018281370401382446
1508,1700,001700,31.149799026961396,31.090567090370122,0.9033095240592957,0.9009897112846375,361.18569999962347,454.9622999984422,0.24447590112686157,-0.05923193659127435,-0.002319812774658203
1509,1701,001701,30.32564020019233,30.271370236506705,0.8878418803215027,0.8869020938873291,301.1755000006815,417.43399999904796,0.17864133417606354,-0.054269963685623424,-0.000939786434173584
1510,1702,001702,31.24103560151633,31.33409867431681,0.8748324513435364,0.8751203417778015,324.724399997649,452.08160000038333,0.14826709032058716,0.09306307280047932,0.0002878904342651367
1511,1703,001703,29.312626293970446,29.365174877675635,0.8592270612716675,0.8610236644744873,313.31670000145095,442.9359999994631,0.16486214101314545,0.05254858370518889,0.0017966032028198242
1512,1704,001704,27.629767480281807,27.636252496665854,0.8786813616752625,0.8777739405632019,364.13180000090506,471.8232999985048,0.23966778814792633,0.006485016384047526,-0.0009074211120605469
1513,1705,001705,35.723989382030666,35.45620915144778,0.9463522434234619,0.9453334212303162,379.0052000003925,515.5083999998169,0.18513311445713043,-0.26778023058288625,-0.001018822193145752
1514,1706,001706,36.95676938513202,36.872047412674384,0.949184775352478,0.9490772485733032,361.40359999990324,399.3147000001045,0.18693029880523682,-0.08472197245763624,-0.00010752677917480469
1515,1707,001707,36.3458000829031,36.168367378200315,0.9462655782699585,0.9456472992897034,300.8884999981092,464.0670000007958,0.1781085580587387,-0.17743270470278105,-0.000618278980255127
1516,1708,001708,24.85508586944348,24.775751964645313,0.6391778588294983,0.6428727507591248,366.46400000245194,448.4526999985974,0.1501643806695938,-0.07933390479816893,0.003694891929626465
1517,1709,001709,28.671622327284663,28.67857395383171,0.9073496460914612,0.9080403447151184,338.95379999739816,504.1152999983751,0.14429061114788055,0.006951626547046175,0.0006906986236572266
1518,1710,001710,30.030397536137436,30.055700725952867,0.929696798324585,0.9293825626373291,327.8466000010667,504.80619999871124,0.13550816476345062,0.025303189815431892,-0.0003142356872558594
1519,1711,001711,29.064608773133834,29.16541993698893,0.9083312153816223,0.9086854457855225,385.9273999987636,459.12549999775365,0.1585337519645691,0.10081116385509503,0.0003542304039001465
1520,1712,001712,27.23863022794366,27.090916939489645,0.8375926613807678,0.8345751166343689,326.37119999708375,466.70300000187126,0.2937462329864502,-0.147713288454014,-0.0030175447463989258
1521,1713,001713,28.428668642066736,28.480815496415488,0.8806197047233582,0.882935643196106,331.0888999985764,516.1690000022645,0.31090790033340454,0.052146854348752214,0.0023159384727478027
1522,1714,001714,28.09755127948755,28.137487066360258,0.8741074204444885,0.8759356737136841,454.6368999981496,495.721199997206,0.31346869468688965,0.03993578687270727,0.0018282532691955566
1523,1715,001715,28.453976601213306,28.574216505277104,0.8788018226623535,0.8803479075431824,370.7274000007601,506.02860000071814,0.31043338775634766,0.12023990406379781,0.0015460848808288574
1524,1716,001716,27.33059984959493,27.285755660338417,0.8465604782104492,0.8439579606056213,400.20670000012615,537.0951999975659,0.2086006999015808,-0.044844189256512124,-0.002602517604827881
1525,1717,001717,30.662081971765947,30.6804266426211,0.7633056044578552,0.7634549736976624,358.12409999925876,457.0817999992869,0.12340721487998962,0.018344670855153566,0.0001493692398071289
1526,1718,001718,31.113086478375692,31.116687898981255,0.775457501411438,0.7785724997520447,384.0110999990429,458.56239999920945,0.11395535618066788,0.0036014206055625664,0.0031149983406066895
1527,1719,001719,30.51938015884764,30.1987719275559,0.7547873258590698,0.7335073351860046,335.87830000033136,521.9469000003301,0.11231014877557755,-0.32060823129173954,-0.021279990673065186
1528,1720,001720,36.551031738867025,36.417043932444386,0.9477192759513855,0.9462044835090637,394.92020000034245,529.5818000013242,0.22194403409957886,-0.1339878064226383,-0.0015147924423217773
1529,1721,001721,27.973822209810155,27.9712074604505,0.780572235584259,0.7843966484069824,370.10210000153165,552.3298000007344,0.15340134501457214,-0.0026147493596546667,0.0038244128227233887
1530,1722,001722,26.390037242545326,26.58861011434,0.7414178252220154,0.7607142329216003,369.0667000009853,511.7050000008021,0.1653035283088684,0.1985728717946742,0.01929640769958496
1531,1723,001723,27.1771831993713,27.181121764339863,0.7611461877822876,0.7587851881980896,362.98969999916153,480.15570000279695,0.15809541940689087,0.003938564968564151,-0.002360999584197998
1532,1724,001724,27.797743684919766,27.81701602027956,0.7685315012931824,0.773093581199646,347.7039999997942,436.72220000007655,0.15075543522834778,0.019272335359794113,0.004562079906463623
1533,1725,001725,24.702953104204486,24.623774121429484,0.7002242207527161,0.6916974782943726,265.84359999833396,272.7868000001763,0.1702323704957962,-0.07917898277500157,-0.008526742458343506
1534,1726,001726,23.937156916799488,23.963896489916415,0.6636053919792175,0.6535908579826355,222.24659999847063,280.6479999999283,0.18709878623485565,0.026739573116927318,-0.010014533996582031
1535,1727,001727,23.514566627764975,23.438859745204613,0.6754918098449707,0.6744568347930908,171.24589999730233,232.98269999941112,0.19464519619941711,-0.07570688256036107,-0.0010349750518798828
1536,1728,001728,24.469146523675903,24.458346488451244,0.8630431890487671,0.8619260787963867,160.134099998686,227.42469999866444,0.21192190051078796,-0.010800035224658444,-0.001117110252380371
1537,1729,001729,19.512229152366654,19.508241624918753,0.5773094892501831,0.583889901638031,157.92660000079195,219.85090000089258,0.18162332475185394,-0.003987527447900874,0.0065804123878479
1538,1730,001730,19.159021456265744,19.122750865065772,0.5865784883499146,0.580981969833374,153.12460000131978,207.33400000244728,0.20407940447330475,-0.03627059119997256,-0.005596518516540527
1539,1731,001731,19.113745428613395,19.099576803675614,0.5896777510643005,0.5827308893203735,153.10259999750997,208.96319999883417,0.20319350063800812,-0.01416862493778126,-0.006946861743927002
1540,1732,001732,35.12561337851193,35.0769005254664,0.8788152933120728,0.8784154057502747,149.46300000156043,226.51450000194018,0.28481560945510864,-0.048712853045529414,-0.0003998875617980957
1541,1733,001733,33.90903277487342,33.97707960673667,0.8316497802734375,0.8315617442131042,148.35200000015902,210.80910000091535,0.2231607586145401,0.06804683186325633,-8.803606033325195e-05
1542,1734,001734,34.54675691313208,34.56710143951072,0.8411567211151123,0.8370380997657776,144.5774000021629,208.90610000060406,0.15392377972602844,0.02034452637864348,-0.004118621349334717
1543,1735,001735,35.18850026660968,35.113582666249485,0.8495059609413147,0.845450758934021,160.4841000007582,231.78360000019893,0.17041289806365967,-0.07491760036019457,-0.004055202007293701
1544,1736,001736,30.099014858986735,30.100331681870948,0.8757038712501526,0.8735924363136292,168.89960000116844,219.48129999873345,0.2351256161928177,0.001316822884213309,-0.0021114349365234375
1545,1737,001737,28.722849481143676,28.751213283883796,0.8474551439285278,0.8469123840332031,149.93789999789442,211.83680000103777,0.17399027943611145,0.028363802740120292,-0.000542759895324707
1546,1738,001738,29.28072063874241,29.17315227668659,0.8690990805625916,0.8644051551818848,174.00719999932335,235.69190000125673,0.18296518921852112,-0.10756836205581877,-0.004693925380706787
1547,1739,001739,28.841537389996923,28.80392687116984,0.8547500967979431,0.8534628748893738,162.50429999854532,222.5263999971503,0.17472603917121887,-0.03761051882708344,-0.001287221908569336
1548,1740,001740,29.905788028213184,29.88789146811341,0.7745440602302551,0.773493766784668,161.42799999943236,221.65490000043064,0.123944953083992,-0.017896560099774916,-0.0010502934455871582
1549,1741,001741,30.155232817138984,30.028619978146445,0.8584575653076172,0.8580328822135925,150.66870000009658,235.96159999942756,0.1868254393339157,-0.12661283899253917,-0.0004246830940246582
1550,1742,001742,29.12567851635852,29.017789396882296,0.8290883302688599,0.8251428604125977,187.17929999911576,270.9936999999627,0.23101478815078735,-0.10788911947622282,-0.003945469856262207
1551,1743,001743,30.337667644989537,30.203582295352636,0.8735573291778564,0.8730120062828064,195.65249999868684,278.2199000030232,0.18719758093357086,-0.13408534963690144,-0.0005453228950500488
1552,1744,001744,20.79709702603386,20.805130476739983,0.55857914686203,0.5533255338668823,194.7206999975606,253.57399999847985,0.18542267382144928,0.00803345070612238,-0.005253612995147705
1553,1745,001745,20.88860199553509,20.944853648790165,0.7035014629364014,0.6965101957321167,174.10410000229604,229.68419999961043,0.2198733687400818,0.05625165325507453,-0.006991267204284668
1554,1746,001746,20.87715290746463,20.856568667348313,0.6977013945579529,0.693406343460083,156.28970000034315,211.93679999851156,0.21886856853961945,-0.02058424011631743,-0.004295051097869873
1555,1747,001747,20.399267101993615,20.35489982074097,0.6432893872261047,0.6411705017089844,154.45099999851664,226.13900000214926,0.2351682484149933,-0.044367281252643664,-0.0021188855171203613
1556,1748,001748,22.886256391911054,22.83320142491906,0.608649730682373,0.6007964611053467,165.48010000042268,238.20360000172514,0.17490707337856293,-0.053054966991993524,-0.007853269577026367
1557,1749,001749,25.944566202140656,25.977559437553044,0.6411954760551453,0.6475517749786377,174.89519999799086,220.74760000032256,0.19370749592781067,0.032993235412387634,0.006356298923492432
1558,1750,001750,26.62497750573187,26.63320759964722,0.6484801173210144,0.6543753743171692,154.52039999945555,219.2884000032791,0.156435027718544,0.008230093915351233,0.005895256996154785
1559,1751,001751,26.499486615088877,26.532895235771107,0.6556671261787415,0.6547206044197083,152.30379999775323,211.7885000006936,0.20169810950756073,0.033408620682230605,-0.0009465217590332031
1560,1752,001752,36.59365051294565,36.84979802461424,0.9300600290298462,0.9316873550415039,167.5513999980467,219.5270000011078,0.03313536196947098,0.25614751166858696,0.0016273260116577148
1561,1753,001753,23.89145807447197,23.718990575474802,0.843964159488678,0.8333272933959961,156.04999999777647,223.32189999724505,0.3021526634693146,-0.17246749899716818,-0.010636866092681885
1562,1754,001754,23.0676285007318,22.87097491920074,0.8168370723724365,0.8040665984153748,162.72080000271671,227.63729999860516,0.2954171895980835,-0.19665358153105927,-0.012770473957061768
1563,1755,001755,23.35017378117581,23.19661352438034,0.819595992565155,0.8139864206314087,155.2508000022499,242.20089999653283,0.2947903871536255,-0.15356025679546903,-0.005609571933746338
1564,1756,001756,30.1409505812226,30.04130969831367,0.8850525617599487,0.8814225196838379,151.98400000008405,209.0896999980032,0.16304296255111694,-0.09964088290893258,-0.00363004207611084
1565,1757,001757,33.818741498872356,33.58763615761858,0.8923811912536621,0.8900010585784912,195.81839999955264,230.66130000006524,0.1668250411748886,-0.23110534125377313,-0.0023801326751708984
1566,1758,001758,33.83104580852653,33.292085316436534,0.8955823183059692,0.8896083235740662,167.4416999994719,210.11659999930998,0.16606761515140533,-0.5389604920899984,-0.005973994731903076
1567,1759,001759,33.68133352448457,33.34618434221921,0.8909348249435425,0.8858439326286316,158.92490000260295,233.683899998141,0.16659066081047058,-0.3351491822653614,-0.005090892314910889
1568,1760,001760,31.25550401669967,31.200424054665135,0.7961713075637817,0.7973318696022034,155.662699999084,218.466600003012,0.32408544421195984,-0.05507996203453658,0.0011605620384216309
1569,1761,001761,25.267108858734307,25.29666721497158,0.7015196681022644,0.702942967414856,154.4809000006353,207.56660000188276,0.16126196086406708,0.029558356237274097,0.0014232993125915527
1570,1762,001762,22.747509370895763,22.740717210179877,0.6254966259002686,0.6273977756500244,150.96460000131628,231.36329999761074,0.19971992075443268,-0.006792160715885842,0.0019011497497558594
1571,1763,001763,25.917656541129745,25.78481349932908,0.6842725276947021,0.6790502667427063,177.30440000013914,230.99509999883594,0.16004738211631775,-0.13284304180066542,-0.00522226095199585
1572,1764,001764,26.130824695885195,26.082365066100955,0.4105619490146637,0.4021841883659363,172.19069999919157,237.70069999955012,0.1088467538356781,-0.04845962978424012,-0.008377760648727417
1573,1765,001765,28.84207295335644,28.92217036829863,0.4734623432159424,0.47160035371780396,176.21750000034808,251.0266999997839,0.22546838223934174,0.08009741494219114,-0.0018619894981384277
1574,1766,001766,28.952546582933635,28.964173407139416,0.4713449478149414,0.47204214334487915,168.1873000015912,227.997800000594,0.21665403246879578,0.01162682420578065,0.0006971955299377441
1575,1767,001767,29.174310082742853,29.16203558080754,0.4803321659564972,0.4744342565536499,164.2219000023033,219.93289999954868,0.2316725105047226,-0.012274501935312543,-0.00589790940284729
1576,1768,001768,32.296969434486996,32.523367127866976,0.9056782722473145,0.9067351222038269,167.16680000172346,224.469599997974,0.12054771929979324,0.22639769337997961,0.0010568499565124512
1577,1769,001769,28.021846773106965,28.070878035198685,0.7630611062049866,0.7659698128700256,160.0802000029944,226.71859999900335,0.09544633328914642,0.04903126209172015,0.0029087066650390625
1578,1770,001770,28.14213440519204,28.218192989806383,0.7649964094161987,0.7675696015357971,174.70650000177557,291.2265999984811,0.09183558076620102,0.07605858461434423,0.0025731921195983887
1579,1771,001771,28.616152594446472,28.44959723017727,0.7435950636863708,0.7353043556213379,216.1325000015495,254.446499999176,0.07675132900476456,-0.16655536426920037,-0.008290708065032959
1580,1772,001772,21.422304081435655,21.40915735034776,0.6704401969909668,0.6728476881980896,173.66829999809852,225.88270000051125,0.2511650025844574,-0.013146731087896768,0.0024074912071228027
1581,1773,001773,27.36215242120096,27.33211180145284,0.6840083003044128,0.6803054809570312,166.2770000002638,222.82690000065486,0.18098260462284088,-0.03004061974812089,-0.003702819347381592
1582,1774,001774,27.267502371047495,27.25957416916453,0.6768642067909241,0.6757797598838806,154.2777999966347,276.7506999989564,0.181783065199852,-0.007928201882965169,-0.001084446907043457
1583,1775,001775,26.497398510258456,26.501022400325517,0.6435251235961914,0.6463658213615417,149.58180000030552,231.51879999932135,0.19203276932239532,0.0036238900670610974,0.002840697765350342
1584,1776,001776,19.633810329376285,19.625914887675936,0.6752010583877563,0.676406741142273,163.15229999963776,228.13350000069477,0.23862110078334808,-0.007895441700348726,0.0012056827545166016
1585,1777,001777,22.754233599561886,22.741631194017927,0.7455508708953857,0.7462745904922485,153.13800000149058,221.64780000093742,0.2521437108516693,-0.012602405543958639,0.000723719596862793
1586,1778,001778,22.816953644203572,22.80371992246244,0.7773317694664001,0.7758270502090454,158.14440000031027,195.03019999683602,0.2511543929576874,-0.013233721741130466,-0.0015047192573547363
1587,1779,001779,22.312699245391833,22.311171185765495,0.7621722221374512,0.7587248086929321,149.77020000151242,213.33799999774783,0.2555886507034302,-0.001528059626338063,-0.003447413444519043
1588,1780,001780,28.19654079444755,28.658842649986735,0.7354298830032349,0.7996472716331482,154.91690000271774,203.90589999806252,0.06713657826185226,0.46230185553918446,0.06421738862991333
1589,1781,001781,25.258910527691892,25.374024148669662,0.29224708676338196,0.3331757187843323,149.69220000057248,230.04869999931543,0.08162607252597809,0.11511362097776967,0.04092863202095032
1590,1782,001782,26.123443290435663,26.12103994969031,0.344303697347641,0.3514871299266815,159.04330000194022,219.4368000018585,0.08206713199615479,-0.0024033407453529776,0.007183432579040527
1591,1783,001783,25.81388231064698,25.775452954817393,0.32180365920066833,0.3331640958786011,157.2234999985085,229.27059999710764,0.08449578285217285,-0.03842935582958873,0.01136043667793274
1592,1784,001784,27.17492245790123,27.11381402857208,0.8380206227302551,0.8378592729568481,153.08940000250004,217.26199999829987,0.18319648504257202,-0.06110842932914906,-0.00016134977340698242
1593,1785,001785,25.10615766361941,25.16101342814009,0.8198837637901306,0.8218793272972107,157.00740000102087,215.75819999998203,0.297905296087265,0.054855764520681305,0.001995563507080078
1594,1786,001786,25.279225455270733,25.224166071530874,0.8272219300270081,0.8238243460655212,158.63059999901452,211.30919999995967,0.2939149737358093,-0.05505938373985941,-0.0033975839614868164
1595,1787,001787,25.259670745173803,25.279449520050914,0.8224804401397705,0.8219318985939026,153.00049999859766,235.06089999864344,0.2952635586261749,0.01977877487711055,-0.0005485415458679199
1596,1788,001788,28.938876196519196,28.983864304599564,0.8811657428741455,0.8825570344924927,160.22110000267276,231.69620000044233,0.21166512370109558,0.044988108080367795,0.001391291618347168
1597,1789,001789,23.69214582653801,23.915464092374854,0.6412779688835144,0.6383280754089355,166.76690000167582,232.63320000114618,0.11916053295135498,0.2233182658368449,-0.0029498934745788574
1598,1790,001790,24.367827841677595,24.370247884470512,0.6854715943336487,0.6861298680305481,152.93039999960456,213.26960000078543,0.12953710556030273,0.0024200427929166324,0.0006582736968994141
1599,1791,001791,24.53890398057606,24.465887412379793,0.682756781578064,0.6725846529006958,161.1207000023569,208.66170000226703,0.12670719623565674,-0.07301656819626601,-0.010172128677368164
1600,1792,001792,23.390775709546435,23.39940120716799,0.4901072680950165,0.48089998960494995,148.60330000010435,223.61329999694135,0.1338001787662506,0.008625497621554956,-0.009207278490066528
1601,1793,001793,22.90210269979876,22.903222375945546,0.5960037708282471,0.5986213088035583,175.65259999901173,222.67169999759062,0.2231261432170868,0.001119676146785764,0.0026175379753112793
1602,1794,001794,22.647585639537095,22.658449293340425,0.6032698750495911,0.6019078493118286,160.26509999937844,209.0948999975808,0.22532989084720612,0.010863653803330209,-0.0013620257377624512
1603,1795,001795,22.450571105161327,22.428644832065583,0.6237021684646606,0.6207388043403625,165.04640000130166,221.38059999997495,0.2246931940317154,-0.02192627309574391,-0.0029633641242980957
1604,1796,001796,31.30299417225615,31.337967262513317,0.8525272607803345,0.847371518611908,156.21749999991152,212.81439999802387,0.0885106772184372,0.03497309025716788,-0.005155742168426514
1605,1797,001797,27.80482684308607,27.681723628667964,0.8158436417579651,0.8189886212348938,148.74629999758326,215.52359999986948,0.3708549439907074,-0.12310321441810501,0.003144979476928711
1606,1798,001798,25.7198381889489,25.690066625944674,0.7679533362388611,0.7655563354492188,156.65249999801745,229.99600000184728,0.2935948073863983,-0.029771563004224788,-0.002397000789642334
1607,1799,001799,27.6807098272279,27.444851252862335,0.8195427060127258,0.8193392157554626,161.17880000092555,233.57150000083493,0.37149739265441895,-0.23585857436556523,-0.0002034902572631836
1608,1800,001800,32.09763009070904,32.05165987450914,0.8674997687339783,0.8676833510398865,162.1701000003668,231.6651000001002,0.22370073199272156,-0.04597021619989761,0.00018358230590820312
1609,1801,001801,36.458537807206866,36.545003353595774,0.9166646003723145,0.9165112972259521,168.92100000040955,242.37739999807673,0.19520851969718933,0.08646554638890791,-0.0001533031463623047
1610,1802,001802,37.144503399991876,36.851786297156394,0.922428548336029,0.9225099086761475,175.14499999742839,233.031600000686,0.20390675961971283,-0.292717102835482,8.13603401184082e-05
1611,1803,001803,36.665521921661146,36.601545308176085,0.9200916290283203,0.9182217717170715,158.6338999986765,222.8224999998929,0.17846107482910156,-0.06397661348506034,-0.0018698573112487793
1612,1804,001804,32.0598320277831,32.10028811486219,0.9130875468254089,0.9147548675537109,159.83029999915743,248.7438000025577,0.11112288385629654,0.04045608707908599,0.001667320728302002
1613,1805,001805,26.337763453245266,26.33228753831553,0.7775108218193054,0.771919310092926,179.5797999984643,282.8545000011218,0.19597658514976501,-0.005475914929736092,-0.0055915117263793945
1614,1806,001806,25.48146946347807,25.51046176095975,0.7563641667366028,0.7488318085670471,217.59390000079293,266.75709999835817,0.20122040808200836,0.028992297481678975,-0.007532358169555664
1615,1807,001807,26.580634342121158,26.50684560611701,0.7931132316589355,0.784665048122406,168.82699999769102,221.12449999985984,0.2031172513961792,-0.07378873600414693,-0.008448183536529541
1616,1808,001808,28.00644372339764,27.87571686198811,0.8757266998291016,0.8737584352493286,161.68249999827822,212.6459999999497,0.24682025611400604,-0.13072686140953138,-0.0019682645797729492
1617,1809,001809,36.46339890915196,36.281382376300535,0.9643271565437317,0.9627419114112854,154.89439999873866,229.72099999969942,0.13349328935146332,-0.18201653285142783,-0.001585245132446289
1618,1810,001810,35.629519932901715,35.594743850869584,0.969591498374939,0.9702978730201721,156.70150000005378,213.82599999924423,0.11823325604200363,-0.03477608203213123,0.0007063746452331543
1619,1811,001811,37.418946634090126,37.66935893150485,0.9721091389656067,0.9708371162414551,151.87370000057854,214.84530000088853,0.10280711203813553,0.2504122974147265,-0.0012720227241516113
1620,1812,001812,26.231453832464556,26.140300178249966,0.784511387348175,0.7835220694541931,207.0785000032629,232.65919999903417,0.24032601714134216,-0.09115365421459032,-0.0009893178939819336
1621,1813,001813,23.833369885992973,23.87512059313388,0.8050515651702881,0.8030909299850464,167.60969999813824,229.57449999739765,0.2023496925830841,0.04175070714090623,-0.0019606351852416992
1622,1814,001814,24.311051405475705,24.240329871423,0.8260724544525146,0.8269553780555725,161.2977000004321,223.27040000163834,0.20242582261562347,-0.07072153405270498,0.0008829236030578613
1623,1815,001815,24.593952552890688,24.402933525787933,0.7822428941726685,0.7759868502616882,170.21439999734866,214.28500000183703,0.1747804880142212,-0.19101902710275454,-0.006256043910980225
1624,1816,001816,28.18076483233265,28.163013220611802,0.8414947390556335,0.8445737957954407,150.1152999990154,210.9243000013521,0.3112771809101105,-0.017751611720846938,0.003079056739807129
1625,1817,001817,32.43201009633738,32.433409445867866,0.8169195652008057,0.8175039887428284,160.96219999963068,225.63850000005914,0.24365505576133728,0.0013993495304873704,0.0005844235420227051
1626,1818,001818,32.55098228686715,32.50981694659546,0.8357657790184021,0.8368232250213623,152.24859999943874,226.87020000012126,0.25212329626083374,-0.04116534027169649,0.001057446002960205
1627,1819,001819,32.04229840634513,32.155419026623434,0.8049103021621704,0.8076895475387573,160.85770000063349,220.92700000212062,0.2659628689289093,0.11312062027830194,0.002779245376586914
1628,1820,001820,21.99023767225849,21.927620655955458,0.6560198068618774,0.657426118850708,156.47610000087298,220.99529999832157,0.20831917226314545,-0.06261701630303307,0.0014063119888305664
1629,1821,001821,22.331610906438073,22.23881438237475,0.6721604466438293,0.6542084217071533,160.2831000018341,218.0606000001717,0.22032004594802856,-0.09279652406332417,-0.017952024936676025
1630,1822,001822,21.71801335648762,21.791018213409114,0.6520349979400635,0.6526174545288086,146.86799999981304,225.94269999899552,0.21552076935768127,0.07300485692149294,0.0005824565887451172
1631,1823,001823,22.780471005781855,22.82458382136875,0.6811118125915527,0.6788807511329651,154.5336999988649,219.80310000071768,0.2242787480354309,0.04411281558689595,-0.0022310614585876465
1632,1824,001824,27.921307388955103,27.933010527616425,0.8343433737754822,0.8306618928909302,167.4949000007473,230.07030000007944,0.26687002182006836,0.011703138661321333,-0.003681480884552002
1633,1825,001825,38.09092129842008,38.185351362444635,0.9707635641098022,0.9686366319656372,154.06179999990854,225.29080000094837,0.08986834436655045,0.09443006402455723,-0.002126932144165039
1634,1826,001826,39.54638310636918,39.59919903891884,0.9739411473274231,0.9740683436393738,180.28659999981755,240.57819999870844,0.05867323279380798,0.0528159325496631,0.0001271963119506836
1635,1827,001827,42.41251100099585,42.61932637731419,0.969875156879425,0.9697021245956421,160.81150000172784,218.3705999996164,0.022899463772773743,0.2068153763183389,-0.00017303228378295898
1636,1828,001828,27.728505033514374,27.782938272199846,0.5595840811729431,0.5658514499664307,159.8941999982344,219.60290000060922,0.24716004729270935,0.054433238685472674,0.006267368793487549
1637,1829,001829,26.432173429857457,26.356573541295255,0.8375436663627625,0.8391834497451782,165.0138999975752,229.27960000015446,0.251799613237381,-0.07559988856220201,0.0016397833824157715
1638,1830,001830,26.147045653032226,26.146520729737684,0.8234739899635315,0.8257832527160645,163.8425000019197,213.00350000092294,0.24769040942192078,-0.0005249232945416793,0.002309262752532959
1639,1831,001831,25.762155119585884,25.716012738589278,0.8236046433448792,0.8219528198242188,158.01959999953397,231.49569999804953,0.24498707056045532,-0.04614238099660639,-0.0016518235206604004
1640,1832,001832,21.30373865998581,21.26855441164404,0.6093389987945557,0.5922099947929382,160.16730000046664,222.4382999993395,0.1782756894826889,-0.03518424834177125,-0.01712900400161743
1641,1833,001833,25.484841338323246,25.48461123936564,0.8028233051300049,0.8076879382133484,152.40800000174204,229.7547999987728,0.17241817712783813,-0.0002300989576049517,0.004864633083343506
1642,1834,001834,25.091520886157888,25.039317561378375,0.7947001457214355,0.8017252087593079,157.4430000000575,212.83259999836446,0.17399315536022186,-0.05220332477951217,0.0070250630378723145
1643,1835,001835,24.558092435391497,24.51190004605962,0.7832298278808594,0.782950758934021,151.461699999345,214.1620000002149,0.1774374544620514,-0.0461923893318783,-0.0002790689468383789
1644,1836,001836,23.077543242768648,23.09500125416879,0.6893328428268433,0.674841582775116,146.10439999887603,260.1781999983359,0.15542250871658325,0.017458011400140805,-0.014491260051727295
1645,1837,001837,25.892588683580747,25.94085896048822,0.7408754825592041,0.7442389726638794,169.49919999751728,236.94009999962873,0.13847148418426514,0.04827027690747343,0.003363490104675293
1646,1838,001838,25.716338680495035,25.79167224963037,0.7303470969200134,0.730095386505127,163.03809999953955,223.09099999984028,0.13867312669754028,0.07533356913533495,-0.0002517104148864746
1647,1839,001839,25.118618397925715,25.136972544739052,0.7782202363014221,0.7773968577384949,150.7863000006182,235.96719999841298,0.16000869870185852,0.018354146813337024,-0.0008233785629272461
1648,1840,001840,25.54146996133699,25.43982936849508,0.8841705918312073,0.8812717199325562,164.4668000008096,206.15280000129133,0.21088038384914398,-0.1016405928419104,-0.002898871898651123
1649,1841,001841,28.82818927620345,28.809276062594115,0.7947522401809692,0.7941260933876038,147.6250000014261,240.6848999999056,0.2483484297990799,-0.01891321360933418,-0.0006261467933654785
1650,1842,001842,29.369822773483367,29.315186121611188,0.7927750945091248,0.7925557494163513,165.49060000033933,248.25549999877694,0.2427254617214203,-0.0546366518721797,-0.0002193450927734375
1651,1843,001843,30.086593933979145,30.06468451153612,0.7992263436317444,0.7970401644706726,177.21980000351323,235.21890000120038,0.2150922268629074,-0.02190942244302363,-0.0021861791610717773
1652,1844,001844,27.15858234133654,27.135931363168314,0.6862530708312988,0.6747883558273315,148.15699999962817,232.15210000125808,0.19370369613170624,-0.022650978168226032,-0.011464715003967285
1653,1845,001845,31.455839979416226,31.43532303332846,0.7742853164672852,0.771909773349762,190.07739999869955,293.91029999897,0.08505471050739288,-0.020516946087766996,-0.0023755431175231934
1654,1846,001846,31.765802166210197,31.862399149431837,0.7881302833557129,0.7885153889656067,199.6106000005966,232.9987999983132,0.08362661302089691,0.0965969832216409,0.00038510560989379883
1655,1847,001847,31.584034984261113,31.622032662406937,0.7815433144569397,0.7786313891410828,168.06530000030762,225.83210000084364,0.0895175188779831,0.037997678145824665,-0.0029119253158569336
1656,1848,001848,19.222764198246818,19.217247155434357,0.752368688583374,0.7546299695968628,169.02009999830625,233.08819999874686,0.2959951162338257,-0.00551704281246046,0.0022612810134887695
1657,1849,001849,30.310171922409864,30.2727284938331,0.7052676677703857,0.7056018710136414,151.70360000047367,217.49799999815878,0.11732122302055359,-0.03744342857676486,0.00033420324325561523
1658,1850,001850,30.142763480684003,30.214232879563706,0.7038399577140808,0.705742359161377,153.4947000000102,214.78340000248863,0.12030981481075287,0.07146939887970305,0.0019024014472961426
1659,1851,001851,30.49389190382573,30.525003760729852,0.7130830883979797,0.7167322635650635,165.6937999978254,208.09670000016922,0.16876691579818726,0.031111856904121993,0.0036491751670837402
1660,1852,001852,29.05542372174469,28.980424424715853,0.7232889533042908,0.7189056277275085,156.21230000033393,209.5320999978867,0.13299082219600677,-0.07499929702883534,-0.0043833255767822266
1661,1853,001853,30.030075816321432,30.04290767417613,0.7785244584083557,0.7781195044517517,214.0596999997797,224.97899999871152,0.22183217108249664,0.012831857854699535,-0.0004049539566040039
1662,1854,001854,30.7508357137659,30.70984437727827,0.8229007720947266,0.8217710852622986,160.50949999771547,213.26000000044587,0.2327343374490738,-0.04099133648762887,-0.0011296868324279785
1663,1855,001855,30.28585457245915,30.10320350869773,0.8059664368629456,0.8001909255981445,147.06659999865224,214.6751000000222,0.232396200299263,-0.18265106376141915,-0.005775511264801025
1664,1856,001856,35.66618765971053,35.63667329419543,0.9219866991043091,0.9214088320732117,148.41530000194325,208.8992999997572,0.14580512046813965,-0.029514365515098007,-0.0005778670310974121
1665,1857,001857,35.429781522209424,35.37635033411843,0.9551005959510803,0.9541425704956055,152.22730000095908,211.31959999911487,0.16916406154632568,-0.053431188090996784,-0.0009580254554748535
1666,1858,001858,34.635258376413496,34.697422931276506,0.9263149499893188,0.9271742105484009,148.78070000122534,218.67679999922984,0.29399606585502625,0.06216455486300987,0.0008592605590820312
1667,1859,001859,36.05836301451594,35.947647593051414,0.9578783512115479,0.956199586391449,155.6044999997539,216.83459999985644,0.1701558530330658,-0.11071542146452629,-0.001678764820098877
1668,1860,001860,35.4580008820847,35.6870204652218,0.8426605463027954,0.8462730646133423,149.8022999985551,207.97390000007,0.24932950735092163,0.22901958313710225,0.003612518310546875
1669,1861,001861,31.20640414480125,31.217997319420917,0.6407955288887024,0.639126181602478,156.32410000034724,221.32459999920684,0.19785252213478088,0.011593174619665803,-0.0016693472862243652
1670,1862,001862,31.17150216987225,31.092208874538557,0.629168689250946,0.6262792348861694,157.38389999751234,213.66839999973308,0.18279778957366943,-0.07929329533369511,-0.0028894543647766113
1671,1863,001863,30.829805013324176,30.907253416621742,0.622753381729126,0.6220408082008362,162.8281999983301,215.94900000127382,0.2027614265680313,0.07744840329756641,-0.0007125735282897949
1672,1864,001864,21.871556149443325,21.82854303657168,0.5490264296531677,0.5425376296043396,154.05689999897731,216.01319999899715,0.2061135470867157,-0.043013112871644665,-0.006488800048828125
1673,1865,001865,33.06622142861565,32.824617753246194,0.8357235789299011,0.8329020142555237,168.29109999889624,221.5983000023698,0.1573016345500946,-0.24160367536945415,-0.0028215646743774414
1674,1866,001866,32.99115527605228,32.91539572765223,0.843669593334198,0.8421204686164856,154.53419999903417,214.90049999920302,0.16546373069286346,-0.07575954840005039,-0.0015491247177124023
1675,1867,001867,32.98819507679825,32.887556359297115,0.8375757336616516,0.8358005285263062,148.39239999855636,215.72809999997844,0.16127154231071472,-0.10063871750113407,-0.001775205135345459
1676,1868,001868,28.468444549956832,28.569668946483525,0.8360863327980042,0.8395457863807678,157.99840000181575,220.1671000002534,0.19027942419052124,0.10122439652669257,0.003459453582763672
1677,1869,001869,28.95604090414883,28.87218501810812,0.8087607026100159,0.8127564787864685,155.90399999928195,223.01729999890085,0.18875010311603546,-0.08385588604070904,0.003995776176452637
1678,1870,001870,29.503354403581923,29.321157189827073,0.829929530620575,0.8221906423568726,157.21789999952307,229.2663000007451,0.19105041027069092,-0.18219721375485065,-0.007738888263702393
1679,1871,001871,30.10784257132723,29.989892792509135,0.8494359850883484,0.8465489745140076,172.91349999868544,227.996700003132,0.1888316124677658,-0.11794977881809388,-0.0028870105743408203
1680,1872,001872,19.490882443779945,19.509917536737646,0.6046976447105408,0.6041484475135803,148.71750000020256,222.58739999961108,0.20030644536018372,0.019035092957700783,-0.0005491971969604492
1681,1873,001873,22.19537299611568,22.211078816387477,0.7251328825950623,0.7189820408821106,161.44720000011148,221.15920000214828,0.17202354967594147,0.015705820271797677,-0.00615084171295166
1682,1874,001874,22.36278058157324,22.341797551071778,0.7344507575035095,0.7290185689926147,158.88889999769162,214.71609999935026,0.1735825091600418,-0.020983030501461997,-0.005432188510894775
1683,1875,001875,22.154390254361786,22.124715915244728,0.7252556681632996,0.716132402420044,156.98260000135633,228.20249999858788,0.17319130897521973,-0.02967433911705797,-0.009123265743255615
1684,1876,001876,26.96658606481169,27.03428096429901,0.7513052821159363,0.7537887692451477,169.12480000246433,242.11780000041472,0.27041351795196533,0.06769489948732144,0.0024834871292114258
1685,1877,001877,36.05192660940592,36.193304960682255,0.8969981670379639,0.8976760506629944,161.51209999952698,223.59599999981583,0.23571112751960754,0.14137835127633736,0.0006778836250305176
1686,1878,001878,35.32017948339979,35.082956656628596,0.8952659964561462,0.895592451095581,151.70819999912055,268.7960999974166,0.2551629841327667,-0.23722282677119466,0.00032645463943481445
1687,1879,001879,35.54551489378129,35.5358196634804,0.8865920901298523,0.8872928619384766,177.6977999979863,226.06920000180253,0.25924521684646606,-0.009695230300884816,0.0007007718086242676
1688,1880,001880,26.389383868666833,26.463985479021716,0.7366792559623718,0.7385932803153992,157.9953000000387,208.70730000024196,0.22406823933124542,0.07460161035488255,0.0019140243530273438
1689,1881,001881,26.170749268674847,26.248079149449147,0.7530201077461243,0.7626659274101257,155.41700000176206,229.25820000091335,0.17713026702404022,0.07732988077430036,0.009645819664001465
1690,1882,001882,25.886090961740305,25.82114980714293,0.7461623549461365,0.7448150515556335,166.06749999846215,244.83799999870826,0.18187262117862701,-0.06494115459737415,-0.0013473033905029297
1691,1883,001883,26.141101762260995,26.211130484358783,0.7500689625740051,0.761833667755127,154.46069999961765,220.65849999853526,0.1810842901468277,0.07002872209778843,0.011764705181121826
1692,1884,001884,36.54198925455035,34.71885101223569,0.9739664793014526,0.9054117202758789,154.55939999810653,213.19579999908456,0.058774832636117935,-1.8231382423146627,-0.06855475902557373
1693,1885,001885,33.13839091264094,33.37554892354571,0.9693315625190735,0.9724826216697693,150.1631000028283,222.47410000272794,0.08599046617746353,0.23715801090476418,0.0031510591506958008
1694,1886,001886,31.348015388192717,31.300932271041564,0.9651774764060974,0.9649363160133362,159.54169999895385,226.84509999817237,0.13098780810832977,-0.04708311715115343,-0.00024116039276123047
1695,1887,001887,31.150084151925036,31.20654981736336,0.9600396156311035,0.963232696056366,152.168000000529,230.67699999955948,0.12467815726995468,0.05646566543832421,0.003193080425262451
1696,1888,001888,23.82213166850779,23.74819813196797,0.7906494736671448,0.7881255149841309,165.64130000188015,323.11420000041835,0.210747629404068,-0.07393353653981904,-0.002523958683013916
1697,1889,001889,33.86569754979423,34.14624851776428,0.892109751701355,0.8953911066055298,229.99310000159312,263.09159999800613,0.2854340970516205,0.28055096797005064,0.0032813549041748047
1698,1890,001890,34.07718108800023,34.239974270399344,0.8883900046348572,0.8898691534996033,181.8076999988989,243.37080000259448,0.2718205749988556,0.16279318239911333,0.0014791488647460938
1699,1891,001891,33.52564307188462,33.26302837544644,0.8923640847206116,0.8851959109306335,176.67710000023362,236.211600000388,0.28834009170532227,-0.2626146964381846,-0.007168173789978027
1700,1892,001892,26.3394381087935,26.299896511220624,0.8682511448860168,0.8678058981895447,173.70540000047185,243.83789999774308,0.14590734243392944,-0.03954159757287812,-0.00044524669647216797
1701,1893,001893,24.45394870893712,24.36629397521758,0.8021720051765442,0.7959690093994141,178.66079999657813,394.4062999980815,0.20603884756565094,-0.08765473371953902,-0.006202995777130127
1702,1894,001894,25.048211623363976,25.009951579509995,0.8177505731582642,0.810575544834137,207.05170000292128,234.819500001322,0.20620600879192352,-0.038260043853981074,-0.007175028324127197
1703,1895,001895,25.75350801678248,25.66857571496994,0.8324129581451416,0.8274468183517456,167.9148000002897,226.65220000271802,0.20917034149169922,-0.08493230181253963,-0.004966139793395996
1704,1896,001896,31.13566596360186,31.016221107001314,0.9193645715713501,0.9184917211532593,154.90560000034748,213.43889999843668,0.25248539447784424,-0.11944485660054482,-0.0008728504180908203
1705,1897,001897,27.25722830490303,27.263840798401095,0.38498497009277344,0.40084007382392883,156.177500000922,218.2617999969807,0.1805485039949417,0.006612493498064254,0.015855103731155396
1706,1898,001898,27.472053214146012,27.51294179368534,0.4180372655391693,0.4161548614501953,164.0573000004224,233.58039999948232,0.1680273860692978,0.04088857953932745,-0.001882404088973999
1707,1899,001899,27.12694656552746,27.121493075442643,0.39018526673316956,0.39240044355392456,169.75460000321618,252.87780000144267,0.18097417056560516,-0.005453490084818213,0.002215176820755005
1708,1900,001900,31.887139689327103,31.924910642313993,0.9176785349845886,0.9178315997123718,155.12929999749758,218.79170000102022,0.2175557166337967,0.03777095298688948,0.00015306472778320312
1709,1901,001901,33.65625361902298,34.13892032550991,0.9545961022377014,0.9544249176979065,143.63659999798983,216.0503000013705,0.2976377606391907,0.4826667064869241,-0.00017118453979492188
1710,1902,001902,34.030104162717436,34.16623388066067,0.9599853157997131,0.959305465221405,157.01780000017607,221.82510000129696,0.1911720335483551,0.13612971794323414,-0.0006798505783081055
1711,1903,001903,33.4342442676525,33.679563527135855,0.9501072764396667,0.949289083480835,151.9945000000007,214.607400001114,0.2977147698402405,0.24531925948335243,-0.0008181929588317871
1712,1904,001904,28.585781625893457,28.53106336660637,0.8130452036857605,0.8155516386032104,168.077499998617,256.22760000260314,0.2668378949165344,-0.0547182592870854,0.002506434917449951
1713,1905,001905,28.65975006321063,28.663719529552022,0.8584668040275574,0.8564432859420776,176.46069999682368,230.29569999926025,0.24112805724143982,0.003969466341391836,-0.0020235180854797363
1714,1906,001906,30.332136851817303,30.57671823635019,0.8655456304550171,0.8691882491111755,157.50800000023446,229.90439999921364,0.1995229572057724,0.2445813845328857,0.0036426186561584473
1715,1907,001907,29.341520985491655,29.367664987880172,0.8508540987968445,0.8530898690223694,162.67420000076527,223.8589000007778,0.18610922992229462,0.02614400238851644,0.0022357702255249023
1716,1908,001908,17.650352133494913,17.710935292197235,0.31918463110923767,0.3377208411693573,143.61149999967893,219.08460000122432,0.26339396834373474,0.06058315870232178,0.01853621006011963
1717,1909,001909,31.112097454122384,31.06071659778076,0.8764972686767578,0.8748480677604675,158.08359999937238,216.7226000019582,0.09290344268083572,-0.05138085634162337,-0.0016492009162902832
1718,1910,001910,29.59727654735981,29.4939281583015,0.8585002422332764,0.8555411100387573,185.33749999915017,233.99979999885545,0.1005527526140213,-0.10334838905831134,-0.002959132194519043
1719,1911,001911,31.14120821246038,31.058025763719115,0.8707371354103088,0.8701589107513428,161.06249999938882,223.77870000127587,0.09399715811014175,-0.08318244874126535,-0.0005782246589660645
1720,1912,001912,20.94526426711373,20.951662476488426,0.7291677594184875,0.7297588586807251,159.93660000094678,233.41199999777018,0.2271399199962616,0.006398209374697927,0.0005910992622375488
1721,1913,001913,24.41625818643244,24.395200979434875,0.6764759421348572,0.6717312335968018,149.07920000041486,210.20479999788222,0.16896390914916992,-0.021057206997564748,-0.00474470853805542
1722,1914,001914,24.18972559211051,24.192083505044657,0.6741459369659424,0.6725579500198364,140.47470000150497,217.47099999993225,0.17002448439598083,0.0023579129341477767,-0.001587986946105957
1723,1915,001915,24.71002320444818,24.643167163598942,0.6626418828964233,0.6546112298965454,165.72189999715192,228.63329999745474,0.16286082565784454,-0.06685604084923824,-0.00803065299987793
1724,1916,001916,21.34523141275922,21.217373679872836,0.5390104055404663,0.5187516212463379,155.3085999985342,208.45900000131223,0.14834916591644287,-0.12785773288638325,-0.020258784294128418
1725,1917,001917,25.629029721886813,25.553715098587915,0.724013090133667,0.7218783497810364,151.44789999976638,224.65850000298815,0.15883520245552063,-0.07531462329889749,-0.0021347403526306152
1726,1918,001918,26.710615985215288,26.685831791877824,0.7343040108680725,0.7303900122642517,158.3396999994875,210.90230000118027,0.12944190204143524,-0.024784193337463734,-0.003913998603820801
1727,1919,001919,25.85892558142568,25.896933641502944,0.7598184943199158,0.760842502117157,153.928800002177,219.5821999994223,0.17872284352779388,0.03800806007726365,0.001024007797241211
1728,1952,001952,21.39221336144547,21.52329333478605,0.6240085959434509,0.6160865426063538,153.22569999989355,216.33520000250428,0.26467251777648926,0.13107997334057941,-0.007922053337097168
1729,1953,001953,34.43882552622778,34.589806584299794,0.9455233216285706,0.9459500908851624,171.9254000017827,242.2413999993296,0.057033341377973557,0.15098105807201279,0.0004267692565917969
1730,1954,001954,34.41219543655639,34.537263315744106,0.9481308460235596,0.9498201012611389,169.1824000008637,230.16639999696054,0.05719650536775589,0.12506787918771778,0.0016892552375793457
1731,1955,001955,32.586179502280096,32.487246261643705,0.9400156140327454,0.9384545683860779,161.91619999881368,221.59059999830788,0.09451381862163544,-0.09893324063639142,-0.0015610456466674805
1732,1956,001956,21.789052023878178,21.73421005688646,0.6104950904846191,0.6098175644874573,152.0791000002646,221.3964999973541,0.17366854846477509,-0.05484196699171662,-0.0006775259971618652
1733,1957,001957,30.23973070673895,30.509371853503744,0.5965663194656372,0.6002189517021179,150.61799999966752,208.04750000024796,0.20308850705623627,0.2696411467647941,0.003652632236480713
1734,1958,001958,30.87193983839984,30.881310907606753,0.6118146181106567,0.6144008040428162,200.1239000019268,231.64309999992838,0.24337320029735565,0.009371069206913774,0.002586185932159424
1735,1959,001959,30.7289079394848,30.720432528069395,0.6063503623008728,0.6092847585678101,159.96300000188057,208.78100000118138,0.220333531498909,-0.008475411415403755,0.002934396266937256
1736,1960,001960,30.812156248722253,30.78222578459424,0.8289421796798706,0.8264205455780029,145.69699999992736,208.9269999996759,0.1752358376979828,-0.029930464128014478,-0.0025216341018676758
1737,1961,001961,31.816660773032087,31.651807304145972,0.923676073551178,0.9214615821838379,144.62210000056075,218.387699998857,0.3190004825592041,-0.16485346888611474,-0.002214491367340088
1738,1962,001962,30.774533711580773,30.747686957492526,0.9265356063842773,0.9247958660125732,143.37109999905806,210.50800000011805,0.271789014339447,-0.026846754088246882,-0.0017397403717041016
1739,1963,001963,32.11738658888819,31.993557818822378,0.9203529357910156,0.9167903661727905,138.9569000020856,209.8489999989397,0.27207931876182556,-0.12382877006580983,-0.0035625696182250977
1740,1964,001964,23.312719457545054,23.20385958593252,0.5964492559432983,0.5765262842178345,164.06959999949322,209.36369999981252,0.19380035996437073,-0.10885987161253396,-0.019922971725463867
1741,1965,001965,26.54272178270994,26.63217120216386,0.7370898127555847,0.7468096017837524,156.79850000014994,213.77880000000005,0.26195359230041504,0.0894494194539206,0.009719789028167725
1742,1966,001966,27.49746421261613,27.41260748274607,0.7572602033615112,0.750514805316925,157.6119999990624,211.90590000333032,0.23541319370269775,-0.08485672987006154,-0.006745398044586182
1743,1967,001967,27.250722018791723,27.215296808932123,0.7525442242622375,0.7514781951904297,164.68600000007427,209.9211999993713,0.2646758556365967,-0.03542520985959996,-0.0010660290718078613
1744,1968,001968,35.29574592798114,35.19712402429397,0.9069915413856506,0.9053084850311279,154.95430000009947,226.6245999999228,0.23470346629619598,-0.09862190368716739,-0.001683056354522705
1745,1969,001969,29.364903124224256,29.389016680833908,0.5787108540534973,0.581123411655426,157.6774999994086,222.7960999989591,0.18222038447856903,0.02411355660965242,0.002412557601928711
1746,1970,001970,29.401487954719883,29.415761932744665,0.5801560282707214,0.5853748917579651,153.34620000066934,222.17949999685516,0.16931994259357452,0.014273978024782252,0.005218863487243652
1747,1971,001971,29.424428786709292,29.41497467693488,0.5836349725723267,0.590531051158905,162.9151000015554,202.88910000090254,0.18233664333820343,-0.00945410977441341,0.006896078586578369
1748,1972,001972,20.002296450269753,19.991341674436576,0.7485020756721497,0.7519119381904602,153.25470000243513,211.39989999937825,0.2485450655221939,-0.010954775833177166,0.003409862518310547
1749,1973,001973,22.27891076250859,22.234901089317603,0.8828783631324768,0.8830621242523193,160.7183999985864,219.48010000051,0.28289833664894104,-0.04400967319098825,0.0001837611198425293
1750,1974,001974,22.697327953214327,22.688779024585692,0.8768513798713684,0.8763197660446167,140.2797999980976,216.7351999996754,0.27143800258636475,-0.008548928628634656,-0.000531613826751709
1751,1975,001975,23.54967222773839,23.457290693794796,0.8916071653366089,0.8885406255722046,155.9581999972579,215.69190000082017,0.2508913576602936,-0.09238153394359472,-0.003066539764404297
1752,1976,001976,18.002885976663215,17.719760184676648,0.7047606706619263,0.6789938807487488,150.80400000078953,208.7543999987247,0.22324518859386444,-0.28312579198656707,-0.02576678991317749
1753,1977,001977,21.793813080944776,21.824052527866012,0.19974172115325928,0.21028052270412445,151.8684000002395,253.44200000108685,0.10518324375152588,0.030239446921235924,0.010538801550865173
1754,1978,001978,22.09073784255278,22.128374293500947,0.21763549745082855,0.23127241432666779,189.8985999978322,238.94519999885233,0.10046549141407013,0.03763645094816681,0.013636916875839233
1755,1979,001979,21.686540931849265,21.675973696178747,0.23775401711463928,0.24342773854732513,203.9282000005187,235.69979999956558,0.10360359400510788,-0.01056723567051776,0.005673721432685852
1756,1980,001980,28.789220158468854,28.77671559281866,0.9026402235031128,0.9009577035903931,178.9437999977963,243.54590000075405,0.24788008630275726,-0.0125045656501932,-0.0016825199127197266
1757,1981,001981,24.683235620126812,24.62401293015845,0.8138750195503235,0.8049263954162598,157.05420000085724,209.31990000099177,0.27422618865966797,-0.059222689968361664,-0.00894862413406372
1758,1982,001982,26.018939384689737,26.02967859512223,0.8560886979103088,0.8578276038169861,155.01669999866863,223.33719999733148,0.2920491397380829,0.010739210432493707,0.001738905906677246
1759,1983,001983,25.05679583330518,24.899068879789002,0.8150450587272644,0.810011625289917,149.29230000052485,221.23629999987315,0.25840625166893005,-0.15772695351617827,-0.005033433437347412
1760,1984,001984,31.54367053526324,31.404903962499056,0.8461843729019165,0.8439000844955444,168.91229999964708,228.81080000297516,0.33194851875305176,-0.13876657276418314,-0.0022842884063720703
1761,1985,001985,31.63982354591923,31.803877652344,0.8296836614608765,0.8289562463760376,181.6913000002387,237.77010000048904,0.14035189151763916,0.1640541064247678,-0.0007274150848388672
1762,1986,001986,32.969491687437234,33.00131661597926,0.8620232939720154,0.8622605800628662,174.4433999992907,245.0286999992386,0.14074192941188812,0.03182492854202934,0.00023728609085083008
1763,1987,001987,31.55388325961441,31.72206340733393,0.803139865398407,0.8266090750694275,204.89449999877252,262.43539999995846,0.14047734439373016,0.1681801477195215,0.023469209671020508
1764,1988,001988,33.07949981012088,33.07619350370527,0.969337522983551,0.9687024354934692,188.10469999880297,246.6783999989275,0.13426212966442108,-0.0033063064156095834,-0.0006350874900817871
1765,1989,001989,37.382730945466605,37.891722443863884,0.9707101583480835,0.9696334004402161,171.7579999967711,242.06630000117002,0.2671594023704529,0.508991498397279,-0.0010767579078674316
1766,1990,001990,36.53988293297171,35.93828083087672,0.9656661748886108,0.9619219899177551,180.2339000023494,240.68849999821396,0.2449226826429367,-0.6016021020949864,-0.003744184970855713
1767,1991,001991,37.051728863614734,37.4478224572836,0.970243513584137,0.9697883129119873,164.98259999934817,230.01279999880353,0.25172656774520874,0.39609359366886565,-0.0004552006721496582
1768,1992,001992,36.04820563306457,35.94246936144602,0.9798800349235535,0.9797453880310059,152.69270000135293,208.25760000298033,0.039243463426828384,-0.1057362716185466,-0.00013464689254760742
1769,1993,001993,23.894093678691192,23.87637740971521,0.6484236717224121,0.6401567459106445,149.99360000001616,216.91370000189636,0.17387345433235168,-0.01771626897598111,-0.008266925811767578
1770,1994,001994,24.181990032277405,24.178810710949875,0.6793959736824036,0.6780667901039124,155.74389999892446,211.4856999978656,0.17676705121994019,-0.003179321327529294,-0.001329183578491211
1771,1995,001995,23.801270943541883,23.841890614354995,0.6630796790122986,0.6678520441055298,156.57170000122278,212.66380000088247,0.1977192908525467,0.04061967081311124,0.004772365093231201
1772,1996,001996,26.529994873264528,26.50090079407392,0.8633713722229004,0.8645488619804382,149.6407000013278,218.47349999734433,0.2604218125343323,-0.029094079190606692,0.0011774897575378418
1773,1997,001997,29.849720287181874,29.84373555337355,0.7491573095321655,0.7457164525985718,164.62830000091344,271.52290000231005,0.15802447497844696,-0.0059847338083258705,-0.00344085693359375
1774,1998,001998,30.16445909053393,30.108619843062318,0.7866230010986328,0.7838713526725769,165.04359999817098,211.31009999953676,0.1777227818965912,-0.05583924747161362,-0.002751648426055908
1775,1999,001999,30.01566756556396,30.070214778228312,0.7723734974861145,0.7729713320732117,152.34010000131093,217.40580000187038,0.16802553832530975,0.05454721266435314,0.000597834587097168
1776,2000,002000,22.234427729219544,22.24570154882045,0.7035936117172241,0.7076310515403748,157.7169000011054,208.03019999948447,0.2359633892774582,0.011273819600905455,0.004037439823150635
1777,2001,002001,28.485158222873537,28.43207726127355,0.4897802770137787,0.48681679368019104,155.463699997199,231.0999000001175,0.2045220583677292,-0.05308096159998499,-0.0029634833335876465
1778,2002,002002,29.316515584008975,29.270842037202712,0.5309815406799316,0.5294190049171448,174.45719999886933,238.17390000112937,0.19698168337345123,-0.04567354680626323,-0.0015625357627868652
1779,2003,002003,29.254096958616994,29.301973189970894,0.520836353302002,0.532257080078125,166.2103999988176,219.69069999977364,0.19506226480007172,0.04787623135390007,0.011420726776123047
1780,2004,002004,31.43146593945403,31.372736262060847,0.6379133462905884,0.6366828680038452,154.53879999768105,209.4811999995727,0.20285728573799133,-0.058729677393181134,-0.001230478286743164
1781,2005,002005,25.312844071847678,25.3130087058028,0.7873711585998535,0.7968807816505432,163.40480000144453,214.90660000199568,0.11139868199825287,0.0001646339551228948,0.009509623050689697
1782,2006,002006,24.229065639312243,24.246058157589076,0.7646563649177551,0.7648014426231384,152.00679999907152,224.4277999998303,0.11874311417341232,0.016992518276833124,0.00014507770538330078
1783,2007,002007,25.427778653019306,25.418473901540096,0.7960070967674255,0.7961090803146362,159.49279999767896,225.73860000193235,0.11144429445266724,-0.009304751479209727,0.00010198354721069336
1784,2008,002008,25.45287036686116,25.35042181255463,0.7331311106681824,0.7270879745483398,160.22829999928945,211.05080000052112,0.18039223551750183,-0.10244855430653033,-0.006043136119842529
1785,2009,002009,29.317909237558688,29.518083896256396,0.7678179740905762,0.7797816395759583,148.01129999978002,224.4635000024573,0.19067583978176117,0.20017465869770845,0.01196366548538208
1786,2010,002010,30.673254731358934,30.54146228781397,0.7412599325180054,0.7299757599830627,149.75369999956456,214.84290000080364,0.24640066921710968,-0.13179244354496333,-0.011284172534942627
1787,2011,002011,31.01684777185416,30.950644058393102,0.7154716849327087,0.7074024081230164,151.92250000109198,228.7330999970436,0.2326062023639679,-0.06620371346105713,-0.008069276809692383
1788,2012,002012,26.821002325605132,26.73347562114742,0.799427330493927,0.7944133281707764,149.78070000142907,209.98519999920973,0.1918705701828003,-0.08752670445771216,-0.005014002323150635
1789,2013,002013,30.93742020352609,31.002430105136234,0.8910180926322937,0.8936511874198914,172.69499999747495,224.09980000156793,0.21637138724327087,0.06500990161014286,0.0026330947875976562
1790,2014,002014,31.260959721673412,31.239525092237436,0.9000634551048279,0.8990241289138794,160.57520000322256,223.27729999960866,0.2121007740497589,-0.021434629435976404,-0.0010393261909484863
1791,2015,002015,31.649733224971502,31.610376414038896,0.9102994799613953,0.9087245464324951,169.2393000012089,223.41469999810215,0.2010989785194397,-0.03935681093260612,-0.0015749335289001465
1792,2016,002016,30.716877463566842,30.598133243402785,0.8339942097663879,0.8289434313774109,159.46489999987534,224.71579999910318,0.187587171792984,-0.11874422016405717,-0.005050778388977051
1793,2017,002017,23.9835660696216,23.871205020923945,0.7143592238426208,0.7127806544303894,158.2113999975263,210.86629999990691,0.18210910260677338,-0.11236104869765384,-0.0015785694122314453
1794,2018,002018,23.32360720031673,23.360169529271808,0.6859437227249146,0.6850365400314331,149.18849999958184,220.59490000174264,0.18701167404651642,0.03656232895507827,-0.0009071826934814453
1795,2019,002019,23.484113834028616,23.543039576652937,0.6869375109672546,0.6905858516693115,175.0670999972499,214.15409999826807,0.18587490916252136,0.05892574262432149,0.0036483407020568848
1796,2020,002020,28.7623041884168,28.546418650454342,0.9036950469017029,0.9002939462661743,159.30680000019493,229.39039999982924,0.1807577759027481,-0.2158855379624569,-0.0034011006355285645
1797,2021,002021,25.995122712698056,25.950504439144034,0.6571934223175049,0.6634065508842468,159.2369999998482,243.7430999998469,0.17030058801174164,-0.044618273554021926,0.006213128566741943
1798,2022,002022,25.934475588218987,25.92239277495082,0.638178825378418,0.6394628882408142,174.85219999798574,239.6227999997791,0.15460631251335144,-0.012082813268168735,0.0012840628623962402
1799,2023,002023,26.352436690914733,26.30572037196078,0.685383677482605,0.6849366426467896,155.01640000002226,234.34780000025057,0.1678142100572586,-0.04671631895395123,-0.0004470348358154297
1800,2024,002024,20.15784697488618,19.99948327735194,0.6809331774711609,0.6718553900718689,155.43020000040997,230.25440000128583,0.280744343996048,-0.1583636975342415,-0.009077787399291992
1801,2025,002025,28.01759394677736,28.072225047642387,0.8123406767845154,0.8086131811141968,156.919500001095,220.84380000160309,0.08526281267404556,0.054631100865027094,-0.0037274956703186035
1802,2026,002026,27.721964302426144,27.72829393928358,0.7938715219497681,0.7936679720878601,154.5259000013175,223.2129999974859,0.09808862954378128,0.006329636857437038,-0.00020354986190795898
1803,2027,002027,27.117281339470285,27.190878178085804,0.7839674949645996,0.783591628074646,184.8074000008637,225.75299999880372,0.11869796365499496,0.07359683861551858,-0.0003758668899536133
1804,2028,002028,21.07792854264552,21.06353261816143,0.5619722008705139,0.5593801736831665,153.16570000140928,223.7822999995842,0.18456925451755524,-0.014395924484087885,-0.002592027187347412
1805,2029,002029,28.709432058942003,28.40372035411713,0.7442442774772644,0.7372222542762756,153.40370000194525,275.36179999879096,0.1344834417104721,-0.30571170482487275,-0.0070220232009887695
1806,2030,002030,28.784699845463212,28.697670886083827,0.7586448192596436,0.761131227016449,188.55630000325618,220.41750000062166,0.1131710484623909,-0.08702895937938493,0.00248640775680542
1807,2031,002031,29.72074902965353,29.667291047022143,0.7791138291358948,0.7778774499893188,160.1879000008921,221.52210000058403,0.10502564162015915,-0.0534579826313859,-0.0012363791465759277
1808,2032,002032,23.04624063805546,22.98628238207627,0.5985013842582703,0.601675271987915,156.92979999948875,217.468300001201,0.2059614360332489,-0.0599582559791898,0.0031738877296447754
1809,2033,002033,26.844452785012546,26.835363845050043,0.7492231130599976,0.7470124363899231,155.31540000301902,215.45700000206125,0.1254102736711502,-0.009088939962502707,-0.002210676670074463
1810,2034,002034,26.44248729735702,26.46266414238443,0.7486088871955872,0.7484259605407715,159.90669999882812,210.35130000018398,0.12436146289110184,0.020176845027410906,-0.00018292665481567383
1811,2035,002035,26.761660888117433,26.771383602013895,0.7538867592811584,0.7532010078430176,158.72370000215597,239.00940000021365,0.12822768092155457,0.009722713896461954,-0.0006857514381408691
1812,2036,002036,37.08187840765822,37.17165243335312,0.888145923614502,0.8879442811012268,150.7897999981651,211.3253999996232,0.3022240102291107,0.08977402569489357,-0.00020164251327514648
1813,2037,002037,28.231589275622163,28.273881742202658,0.46595972776412964,0.4758159816265106,154.4400000020687,226.98210000089603,0.20072083175182343,0.0422924665804949,0.009856253862380981
1814,2038,002038,25.49271258035905,25.63568288968581,0.36579495668411255,0.3584909439086914,157.02040000178386,233.58009999719798,0.2415766716003418,0.1429703093267598,-0.007304012775421143
1815,2039,002039,27.657839702055362,27.757052620470226,0.45599329471588135,0.4471479654312134,197.6302000002761,231.3077999970119,0.21637634932994843,0.0992129184148638,-0.008845329284667969
1816,2040,002040,19.951450905734763,19.959232671249072,0.5488943457603455,0.5431998372077942,156.2021999998251,246.52559999958612,0.25890296697616577,0.007781765514309313,-0.0056945085525512695
1817,2041,002041,17.38237286593161,17.393371479368156,0.4940715432167053,0.48216038942337036,174.22520000036457,215.99840000271797,0.20780575275421143,0.010998613436544957,-0.011911153793334961
1818,2042,002042,17.965303517751565,17.91640571873422,0.5090337991714478,0.510707437992096,160.5831999986549,226.24120000182302,0.2021130472421646,-0.048897799017343146,0.0016736388206481934
1819,2043,002043,17.465462091908325,17.443297829003125,0.4989111125469208,0.49486634135246277,152.07729999747244,207.83420000225306,0.2077130675315857,-0.022164262905199905,-0.004044771194458008
1820,2044,002044,24.367373505657824,24.374546849784974,0.7955845594406128,0.7929422855377197,155.8273000009649,223.96949999892968,0.23671990633010864,0.007173344127149761,-0.0026422739028930664
1821,2045,002045,23.33629285264895,23.204372859562575,0.7630045413970947,0.7571004033088684,149.48079999885522,228.26729999724193,0.17107835412025452,-0.13191999308637392,-0.005904138088226318
1822,2046,002046,23.135029764129914,23.070469165995526,0.756084144115448,0.7597838044166565,163.49849999824073,242.10669999956735,0.17068926990032196,-0.06456059813438841,0.003699660301208496
1823,2047,002047,23.904806441331363,23.778110820273668,0.8149562478065491,0.8117571473121643,147.30770000096527,212.5584000023082,0.14931249618530273,-0.12669562105769572,-0.0031991004943847656
1824,2048,002048,27.918136143039682,27.772929217363618,0.8785185813903809,0.8718608617782593,153.90409999963595,212.9026000002341,0.16764433681964874,-0.14520692567606375,-0.006657719612121582
1825,2049,002049,33.20889977507661,33.086993202762976,0.8839311599731445,0.8822282552719116,151.85620000193012,262.0138999991468,0.08841115981340408,-0.12190657231363389,-0.0017029047012329102
1826,2050,002050,34.122881721406046,34.021908802086585,0.9033656716346741,0.9018086791038513,162.45830000116257,230.49790000004577,0.084742471575737,-0.10097291931946017,-0.001556992530822754
1827,2051,002051,33.23629927527986,33.05062648994613,0.8895271420478821,0.8850411176681519,206.07310000195866,243.3368000019982,0.08471464365720749,-0.185672785333729,-0.004486024379730225
1828,2052,002052,25.701497335282582,25.629695192588777,0.8664067983627319,0.8628776669502258,169.75769999771728,233.92819999935455,0.4061048626899719,-0.07180214269380514,-0.0035291314125061035
1829,2053,002053,25.03404936493391,25.130410269319555,0.7248730063438416,0.7350611090660095,163.9461000013398,214.36160000303062,0.1842162311077118,0.09636090438564437,0.010188102722167969
1830,2054,002054,24.99782390072156,25.039144172300144,0.7382649779319763,0.738680899143219,150.83570000206237,234.58100000061677,0.197674959897995,0.04132027157858431,0.0004159212112426758
1831,2055,002055,25.05398709597896,25.13302425276936,0.7377117872238159,0.7433784008026123,178.49439999918104,220.82399999999325,0.1992795467376709,0.07903715679039891,0.005666613578796387
1832,2056,002056,30.162313921564422,30.160126114939487,0.9150819778442383,0.9170551300048828,158.4313999992446,221.45829999863054,0.2154247909784317,-0.002187806624935007,0.0019731521606445312
1833,2057,002057,28.40459963388509,28.278334100378334,0.8841471672058105,0.8808197379112244,148.91300000090268,228.8585000023886,0.22071301937103271,-0.12626553350675707,-0.0033274292945861816
1834,2058,002058,28.440963445303314,28.43102416091899,0.8812336325645447,0.8805304169654846,169.56850000133272,229.67640000206302,0.2074577808380127,-0.009939284384323344,-0.0007032155990600586
1835,2059,002059,28.927729223215152,28.887178952780104,0.8920515775680542,0.8913599848747253,164.25840000010794,215.1649000006728,0.20822378993034363,-0.04055027043504822,-0.0006915926933288574
1836,2060,002060,23.595984058488973,23.654926186327437,0.811296284198761,0.8123669028282166,167.89480000079493,209.6969000012905,0.2408602237701416,0.05894212783846342,0.0010706186294555664
1837,2061,002061,29.192866544338916,29.10030199544306,0.7442014217376709,0.7384371161460876,163.47900000255322,230.17139999865321,0.1018640547990799,-0.09256454889585441,-0.005764305591583252
1838,2062,002062,28.445580600327553,28.332577766017444,0.7256231307983398,0.7212399244308472,162.46619999947143,207.75829999911366,0.10167352855205536,-0.11300283431010882,-0.004383206367492676
1839,2063,002063,29.04604604684005,29.034867180737443,0.7447795271873474,0.7425830364227295,180.9718000004068,239.27159999948344,0.10197870433330536,-0.011178866102607543,-0.00219649076461792
1840,2064,002064,27.32304124888149,27.315750916759004,0.4215232729911804,0.41968226432800293,185.84889999692678,288.01409999869065,0.20466724038124084,-0.0072903321224870865,-0.0018410086631774902
1841,2065,002065,23.20437521441468,23.229721571590197,0.6631084680557251,0.6707005500793457,170.7894999999553,217.37709999797517,0.24437624216079712,0.025346357175518364,0.0075920820236206055
1842,2066,002066,22.958695067243347,22.914334609609416,0.6342132091522217,0.6330859065055847,165.63899999891873,270.5193999972835,0.24584485590457916,-0.044360457633931816,-0.0011273026466369629
1843,2067,002067,23.194050932351583,23.132610989348777,0.6690502166748047,0.6596053242683411,187.82940000164672,258.1602999998722,0.2449364811182022,-0.06143994300280653,-0.009444892406463623
1844,2068,002068,24.824033031903014,24.856544386860357,0.684497594833374,0.6848604083061218,208.9468999984092,214.8032000004605,0.20957261323928833,0.03251135495734303,0.00036281347274780273
1845,2069,002069,36.51290938237329,36.64034898274818,0.9383030533790588,0.9377864003181458,155.9248999983538,280.6147000010242,0.11557350307703018,0.12743960037489188,-0.0005166530609130859
1846,2070,002070,37.17705939035233,37.235010573411806,0.9391545653343201,0.9384479522705078,162.18769999977667,227.06730000209063,0.11231447011232376,0.057951183059472555,-0.0007066130638122559
1847,2071,002071,36.406468234498966,36.59599262076935,0.9371827840805054,0.936908483505249,158.8315999979386,214.35900000142283,0.11251947283744812,0.18952438627038504,-0.00027430057525634766
1848,2072,002072,20.794515567729768,20.803926076695976,0.6338547468185425,0.6243723630905151,150.1890999970783,208.70500000091852,0.2331579029560089,0.009410508966208653,-0.009482383728027344
1849,2073,002073,19.15009776547604,19.101630100911926,0.66968834400177,0.6658211946487427,168.13099999853875,247.89520000194898,0.28334081172943115,-0.04846766456411444,-0.0038671493530273438
1850,2074,002074,19.440398501505452,19.481246336953237,0.6858518123626709,0.6697252988815308,151.90140000049723,236.79619999893475,0.2827540636062622,0.04084783544778503,-0.016126513481140137
1851,2075,002075,19.06496983989819,19.066599100128144,0.6817815899848938,0.6847079992294312,161.15509999872302,209.38759999989998,0.28646132349967957,0.0016292602299543546,0.0029264092445373535
1852,2076,002076,26.866906391711886,26.841517312178045,0.6934766173362732,0.690816342830658,149.5945999995456,232.1364999988873,0.2254108488559723,-0.025389079533841397,-0.0026602745056152344
1853,2077,002077,25.732550705987705,25.68787175296014,0.8511322140693665,0.8512543439865112,164.34749999825726,214.04789999724017,0.19608058035373688,-0.04467895302756375,0.0001221299171447754
1854,2078,002078,25.655714202214526,25.62216942201573,0.8568321466445923,0.8510823845863342,157.42589999717893,237.21160000059172,0.19793671369552612,-0.033544780198795365,-0.005749762058258057
1855,2079,002079,25.038309006772323,25.068549528829745,0.835933268070221,0.8329721689224243,160.66639999917243,221.19539999766857,0.19690518081188202,0.030240522057422226,-0.002961099147796631
1856,2080,002080,22.44776834450021,22.470825601021215,0.7159347534179688,0.7200649380683899,174.16299999968032,215.89200000016717,0.23947949707508087,0.02305725652100321,0.004130184650421143
1857,2081,002081,30.778256823261994,30.7629943825114,0.5807891488075256,0.5801993608474731,152.88839999993797,231.58859999966808,0.1744828224182129,-0.015262440750593242,-0.0005897879600524902
1858,2082,002082,30.072887806132748,30.402140970421684,0.5473585724830627,0.5587673783302307,152.18999999706284,200.79649999752291,0.17189693450927734,0.3292531642889358,0.011408805847167969
1859,2083,002083,30.92925376140115,30.96784328105587,0.5880127549171448,0.5870068073272705,145.8612999995239,226.99999999895226,0.17851051688194275,0.038589519654721016,-0.0010059475898742676
1860,2084,002084,31.02276280911739,30.89751244466214,0.860148012638092,0.858332633972168,158.13230000276235,217.9510999994818,0.16332049667835236,-0.12525036445524762,-0.0018153786659240723
1861,2085,002085,26.572941649581317,26.50554189227616,0.5721452832221985,0.5706219673156738,178.4178999987489,235.4206999989401,0.08790010213851929,-0.06739975730515724,-0.0015233159065246582
1862,2086,002086,26.79632553806598,26.306930848744518,0.6135025024414062,0.5551268458366394,153.58180000112043,206.137299999682,0.09530280530452728,-0.48939468932146113,-0.058375656604766846
1863,2087,002087,26.789566958905482,26.511322334985646,0.6101871728897095,0.5790799260139465,153.5282000004372,233.34260000046925,0.09557194262742996,-0.27824462391983573,-0.03110724687576294
1864,2088,002088,24.778882438689962,24.789084757044705,0.6825565695762634,0.684276282787323,162.25800000029267,242.2876999989967,0.2079542577266693,0.010202318354743056,0.0017197132110595703
1865,2089,002089,34.848727513847,34.95957602605251,0.8680709004402161,0.8701246380805969,155.81050000037067,274.9822000005224,0.22354720532894135,0.11084851220550718,0.0020537376403808594
1866,2090,002090,32.64366368387381,32.593249625123796,0.8098152875900269,0.8099538087844849,187.79759999961243,228.52379999676486,0.29489973187446594,-0.05041405875001459,0.0001385211944580078
1867,2091,002091,36.01443214906132,36.05759329393238,0.8781490921974182,0.8776835799217224,218.06909999941126,226.37910000048578,0.21817897260189056,0.04316114487105693,-0.0004655122756958008
1868,2092,002092,23.135448772721247,23.088304738696863,0.7169172763824463,0.7235422730445862,160.15689999767346,209.00460000120802,0.21989938616752625,-0.047144034024384496,0.006624996662139893
1869,2093,002093,31.239426514373058,31.207872684510644,0.9073419570922852,0.9095672965049744,155.37790000234963,223.9436999989266,0.26468056440353394,-0.03155382986241406,0.002225339412689209
1870,2094,002094,30.440829652802762,30.324430027231294,0.8904128670692444,0.8885188698768616,148.4305999983917,214.85910000046715,0.23417405784130096,-0.11639962557146788,-0.0018939971923828125
1871,2095,002095,30.961654902247503,30.52339951342949,0.9051850438117981,0.8985927700996399,186.07220000194502,241.68269999790937,0.26533061265945435,-0.43825538881801407,-0.006592273712158203
1872,2096,002096,26.65983273542171,26.5256616576525,0.7627555131912231,0.7518098950386047,172.45420000108425,239.04050000055577,0.1186264380812645,-0.13417107776921,-0.010945618152618408
1873,2097,002097,30.18522508147126,30.116803128182777,0.658489465713501,0.6556024551391602,168.26190000210772,230.29849999875296,0.20110313594341278,-0.06842195328848177,-0.0028870105743408203
1874,2098,002098,30.77988256297047,30.790018236179726,0.6809566617012024,0.6823228597640991,151.33290000085253,252.50409999716794,0.20176173746585846,0.010135673209255458,0.0013661980628967285
1875,2099,002099,30.28195637625185,30.259858925692082,0.6509636640548706,0.6495374441146851,172.40769999989425,231.13569999986794,0.1980242133140564,-0.022097450559765974,-0.0014262199401855469
1876,2100,002100,29.631527493177177,29.579386527428184,0.5272665619850159,0.5273117423057556,159.51179999683518,222.40240000246558,0.16800297796726227,-0.052140965748993295,4.5180320739746094e-05
1877,2101,002101,29.671257424279496,29.628306635893896,0.8699706196784973,0.8685166835784912,187.43130000075325,235.34470000231522,0.2774771451950073,-0.042950788385599736,-0.0014539361000061035
1878,2102,002102,29.817839021321216,29.77754266407002,0.8759444355964661,0.8736034035682678,163.17139999955543,215.16610000253422,0.27992555499076843,-0.04029635725119718,-0.002341032028198242
1879,2103,002103,29.030732330488522,29.26898028635563,0.8474006652832031,0.8593336939811707,157.86880000086967,202.06020000114222,0.2348824441432953,0.23824795586710934,0.01193302869796753
1880,2104,002104,32.495993992700356,32.431445520000516,0.9039590358734131,0.9020532369613647,160.19620000224677,216.7159000018728,0.22533521056175232,-0.06454847269984043,-0.0019057989120483398
1881,2105,002105,33.46746922609901,33.42478761925004,0.8076194524765015,0.808262288570404,145.1070000002801,222.30860000126995,0.08919479697942734,-0.04268160684897282,0.0006428360939025879
1882,2106,002106,30.98780575671293,30.76964686315728,0.6441845297813416,0.6426593661308289,166.71490000226186,226.75359999993816,0.12088512629270554,-0.21815889355564977,-0.0015251636505126953
1883,2107,002107,30.548574045864783,30.589994476151624,0.6329715847969055,0.6386679410934448,162.20879999673343,240.37769999995362,0.12042835354804993,0.04142043028684128,0.005696356296539307
1884,2108,002108,27.802805128451098,27.828629127466883,0.4342418909072876,0.43262991309165955,159.57539999726578,211.27210000122432,0.1935182362794876,0.025823999015784693,-0.0016119778156280518
1885,2109,002109,26.37402348528957,26.30298118509799,0.8166890144348145,0.8094770908355713,214.36660000108532,222.63480000037816,0.1916392743587494,-0.07104230019157853,-0.007211923599243164
1886,2110,002110,25.98228471621189,25.97487314530045,0.8015754818916321,0.8031420707702637,151.8199000020104,215.7699000017601,0.19223932921886444,-0.0074115709114401795,0.0015665888786315918
1887,2111,002111,26.58772543066245,26.57045261852607,0.8235552906990051,0.8225381374359131,150.98070000021835,216.69420000034734,0.19131939113140106,-0.017272812136379656,-0.001017153263092041
1888,2112,002112,28.32724045187821,28.52225388404389,0.8794680833816528,0.8828808069229126,175.10739999852376,227.87460000108695,0.24942871928215027,0.19501343216568046,0.0034127235412597656
1889,2113,002113,28.2230354487378,28.28695666928266,0.8016374111175537,0.8051230907440186,169.1480000008596,219.72319999986212,0.23696164786815643,0.06392122054485938,0.0034856796264648438
1890,2114,002114,29.155092985595488,28.986559165546673,0.8314956426620483,0.8251105546951294,171.2082999983977,234.32339999999385,0.2397102564573288,-0.16853382004881468,-0.006385087966918945
1891,2115,002115,28.5328526519149,28.48583762469275,0.8204439282417297,0.8172189593315125,151.92469999965397,214.1425000008894,0.24330611526966095,-0.04701502722215167,-0.003224968910217285
1892,2116,002116,31.644017657411,31.666979066126718,0.8754259347915649,0.8732724189758301,160.87269999843556,217.45210000153747,0.1861545592546463,0.0229614087157195,-0.0021535158157348633
1893,2117,002117,20.816722736517402,20.734781217840258,0.5511454343795776,0.5356113910675049,155.81579999707174,231.68319999967935,0.25818783044815063,-0.08194151867714439,-0.015534043312072754
1894,2118,002118,20.445740626696377,20.402183269701823,0.5494577288627625,0.5323910117149353,178.56229999961215,230.11890000270796,0.25839391350746155,-0.04355735699455465,-0.01706671714782715
1895,2119,002119,20.169541363752245,20.17743184846211,0.5595443248748779,0.5494500398635864,151.76699999938137,225.7473999998183,0.2563934922218323,0.007890484709864864,-0.010094285011291504
1896,2120,002120,26.979937163169105,26.987505861739365,0.8307872414588928,0.8329764604568481,152.07070000178646,221.6380999998364,0.2491976022720337,0.007568698570260324,0.0021892189979553223
1897,2121,002121,27.81302509557777,27.86713637185806,0.7292066812515259,0.7241261601448059,156.78340000158641,222.09420000217506,0.18996502459049225,0.05411127628028822,-0.005080521106719971
1898,2122,002122,28.754454062077173,28.83712165223253,0.7463337182998657,0.7572430372238159,152.69339999940712,208.95480000035604,0.18941070139408112,0.08266759015535641,0.010909318923950195
1899,2123,002123,28.41400228756781,28.43608400923714,0.7208354473114014,0.7297782301902771,188.27460000102292,245.8721000002697,0.209039568901062,0.02208172166932698,0.008942782878875732
1900,2124,002124,19.74497661555604,19.790916029103872,0.6915262341499329,0.6959582567214966,163.61609999876237,234.25290000159293,0.21756111085414886,0.045939413547831265,0.004432022571563721
1901,2125,002125,20.23173032878195,20.186616693753535,0.7049689888954163,0.7080527544021606,164.3478000005416,210.11240000007092,0.20684996247291565,-0.04511363502841448,0.0030837655067443848
1902,2126,002126,20.153251580902214,20.16167082248583,0.7123357653617859,0.7128239870071411,157.0045000007667,227.5974000003771,0.21688571572303772,0.008419241583617065,0.0004882216453552246
1903,2127,002127,19.429794585653188,19.5283776532087,0.6939865946769714,0.697161853313446,149.93179999873973,213.13759999975446,0.22881871461868286,0.09858306755551283,0.0031752586364746094
1904,2128,002128,22.945352481726943,22.919408402807605,0.7118961215019226,0.7075351476669312,159.18819999933476,216.36950000174693,0.2554186284542084,-0.0259440789193377,-0.004360973834991455
1905,2129,002129,30.50862131614794,30.378939379507056,0.9528794288635254,0.9474731683731079,173.06180000014137,219.9283000009018,0.06644558906555176,-0.12968193664088545,-0.0054062604904174805
1906,2130,002130,31.278989389009393,31.168081823972337,0.9593072533607483,0.9524742364883423,198.10899999720277,226.82789999817032,0.0695822611451149,-0.11090756503705634,-0.006833016872406006
1907,2131,002131,31.14776099162833,30.86729847028615,0.9504974484443665,0.9354877471923828,151.8506000029447,227.73940000115545,0.06671048700809479,-0.2804625213421801,-0.015009701251983643
1908,2132,002132,26.410833613098657,26.310996468902374,0.7788169384002686,0.7699663043022156,167.7378000022145,215.11140000075102,0.2419886589050293,-0.09983714419628242,-0.008850634098052979
1909,2133,002133,21.884492080312093,21.814333144375922,0.5914817452430725,0.5987691879272461,155.89089999775751,223.37939999852097,0.16071932017803192,-0.07015893593617051,0.007287442684173584
1910,2134,002134,22.028661473927013,22.061356157351387,0.6255393624305725,0.6342476606369019,162.54859999753535,228.18030000053113,0.16677382588386536,0.032694683424374205,0.008708298206329346
1911,2135,002135,22.45806007933274,22.41752584072126,0.6133605241775513,0.6061563491821289,158.92059999896446,223.928799998248,0.16256289184093475,-0.0405342386114782,-0.007204174995422363
1912,2136,002136,21.72989951505855,21.61529921925211,0.6454781293869019,0.6403464078903198,154.49240000089048,214.5289000000048,0.2518881559371948,-0.11460029580644004,-0.005131721496582031
1913,2137,002137,27.02946286002036,27.033289300784844,0.8162989616394043,0.8119693994522095,169.41030000089086,234.6520999999484,0.26865002512931824,0.0038264407644845733,-0.004329562187194824
1914,2138,002138,26.896879062832447,26.8298469211299,0.8174819946289062,0.813761293888092,160.81380000105128,251.91040000208886,0.26790404319763184,-0.06703214170254768,-0.003720700740814209
1915,2139,002139,27.481956657695797,27.4124669070086,0.8286441564559937,0.8232734799385071,172.93040000004112,212.14710000276682,0.26576268672943115,-0.06948975068719676,-0.005370676517486572
1916,2140,002140,28.413242249325982,28.31153805360578,0.7648292183876038,0.7560614943504333,177.93539999911445,218.45499999835738,0.18031632900238037,-0.1017041957202025,-0.00876772403717041
1917,2141,002141,35.2726982049255,35.36724936590402,0.960942804813385,0.9622966051101685,148.60160000171163,214.7737999985111,0.0703149363398552,0.09455116097852567,0.0013538002967834473
1918,2142,002142,34.59983785318089,34.270995537843284,0.9251416921615601,0.9251578450202942,179.95959999825573,216.8801000007079,0.05555783584713936,-0.328842315337603,1.615285873413086e-05
1919,2143,002143,28.816700601412833,28.851602919594157,0.5388373136520386,0.5389139652252197,155.87429999868618,216.97349999885773,0.1894209384918213,0.03490231818132372,7.665157318115234e-05
1920,2144,002144,28.41863944116904,28.511317594029073,0.8889340162277222,0.8872841000556946,154.51989999928628,219.2585999982839,0.23353800177574158,0.09267815286003156,-0.0016499161720275879
1921,2145,002145,22.016912479444105,22.097307358579812,0.5607141256332397,0.5499604344367981,154.12800000194693,363.70630000237725,0.12003008276224136,0.08039487913570653,-0.01075369119644165
1922,2146,002146,22.99301650989108,23.216970849915835,0.5341730117797852,0.5900975465774536,179.10049999773037,225.01999999803957,0.11386895179748535,0.22395434002475412,0.05592453479766846
1923,2147,002147,22.537886250584272,22.533387743940736,0.5554278492927551,0.5577539801597595,159.15639999730047,228.1747999986692,0.11900506913661957,-0.0044985066435359045,0.0023261308670043945
1924,2148,002148,35.38724703091341,35.219714586350044,0.960556149482727,0.9594569802284241,151.3959000003524,222.7908999993815,0.2673324942588806,-0.16753244456336347,-0.0010991692543029785
1925,2149,002149,34.417866679429714,34.35969308898276,0.9118311405181885,0.9103586673736572,148.7981000027503,200.9738999986439,0.3500370979309082,-0.05817359044695536,-0.00147247314453125
1926,2150,002150,34.86289517546049,34.58695741887435,0.9283115863800049,0.926965594291687,146.69900000080816,211.69609999924432,0.311353862285614,-0.2759377565861385,-0.001345992088317871
1927,2151,002151,34.09195374713117,34.06609749654342,0.90802001953125,0.9083728790283203,162.44649999862304,230.13469999932568,0.3400476276874542,-0.02585625058775065,0.0003528594970703125
1928,2152,002152,24.16902243176007,24.217020537759417,0.708544909954071,0.7108140587806702,150.23780000046827,195.2521000021079,0.26813894510269165,0.04799810599934773,0.002269148826599121
1929,2153,002153,25.236940611175083,25.224663370673074,0.32188117504119873,0.3113262355327606,148.83569999801693,207.8574999977718,0.21614955365657806,-0.012277240502008624,-0.01055493950843811
1930,2154,002154,25.189360067372064,25.208717250739483,0.3107679784297943,0.3113044202327728,155.21389999776147,213.15559999857214,0.21134135127067566,0.01935718336741843,0.0005364418029785156
1931,2155,002155,25.827737899669877,25.814810576519115,0.3359556794166565,0.34504014253616333,145.3661000014108,205.1677000017662,0.18564260005950928,-0.012927323150762504,0.009084463119506836
1932,2156,002156,25.360724114954643,25.276271855609785,0.7840535044670105,0.7784894704818726,155.01270000095246,212.59490000011283,0.2213381826877594,-0.08445225934485734,-0.0055640339851379395
1933,2157,002157,29.113749344366727,28.97542035934492,0.7430302500724792,0.7368991374969482,160.14060000088648,216.75630000027013,0.237528994679451,-0.13832898502180768,-0.006131112575531006
1934,2158,002158,27.299966449776786,27.1734885670155,0.6138139367103577,0.6089973449707031,154.0209999984654,211.90819999901578,0.23848846554756165,-0.1264778827612858,-0.004816591739654541
1935,2159,002159,28.786443949183436,28.7945742929135,0.6837247610092163,0.6860928535461426,151.11999999862746,212.7768999998807,0.22075796127319336,0.008130343730062606,0.0023680925369262695
1936,2160,002160,25.96764659686277,25.97132153950016,0.7760728001594543,0.7744379043579102,157.79599999950733,215.8116999999038,0.13909682631492615,0.0036749426373887673,-0.0016348958015441895
1937,2161,002161,22.820418319984196,22.93194134571329,0.6173601150512695,0.6067904829978943,165.97660000115866,219.9263999973482,0.17182408273220062,0.11152302572909534,-0.010569632053375244
1938,2162,002162,23.373579326581844,23.340908799261015,0.6390013098716736,0.6447640061378479,145.14559999952326,212.25720000074944,0.1868545264005661,-0.03267052732082831,0.005762696266174316
1939,2163,002163,23.24895434432601,23.280579539407228,0.6409205198287964,0.6397432684898376,168.45010000179172,229.19000000183587,0.20121175050735474,0.03162519508121875,-0.0011772513389587402
1940,2164,002164,23.363277421210565,23.43689124616075,0.7523614168167114,0.7623199820518494,153.90820000175154,236.60499999823514,0.2644945979118347,0.07361382495018631,0.00995856523513794
1941,2165,002165,31.970070231523135,31.701934586257124,0.8495697379112244,0.8434569239616394,162.54040000058012,218.28719999757595,0.14806623756885529,-0.2681356452660104,-0.006112813949584961
1942,2166,002166,32.66267338465412,32.36553260213857,0.8615598678588867,0.8597455024719238,196.02799999847775,228.23870000138413,0.13911665976047516,-0.2971407825155481,-0.0018143653869628906
1943,2167,002167,32.3323947767347,32.048998939347776,0.8525785207748413,0.850980281829834,161.13129999939702,253.00199999765027,0.1480114907026291,-0.28339583738692653,-0.0015982389450073242
1944,2168,002168,31.29884036948315,30.867213031680887,0.8303820490837097,0.8205042481422424,166.70260000319104,221.26540000317618,0.2025665044784546,-0.4316273378022615,-0.009877800941467285
1945,2169,002169,29.005722251419076,28.743281901297788,0.8761652112007141,0.8712446689605713,168.33179999957792,223.7349000024551,0.3543045222759247,-0.2624403501212882,-0.004920542240142822
1946,2170,002170,31.3338281664931,31.42194747070819,0.9174391627311707,0.9195281863212585,167.36579999997048,216.8904999998631,0.3528716266155243,0.08811930421509118,0.0020890235900878906
1947,2171,002171,30.767610696827603,30.892336390414382,0.9128859043121338,0.9148979187011719,161.19890000118176,217.20189999905415,0.3700946569442749,0.12472569358677887,0.002012014389038086
1948,2172,002172,26.304570064797478,26.184350110504635,0.7752434611320496,0.7697786092758179,158.34449999965727,211.2992000002123,0.26192325353622437,-0.1202199542928426,-0.0054648518562316895
1949,2173,002173,24.682702813658274,24.68958148954303,0.8788200616836548,0.8786552548408508,147.2780000003695,222.4954000012076,0.3044663369655609,0.0068786758847565466,-0.00016480684280395508
1950,2174,002174,24.630258672245276,24.61521578369843,0.8820520043373108,0.8787633180618286,166.07010000006994,225.00199999922188,0.3075811564922333,-0.015042888546844324,-0.0032886862754821777
1951,2175,002175,25.37594513148131,25.404058675575367,0.8874219059944153,0.8887352347373962,144.00880000175675,217.84539999862318,0.3065111041069031,0.028113544094058085,0.001313328742980957
1952,2176,002176,30.2894385213538,30.357312872869258,0.9063469767570496,0.905777096748352,161.17239999948652,230.08760000084294,0.22186212241649628,0.06787435151545651,-0.0005698800086975098
1953,2177,002177,27.253914677625573,27.25860482969933,0.6049940586090088,0.6050747632980347,177.05890000070212,274.41080000062357,0.09106561541557312,0.004690152073756337,8.07046890258789e-05
1954,2178,002178,27.11152669623075,27.056072484755724,0.5889747738838196,0.5807170867919922,278.4769999998389,326.18580000053043,0.09233277291059494,-0.05545421147502694,-0.008257687091827393
1955,2179,002179,27.19035364067238,27.15344852697019,0.5808876752853394,0.5804542303085327,210.97480000025826,285.80520000105025,0.09120478481054306,-0.03690511370218985,-0.0004334449768066406
1956,2180,002180,23.841482718997796,23.797231983970242,0.6846063733100891,0.6832429766654968,266.7924999987008,345.147399999405,0.2176242470741272,-0.04425073502755339,-0.0013633966445922852
1957,2181,002181,29.073741079658063,28.91531415230616,0.8477482795715332,0.8447544574737549,255.48490000073798,336.4395999997214,0.20860472321510315,-0.1584269273519041,-0.0029938220977783203
1958,2182,002182,28.26325815579081,28.098265133107358,0.8418700695037842,0.8373785018920898,262.90460000018356,323.6950999998953,0.20193929970264435,-0.16499302268345062,-0.004491567611694336
1959,2183,002183,28.757114030464088,28.613850091419486,0.8489227294921875,0.846266508102417,219.0590999998676,408.0829000013182,0.22358962893486023,-0.14326393904460133,-0.002656221389770508
1960,2184,002184,24.01767238530868,24.086472880840194,0.8025930523872375,0.7978174090385437,234.00309999851743,301.4087000010477,0.26169881224632263,0.06880049553151579,-0.004775643348693848
1961,2185,002185,32.36287687585135,31.858028230840056,0.9188833832740784,0.9149604439735413,246.69210000138264,283.7443999997049,0.3683375418186188,-0.5048486450112932,-0.003922939300537109
1962,2186,002186,31.68142205590989,31.717139489759454,0.9116211533546448,0.9115869402885437,204.74710000053165,279.167900000175,0.3458743691444397,0.0357174338495625,-3.421306610107422e-05
1963,2187,002187,31.72527773446664,31.672493223438526,0.9151537418365479,0.9143839478492737,227.82960000040475,271.989200002281,0.36969929933547974,-0.05278451102811488,-0.0007697939872741699
1964,2188,002188,22.19619795180886,22.05352591852161,0.6558225750923157,0.6601740717887878,200.47300000078394,249.95639999906416,0.26960012316703796,-0.14267203328724776,0.004351496696472168
1965,2189,002189,24.615926118651412,24.458742125967426,0.7957173585891724,0.785007119178772,193.69199999709963,265.3719000009005,0.257743239402771,-0.15718399268398642,-0.01071023941040039
1966,2190,002190,23.754688307550968,23.660609554700635,0.744891345500946,0.7478501200675964,193.62120000005234,259.08740000159014,0.24363680183887482,-0.09407875285033285,0.0029587745666503906
1967,2191,002191,25.165283468008365,25.22805212098349,0.8238282203674316,0.8200684785842896,204.1018999989319,294.9592000004486,0.2407003492116928,0.06276865297512657,-0.00375974178314209
1968,2192,002192,30.303339075257725,30.277115581732964,0.6863011121749878,0.6844092607498169,192.7374000006239,270.5491999986407,0.18802276253700256,-0.0262234935247605,-0.0018918514251708984
1969,2193,002193,32.68362685899711,32.686215519999074,0.7314453721046448,0.7321092486381531,191.44199999936973,289.43380000055186,0.18291302025318146,0.00258866100196542,0.0006638765335083008
1970,2194,002194,33.159662184921864,33.07130476898867,0.7381373047828674,0.7325307726860046,187.96830000064801,265.1752999991004,0.17108657956123352,-0.08835741593319568,-0.005606532096862793
1971,2195,002195,32.84913047475859,32.784373729162375,0.7307829856872559,0.7296038866043091,187.71770000239485,263.421700001345,0.18437528610229492,-0.06475674559621325,-0.0011790990829467773
1972,2196,002196,23.174094559461132,23.086989751672977,0.8178786039352417,0.812569260597229,201.1860999991768,259.9737000018649,0.2594599723815918,-0.08710480778815466,-0.005309343338012695
1973,2197,002197,33.16338073114188,33.12733808605862,0.8924210071563721,0.8925090432167053,200.0575000020035,313.7096999998903,0.09574177861213684,-0.036042645083256275,8.803606033325195e-05
1974,2198,002198,32.135752651276405,32.14937253042227,0.8669388294219971,0.8657099604606628,192.88699999742676,306.72190000041155,0.10949087142944336,0.013619879145863933,-0.0012288689613342285
1975,2199,002199,33.315440927007394,33.32714963127069,0.8973507285118103,0.8985098600387573,191.59009999930277,269.1627999993216,0.09581787884235382,0.011708704263298841,0.0011591315269470215
1976,2200,002200,24.74475834462364,24.6698821186112,0.6719731092453003,0.6680686473846436,212.750299997424,270.33310000115307,0.1847521811723709,-0.07487622601244226,-0.0039044618606567383
1977,2201,002201,26.183058614017646,26.195791973356567,0.7800021171569824,0.7799188494682312,188.54239999927813,293.8754999995581,0.128159761428833,0.01273335933892028,-8.32676887512207e-05
1978,2202,002202,26.067906378081616,26.080151201377962,0.7683554291725159,0.775478720664978,165.23959999904037,251.99349999820697,0.12836477160453796,0.012244823296345686,0.007123291492462158
1979,2203,002203,26.296157705719082,26.292134093930798,0.778419017791748,0.7808682322502136,182.54529999830993,270.6962999982352,0.1281183362007141,-0.004023611788284143,0.002449214458465576
1980,2204,002204,17.810149768918336,17.565848014718792,0.8319869637489319,0.8250288367271423,186.06609999915236,258.4149000031175,0.31953164935112,-0.2443017541995438,-0.006958127021789551
1981,2205,002205,19.903240096812024,19.860701043373634,0.817782998085022,0.8125942945480347,214.4780999988143,265.6100999993214,0.25623950362205505,-0.042539053438389374,-0.005188703536987305
1982,2206,002206,19.7470329212561,19.599238483865513,0.8127697110176086,0.7995510101318359,197.17889999810723,249.35240000195336,0.26217085123062134,-0.14779443739058706,-0.013218700885772705
1983,2207,002207,19.905963574607377,19.805419440750175,0.8201225996017456,0.8125028610229492,190.86929999684799,252.7410000002419,0.2563731074333191,-0.10054413385720196,-0.007619738578796387
1984,2208,002208,21.92463940504141,21.957913122006772,0.4576473832130432,0.455227255821228,174.7758999990765,272.26320000045234,0.1319466233253479,0.03327371696536119,-0.0024201273918151855
1985,2209,002209,24.134510839858542,24.06763685312577,0.6193159222602844,0.6237480044364929,196.26729999799863,269.0724999993108,0.1497105062007904,-0.066873986732773,0.004432082176208496
1986,2210,002210,24.547259610012695,24.34472703865458,0.6453479528427124,0.6046183109283447,258.13600000037695,301.22359999950277,0.15202327072620392,-0.2025325713581161,-0.040729641914367676
1987,2211,002211,24.109632254707996,24.254768587687327,0.5806897878646851,0.6176590919494629,192.34900000083144,256.5246999984083,0.1508236974477768,0.14513633297933026,0.03696930408477783
1988,2212,002212,24.243235501983907,24.20046453664213,0.34418442845344543,0.31927353143692017,178.03810000259546,253.73119999858318,0.0970519557595253,-0.042770965341777156,-0.02491089701652527
1989,2213,002213,34.14462338525152,34.150248207069595,0.8635109066963196,0.8627882599830627,178.64819999886095,249.68970000190893,0.045315682888031006,0.0056248218180741105,-0.0007226467132568359
1990,2214,002214,33.42831979320279,33.38200719318342,0.8579705357551575,0.8550664782524109,159.93429999798536,248.1910999995307,0.05458575487136841,-0.046312600019369654,-0.002904057502746582
1991,2215,002215,33.39407748352288,33.377627291845144,0.8567389249801636,0.8535673022270203,176.73260000083246,244.61499999961234,0.05081558600068092,-0.016450191677733983,-0.0031716227531433105
1992,2216,002216,30.134023955056477,30.154449800544235,0.8945440053939819,0.8953064680099487,172.96360000182176,238.41600000014296,0.08916047215461731,0.0204258454877575,0.0007624626159667969
1993,2217,002217,38.34332796385714,38.397352953828324,0.9479503631591797,0.9477831721305847,191.84780000068713,278.80240000013146,0.05928775668144226,0.054024989971182436,-0.0001671910285949707
1994,2218,002218,37.19332157368938,37.18600326169789,0.9231138229370117,0.9221930503845215,186.5484000009019,288.91359999761335,0.06925394386053085,-0.007318311991490134,-0.0009207725524902344
1995,2219,002219,35.27254096324521,35.32978763438521,0.9051148295402527,0.9055492281913757,211.02470000187168,331.72990000093705,0.06719345599412918,0.057246671139999705,0.0004343986511230469
1996,2220,002220,32.4155711597546,32.39358904668798,0.7968032956123352,0.7967470288276672,211.23720000105095,296.37650000222493,0.2526082992553711,-0.021982113066620457,-5.626678466796875e-05
1997,2221,002221,37.24054172323383,37.180876444976306,0.9318692088127136,0.9313790202140808,216.9647000009718,287.86699999909615,0.2749481201171875,-0.05966527825752621,-0.0004901885986328125
1998,2222,002222,37.12562627078671,36.81709872680196,0.9308018684387207,0.929897129535675,216.52030000041123,277.35390000088955,0.26991862058639526,-0.30852754398475213,-0.0009047389030456543
1999,2223,002223,37.67240020245206,37.552434448155665,0.936358630657196,0.9359561800956726,193.52339999750257,252.49970000004396,0.2806034982204437,-0.11996575429639478,-0.0004024505615234375
2000,2224,002224,42.117882061894406,42.1284553803816,0.9777048826217651,0.9738332629203796,183.9724000019487,240.59300000226358,0.014524171128869057,0.010573318487196559,-0.003871619701385498
2001,2225,002225,40.22630033767668,40.368788205169125,0.9609556794166565,0.9625283479690552,160.25040000022273,220.8128000020224,0.019123584032058716,0.14248786749244147,0.0015726685523986816
2002,2226,002226,40.284811505290314,40.417273538633566,0.966204047203064,0.9660300612449646,165.42190000109258,221.9571999994514,0.019099634140729904,0.13246203334325202,-0.00017398595809936523
2003,2227,002227,40.4019813022835,40.49971738118106,0.9675281047821045,0.9676696062088013,158.22409999964293,276.6983999972581,0.019055791199207306,0.09773607889755453,0.00014150142669677734
2004,2228,002228,21.694903559444484,21.695470561140997,0.7383030652999878,0.7370497584342957,184.7641999993357,232.08580000209622,0.17787380516529083,0.0005670016965133584,-0.0012533068656921387
2005,2229,002229,32.17173619603574,32.19936133705068,0.8695991635322571,0.8698651194572449,225.3649000012956,421.9989999983227,0.2016344517469406,0.027625141014944177,0.00026595592498779297
2006,2230,002230,33.88798513872572,34.01272324593702,0.8916930556297302,0.8935373425483704,294.87849999713944,368.5498999984702,0.19131459295749664,0.12473810721130008,0.0018442869186401367
2007,2231,002231,31.236265484092375,31.329846195216664,0.8425067663192749,0.8426924347877502,262.02599999669474,376.35389999923063,0.20576655864715576,0.09358071112428945,0.0001856684684753418
2008,2232,002232,30.92391243955899,30.956297397528473,0.8242945075035095,0.8250630497932434,261.98329999897396,350.6393999996362,0.16493089497089386,0.03238495796948371,0.0007685422897338867
2009,2233,002233,29.18499310393343,29.144145645284503,0.835141122341156,0.8355579376220703,262.26690000112285,539.2200999995111,0.10561423748731613,-0.04084745864892625,0.00041681528091430664
2010,2234,002234,28.830424832390456,29.049690526335446,0.8210566639900208,0.829933226108551,475.27009999976144,656.4971000007063,0.10710673779249191,0.2192656939449904,0.008876562118530273
2011,2235,002235,28.418342289272292,27.95927947461894,0.808447539806366,0.7843734622001648,482.95499999949243,637.2460999991745,0.10750968009233475,-0.45906281465335397,-0.024074077606201172
2012,2236,002236,21.672706686655857,21.651360208440728,0.7645244598388672,0.7632550001144409,450.83140000133426,631.8466999982775,0.26875895261764526,-0.02134647821512914,-0.0012694597244262695
2013,2237,002237,23.451481585583053,23.410267571088667,0.7732344269752502,0.7717700600624084,662.9875000035099,670.2807000001485,0.28837820887565613,-0.04121401449438622,-0.0014643669128417969
2014,2238,002238,22.72857040713322,22.744738767461858,0.7471633553504944,0.7458522319793701,459.7332999983337,673.813200002769,0.27241143584251404,0.016168360328638443,-0.0013111233711242676
2015,2239,002239,22.52968934360608,22.54232288130565,0.7483715415000916,0.7484931945800781,458.0705999978818,610.9704000009515,0.2444106489419937,0.012633537699571207,0.00012165307998657227
2016,2272,002272,29.158504025207957,29.121233112356734,0.9025315642356873,0.9016286730766296,457.45220000026166,659.7738999989815,0.20104952156543732,-0.037270912851223414,-0.0009028911590576172
2017,2273,002273,36.42649162821738,36.39100615030233,0.941641092300415,0.940116822719574,459.3434000016714,643.5638000002655,0.1050570160150528,-0.03548547791504575,-0.0015242695808410645
2018,2274,002274,37.06738603447867,36.9623518672035,0.9415261745452881,0.940567135810852,454.42999999795575,646.5787999986787,0.10108287632465363,-0.10503416727517134,-0.0009590387344360352
2019,2275,002275,36.77285700797811,36.75932671928032,0.9431887865066528,0.9421413540840149,501.4846000012767,645.513800001936,0.10085723549127579,-0.013530288697793935,-0.0010474324226379395
2020,2276,002276,32.16500560654205,32.1998566347266,0.8191351294517517,0.8181824088096619,463.7551000014355,698.1665999992401,0.11454755067825317,0.03485102818454777,-0.0009527206420898438
2021,2277,002277,28.282472762462447,28.2378469271835,0.46012458205223083,0.46696776151657104,464.46730000025127,643.0717000002915,0.1727389544248581,-0.04462583527894637,0.00684317946434021
2022,2278,002278,29.208059171947443,29.224577518852605,0.5049713253974915,0.5096119046211243,463.17460000136634,746.5902999974787,0.18991711735725403,0.016518346905161962,0.0046405792236328125
2023,2279,002279,29.627145978068476,29.65178427123083,0.5264149308204651,0.5307899713516235,459.7251999985019,624.2147000011755,0.19065476953983307,0.02463829316235433,0.004375040531158447
2024,2280,002280,32.28353695801408,32.13668099420013,0.9366418719291687,0.9284507632255554,463.87249999679625,686.8821999996726,0.1921817660331726,-0.14685596381395527,-0.008191108703613281
2025,2281,002281,24.702624319786835,24.762640613886067,0.7955483794212341,0.8011773824691772,456.96979999775067,1414.8037000013574,0.2819870412349701,0.06001629409923126,0.005629003047943115
2026,2282,002282,24.841538196353042,24.825818212535236,0.8094468116760254,0.8060674071311951,1959.2481999970914,640.996999998606,0.2936922311782837,-0.015719983817806593,-0.0033794045448303223
2027,2283,002283,24.449434214971518,24.442241613343818,0.8009893298149109,0.7983359098434448,451.616099999228,658.7093999987701,0.2912624776363373,-0.007192601627700412,-0.0026534199714660645
2028,2284,002284,25.709927007586888,25.75359647461529,0.6959019899368286,0.689237117767334,452.2862999983772,625.6742000005033,0.13248173892498016,0.04366946702840124,-0.006664872169494629
2029,2285,002285,23.56819046948525,23.571642715100563,0.7335309386253357,0.7305148243904114,458.41980000113836,723.0855000016163,0.16493842005729675,0.003452245615314098,-0.0030161142349243164
2030,2286,002286,23.569524853250737,23.592560915630113,0.7347798347473145,0.7321721911430359,511.21229999989737,673.7995999974373,0.16970260441303253,0.02303606237937572,-0.0026076436042785645
2031,2287,002287,23.775667696829117,23.761993416811965,0.7461060285568237,0.7396728992462158,640.40969999769,886.845799999719,0.16860036551952362,-0.01367428001715254,-0.00643312931060791
2032,2288,002288,29.005929560503102,28.933515554745398,0.8477293252944946,0.8470499515533447,459.252299999207,640.4107000016666,0.2296949028968811,-0.07241400575770385,-0.0006793737411499023
2033,2289,002289,29.690744809589873,29.764749544859157,0.8641569018363953,0.865971565246582,498.3474999971804,664.6614999990561,0.22793610394001007,0.07400473526928408,0.0018146634101867676
2034,2290,002290,30.113163040353026,29.959624930659526,0.8690778613090515,0.8656041622161865,456.4475000006496,641.2638000001607,0.22868603467941284,-0.1535381096934998,-0.0034736990928649902
2035,2291,002291,30.118082163643493,29.90217138632253,0.8614893555641174,0.8565645217895508,504.0982000027725,658.4393999983149,0.2241898775100708,-0.2159107773209641,-0.00492483377456665
2036,2292,002292,26.740664334825777,26.724498873187112,0.7745371460914612,0.7660861611366272,462.2352000005776,693.4670000009646,0.36573347449302673,-0.01616546163866417,-0.008450984954833984
2037,2293,002293,24.69030312033286,24.784073099210797,0.7744497656822205,0.7770450115203857,499.7146000023349,676.5798000014911,0.20213203132152557,0.09376997887793692,0.002595245838165283
2038,2294,002294,24.495769678514204,24.511062375724677,0.771751880645752,0.7765809297561646,480.8967999997549,842.6239000000351,0.20342758297920227,0.015292697210472994,0.004829049110412598
2039,2295,002295,24.699027210137285,24.691731621182896,0.7944661378860474,0.7962430715560913,495.343700000376,650.9498999985226,0.2151540070772171,-0.007295588954388421,0.0017769336700439453
2040,2296,002296,29.587526663548434,29.598801130227116,0.8185585141181946,0.8122276067733765,468.75619999991613,694.8926000004576,0.10332866758108139,0.011274466678681705,-0.006330907344818115
2041,2297,002297,29.455804741088034,29.492939525522587,0.8049048781394958,0.8070185780525208,468.2183000004443,702.058599999873,0.10391112416982651,0.03713478443455287,0.0021136999130249023
2042,2298,002298,29.760416424727033,29.794092882615097,0.8101179003715515,0.8109806180000305,457.60859999791137,683.6737000012363,0.10277854651212692,0.03367645788806328,0.0008627176284790039
2043,2299,002299,28.508546520643062,28.50226767557814,0.7660143375396729,0.7631059288978577,465.79860000201734,648.2438999992155,0.0995277464389801,-0.006278845064922933,-0.0029084086418151855
2044,2300,002300,26.002880327942922,26.220458355353962,0.5846464037895203,0.6213639378547668,469.3392999979551,697.1970000013243,0.15604786574840546,0.21757802741104015,0.03671753406524658
2045,2301,002301,34.37455180338366,34.27428861664052,0.8674212694168091,0.8664212822914124,461.6143000021111,645.5780000032973,0.1667165458202362,-0.10026318674314183,-0.0009999871253967285
2046,2302,002302,33.70197305095032,33.64732574993838,0.8429095149040222,0.8411460518836975,475.5676000022504,678.2352000009269,0.1954284906387329,-0.05464730101193993,-0.001763463020324707
2047,2303,002303,33.17252074030412,32.911186590833374,0.8284982442855835,0.8272246718406677,474.86919999937527,639.457900000707,0.18996556103229523,-0.2613341494707484,-0.0012735724449157715
2048,2304,002304,26.44716831893136,26.41017396435522,0.814970076084137,0.8139647245407104,468.6713000010059,669.3431000021519,0.13781066238880157,-0.036994354576140864,-0.0010053515434265137
2049,2305,002305,27.702250271099405,27.747114634460658,0.6567379236221313,0.6606000065803528,466.2451999975019,707.8357000027609,0.08445780724287033,0.04486436336125266,0.0038620829582214355
2050,2306,002306,27.20585521060928,27.206197604350915,0.6433860063552856,0.6438055634498596,466.10949999740114,699.9577999995381,0.0987449437379837,0.00034239374163647085,0.0004195570945739746
2051,2307,002307,27.05377789679522,26.887694826589605,0.6312525868415833,0.6237464547157288,460.4869000031613,644.1058999989764,0.08730869740247726,-0.16608307020561597,-0.007506132125854492
2052,2308,002308,26.87196907158194,26.88812042124937,0.8395102620124817,0.8384063839912415,507.1711000018695,675.8387999980187,0.2361615151166916,0.01615134966742815,-0.0011038780212402344
2053,2309,002309,29.04210753849125,28.95774281719635,0.8475350141525269,0.8456501960754395,500.5613999965135,642.4977000024228,0.2490079551935196,-0.08436472129490014,-0.0018848180770874023
2054,2310,002310,29.095909351683513,29.092270812897553,0.8438123464584351,0.8416420221328735,532.3275000009744,676.0168999971938,0.24127541482448578,-0.0036385387859603213,-0.0021703243255615234
2055,2311,002311,29.038860732609653,29.09953468312839,0.8424400687217712,0.8442701101303101,476.41029999795137,657.1781000020565,0.2444746494293213,0.06067395051873703,0.0018300414085388184
2056,2312,002312,30.992199013917467,30.962894963050672,0.9301432371139526,0.9280780553817749,536.9855999997526,728.6606999987271,0.39182838797569275,-0.029304050866794995,-0.0020651817321777344
2057,2313,002313,26.80180650929104,26.816942540123506,0.8597486615180969,0.8614057898521423,474.78659999978845,647.257599997829,0.2149062305688858,0.015136030832465508,0.0016571283340454102
2058,2314,002314,27.79638799545124,27.771042112169223,0.8856995105743408,0.8876785039901733,461.08559999993304,626.0817000002135,0.2208324819803238,-0.025345883282017923,0.0019789934158325195
2059,2315,002315,26.291060862413328,26.360286252770806,0.8496913313865662,0.8506612181663513,454.8737000004621,731.9607000026735,0.21531255543231964,0.06922539035747732,0.0009698867797851562
2060,2316,002316,26.379071675710275,26.26150397665965,0.8405359983444214,0.8383419513702393,562.3906000000716,856.2076999987767,0.24604779481887817,-0.1175676990506247,-0.002194046974182129
2061,2317,002317,18.688687111846516,18.769601393254028,0.5621002912521362,0.560692310333252,497.1675000015239,681.8222999972932,0.15480592846870422,0.08091428140751233,-0.0014079809188842773
2062,2318,002318,19.274391311826676,19.244900474858955,0.5750622749328613,0.5879654884338379,476.71880000052624,700.042399999802,0.15564385056495667,-0.029490836967720924,0.012903213500976562
2063,2319,002319,19.476519276316132,19.44223347414021,0.5945000648498535,0.5814028382301331,500.94800000078976,681.1491999978898,0.15556542575359344,-0.0342858021759227,-0.013097226619720459
2064,2320,002320,28.809594186274584,28.88726000113038,0.9143326878547668,0.9153306484222412,502.0208999994793,616.6570000023057,0.20831002295017242,0.07766581485579493,0.0009979605674743652
2065,2321,002321,25.878690790288758,25.865335464301822,0.7716502547264099,0.7659971714019775,500.2415999988443,631.2926999999036,0.23302516341209412,-0.013355325986935895,-0.005653083324432373
2066,2322,002322,25.502540447306906,25.547570618808383,0.7527493834495544,0.7508191466331482,471.50500000134343,791.7550999991363,0.23295143246650696,0.0450301715014767,-0.00193023681640625
2067,2323,002323,24.662706751513692,24.659798142821913,0.8009936213493347,0.7936283349990845,665.966099997604,672.6314999978058,0.28558439016342163,-0.0029086086917793352,-0.007365286350250244
2068,2324,002324,31.0750890709558,30.82138156703149,0.8617624044418335,0.8604355454444885,468.13359999941895,668.8907999996445,0.26469647884368896,-0.25370750392431063,-0.0013268589973449707
2069,2325,002325,31.10307017280915,30.787219650163685,0.8732315897941589,0.8686612844467163,463.1842999988294,644.5072999995318,0.19710518419742584,-0.31585052264546576,-0.004570305347442627
2070,2326,002326,30.7581445648135,30.777679749651977,0.8645402789115906,0.8640109300613403,483.06879999654484,867.7633999977843,0.19474127888679504,0.01953518483847816,-0.0005293488502502441
2071,2327,002327,31.38760711363219,31.167578043168717,0.8684999942779541,0.8644435405731201,468.6961000006704,628.7462000000232,0.18967199325561523,-0.22002907046347175,-0.004056453704833984
2072,2328,002328,24.34768979702955,24.21659927358672,0.5355014204978943,0.5068762898445129,460.44610000171815,669.5070999994641,0.1544257253408432,-0.131090523442829,-0.028625130653381348
2073,2329,002329,30.132387101951043,30.34352093572865,0.5111839175224304,0.5340021252632141,453.2662999990862,679.3217999984336,0.031662020832300186,0.21113383377760897,0.02281820774078369
2074,2330,002330,30.12891772035452,30.168661185960815,0.5174989104270935,0.5211460590362549,444.5363000013458,834.0476999983366,0.03206904977560043,0.03974346560629627,0.003647148609161377
2075,2331,002331,26.56526201122359,26.724042723296986,0.3567110598087311,0.40215063095092773,454.4948000002478,632.9747999989195,0.04937036707997322,0.15878071207339417,0.045439571142196655
2076,2332,002332,30.13884745248474,30.141851914346013,0.7304848432540894,0.7458789944648743,450.03490000090096,660.555900001782,0.043280910700559616,0.0030044618612734553,0.015394151210784912
2077,2333,002333,35.980867941126704,36.149337651177255,0.8652711510658264,0.8705983757972717,451.05080000212183,662.6581999989867,0.061733178794384,0.16846971005055167,0.0053272247314453125
2078,2334,002334,35.98175774733552,36.006659333800954,0.8695251941680908,0.8693888783454895,461.93420000054175,682.407799999055,0.05633757263422012,0.0249015864654325,-0.00013631582260131836
2079,2335,002335,35.55073245884283,35.45702031362047,0.8676856756210327,0.8608601093292236,467.18069999769796,705.7801000009931,0.06222528591752052,-0.09371214522236215,-0.006825566291809082
2080,2336,002336,21.325886065076038,21.394976792361934,0.6304702162742615,0.637974202632904,460.6478999994579,690.8179000020027,0.3047229051589966,0.06909072728589649,0.007503986358642578
2081,2337,002337,29.39426957525223,29.424944102572233,0.5310103297233582,0.5236932039260864,452.32920000125887,614.4137999981467,0.21166250109672546,0.0306745273200022,-0.0073171257972717285
2082,2338,002338,28.24577133202766,28.201077730909788,0.4631722867488861,0.4594123363494873,452.74609999978566,688.3651000025566,0.21291588246822357,-0.04469360111787424,-0.0037599503993988037
2083,2339,002339,28.63164212831462,28.634353698745727,0.4759947955608368,0.4836544990539551,509.5139000004565,633.9281999971718,0.21396122872829437,0.0027115704311064803,0.007659703493118286
2084,2340,002340,27.031126896497895,27.00469955879354,0.6468338966369629,0.6338439583778381,460.0112000007357,667.5420999999915,0.09794769436120987,-0.026427337704355125,-0.012989938259124756
2085,2341,002341,29.55204052812813,29.385561536581513,0.7544768452644348,0.7465479373931885,460.64669999759644,635.3414999975939,0.09599582850933075,-0.16647899154661872,-0.007928907871246338
2086,2342,002342,30.134285057893813,29.94168333737401,0.7681161761283875,0.763441801071167,541.1318999977084,744.746699998359,0.0992613136768341,-0.19260172051980362,-0.004674375057220459
2087,2343,002343,30.450306237927983,30.26584789382109,0.7792971730232239,0.7723805904388428,668.0854999976873,649.7906999975385,0.09832937270402908,-0.18445834410689343,-0.0069165825843811035
2088,2344,002344,30.5520092837053,30.579115780679345,0.9056017398834229,0.9048210978507996,527.1536000000197,655.6601000011142,0.23548021912574768,0.02710649697404577,-0.000780642032623291
2089,2345,002345,32.50447437865461,32.43081040349954,0.7936250567436218,0.7928615808486938,448.1295000005048,645.9160999984306,0.11628688871860504,-0.07366397515507117,-0.0007634758949279785
2090,2346,002346,32.53942061932505,32.512920908144004,0.7921043038368225,0.7948596477508545,485.91189999933704,665.8247000013944,0.12023285031318665,-0.026499711181045882,0.0027553439140319824
2091,2347,002347,32.63588988496777,32.69329734468644,0.7921425700187683,0.7942776679992676,467.866300001333,635.3202000027522,0.11686211079359055,0.05740745971867511,0.0021350979804992676
2092,2348,002348,27.458990151677035,27.401778252753676,0.866356611251831,0.8667081594467163,520.136499999353,719.0999999984342,0.3209894001483917,-0.05721189892335943,0.0003515481948852539
2093,2349,002349,25.684019036786438,25.580512204407352,0.6483283042907715,0.6523138880729675,492.742400001589,855.8468999981415,0.11632520705461502,-0.10350683237908598,0.003985583782196045
2094,2350,002350,26.264523046514753,26.244993327333393,0.6961922645568848,0.6996043920516968,649.0460000022722,638.1083999986004,0.11269274353981018,-0.01952971918136015,0.0034121274948120117
2095,2351,002351,25.43267784010768,25.545896287369963,0.6093477606773376,0.6290448904037476,469.45939999932307,672.6589999998396,0.10545723140239716,0.11321844726228392,0.019697129726409912
2096,2352,002352,27.043132814917712,27.212304723193974,0.8364356756210327,0.8379790782928467,470.07269999812706,674.1228000028059,0.19696316123008728,0.16917190827626172,0.0015434026718139648
2097,2353,002353,34.55005677756858,34.765850898768505,0.9385626316070557,0.9392101168632507,457.2714999994787,665.4416999990644,0.36420226097106934,0.21579412119992725,0.0006474852561950684
2098,2354,002354,35.38746588960167,35.299444757643066,0.9404177069664001,0.9393778443336487,450.25320000058855,660.7426000009582,0.35995930433273315,-0.08802113195860528,-0.0010398626327514648
2099,2355,002355,34.94027957397367,35.08245554982166,0.9381413459777832,0.9371762275695801,475.7759999993141,697.8085000009742,0.36850786209106445,0.1421759758479908,-0.000965118408203125
2100,2356,002356,30.43308072820857,30.47595469560491,0.8822861909866333,0.8808978199958801,489.9732999983826,631.5305999996781,0.13537350296974182,0.042873967396339197,-0.0013883709907531738
2101,2357,002357,39.826437953236116,39.81048120908666,0.9679186940193176,0.9674866199493408,480.09989999991376,846.9762999993691,0.05758843943476677,-0.015956744149455915,-0.00043207406997680664
2102,2358,002358,37.70034395924636,37.71533858395797,0.968016505241394,0.967822790145874,464.3995999977051,635.1848000012978,0.05705292522907257,0.014994624711611948,-0.00019371509552001953
2103,2359,002359,42.071987138733185,42.18553815273373,0.9824752807617188,0.9828988909721375,494.98030000177096,641.8355999994674,0.039313171058893204,0.11355101400054224,0.00042361021041870117
2104,2360,002360,19.99446665184395,19.95155122661721,0.6951198577880859,0.6892403364181519,487.7511999984563,665.4791999972076,0.24337807297706604,-0.04291542522674163,-0.005879521369934082
2105,2361,002361,24.728863106856885,24.74623150954131,0.8061957359313965,0.8058742880821228,411.0895999983768,527.405999997427,0.27116507291793823,0.017368402684425632,-0.00032144784927368164
2106,2362,002362,24.146864823181918,24.128923771037144,0.7815208435058594,0.7797480821609497,254.83949999761535,362.92630000025383,0.27173659205436707,-0.01794105214477426,-0.001772761344909668
2107,2363,002363,24.39876641967974,24.42463551799804,0.7903267741203308,0.7908143401145935,240.97319999782485,267.14129999891156,0.26951298117637634,0.025869098318302974,0.0004875659942626953
2108,2364,002364,26.29994141418015,26.172986197208058,0.7516045570373535,0.7492048144340515,262.97279999926104,206.2350999985938,0.19569818675518036,-0.12695521697209244,-0.002399742603302002
2109,2365,002365,32.9666443349644,32.983478997954855,0.9564282298088074,0.9573172926902771,189.3196999990323,208.65970000158995,0.367334246635437,0.016834662990454774,0.0008890628814697266
2110,2366,002366,33.133198864695345,33.11617739097561,0.957155168056488,0.9581531286239624,150.7195000012871,205.7972999973572,0.3897631764411926,-0.017021473719736946,0.0009979605674743652
2111,2367,002367,32.789047984726594,33.060614971796,0.9549622535705566,0.9563226103782654,159.69829999812646,283.44859999924665,0.3835754990577698,0.27156698706940574,0.0013603568077087402
2112,2368,002368,28.29965758438206,28.459351236888814,0.8280488848686218,0.8322047591209412,185.5132999990019,214.5940000009432,0.18822291493415833,0.15969365250675338,0.004155874252319336
2113,2369,002369,34.265103944373884,34.47597354754356,0.9228090047836304,0.9237449765205383,143.1066999975883,188.09280000277795,0.21399974822998047,0.21086960316967662,0.000935971736907959
2114,2370,002370,34.76447807129853,35.00805781113508,0.9289512634277344,0.9288603663444519,132.7168999996502,216.11920000214013,0.20660413801670074,0.24357973983655512,-9.08970832824707e-05
2115,2371,002371,33.73394564899337,33.79252077714852,0.9279859662055969,0.928116500377655,157.5405999974464,188.30510000043432,0.2641768157482147,0.05857512815514809,0.00013053417205810547
2116,2372,002372,28.190368959567756,28.1629325019407,0.889163076877594,0.8872383832931519,136.69880000088597,195.39609999992535,0.1962059587240219,-0.02743645762705782,-0.0019246935844421387
2117,2373,002373,29.0504757864508,28.955333834383037,0.8781284093856812,0.8728924989700317,132.06590000118013,196.85309999840683,0.2123570293188095,-0.09514195206776321,-0.005235910415649414
2118,2374,002374,30.114678171763472,30.013429345716155,0.8882485628128052,0.8872624039649963,141.15310000124737,199.28989999971236,0.19297093152999878,-0.10124882604731766,-0.0009861588478088379
2119,2375,002375,29.200486262265176,29.300926545935827,0.8719851970672607,0.8748311996459961,136.51839999874937,184.2212000010477,0.20523595809936523,0.10044028367065039,0.0028460025787353516
2120,2376,002376,38.015170289799485,37.990539403693404,0.9366384148597717,0.9371436238288879,132.96970000010333,191.9077999991714,0.14225320518016815,-0.024630886106081107,0.0005052089691162109
2121,2377,002377,25.093015995314786,25.11054696082666,0.7232787013053894,0.7170080542564392,145.39749999676133,198.654700001498,0.2453492432832718,0.01753096551187383,-0.006270647048950195
2122,2378,002378,24.871874880662222,24.9071101035766,0.7130866050720215,0.7044218182563782,140.42060000065248,191.2847999992664,0.2455236315727234,0.03523522291437686,-0.00866478681564331
2123,2379,002379,24.21618283051285,24.169678636177345,0.6824505925178528,0.6799872517585754,137.96440000078292,189.39039999895613,0.2585366368293762,-0.04650419433550468,-0.0024633407592773438
2124,2380,002380,30.2056392919987,30.3078192513445,0.846706211566925,0.8478674292564392,138.70659999884083,196.78980000026058,0.12097293138504028,0.1021799593458006,0.0011612176895141602
2125,2381,002381,26.598907458051322,26.637897039008894,0.4042132794857025,0.40151476860046387,138.1336000013107,198.01339999685297,0.17336952686309814,0.038989580957572656,-0.0026985108852386475
2126,2382,002382,26.536543457318558,26.48889822961328,0.4041702151298523,0.3913509249687195,137.8404999995837,206.32669999758946,0.17577672004699707,-0.047645227705277904,-0.012819290161132812
2127,2383,002383,26.369495599316043,26.336345732513443,0.38780680298805237,0.38888663053512573,152.6202999993984,218.12890000001062,0.1869141012430191,-0.03314986680259935,0.0010798275470733643
2128,2384,002384,33.0964944521208,33.03733692340986,0.8910325169563293,0.8895493745803833,140.7271000025503,199.77879999714787,0.2238713800907135,-0.05915752871094071,-0.001483142375946045
2129,2385,002385,22.391234735311556,22.442616179687775,0.2848421335220337,0.30646073818206787,140.8973000034166,194.41160000133095,0.21990738809108734,0.05138144437621861,0.02161860466003418
2130,2386,002386,22.485199799238277,22.459118496572646,0.2663959562778473,0.2683594524860382,133.6360000022978,194.37610000022687,0.24890264868736267,-0.0260813026656308,0.001963496208190918
2131,2387,002387,22.199424994778564,22.262917629064933,0.3372563421726227,0.2734258770942688,136.32200000211014,189.63319999966188,0.16145089268684387,0.06349263428636931,-0.06383046507835388
2132,2388,002388,24.154582109125478,24.02195076822028,0.779364287853241,0.7769950032234192,138.67559999926016,190.81509999887203,0.24741728603839874,-0.13263134090519912,-0.0023692846298217773
2133,2389,002389,24.673132491671765,24.722336511875703,0.5899681448936462,0.5922578573226929,137.33919999867794,191.45489999937126,0.15554825961589813,0.04920402020393766,0.002289712429046631
2134,2390,002390,24.498517230379534,24.546697969302727,0.5826117992401123,0.5878527164459229,134.75749999997788,184.4773000011628,0.15854889154434204,0.04818073892319319,0.005240917205810547
2135,2391,002391,25.964820405019854,25.864485663884587,0.6278285384178162,0.625950813293457,131.80699999793433,189.77380000069388,0.12774375081062317,-0.10033474113526708,-0.0018777251243591309
2136,2392,002392,34.444465345283405,34.38088396171304,0.8923865556716919,0.8923439383506775,140.8278999988397,216.2912999992841,0.11000832915306091,-0.0635813835703658,-4.26173210144043e-05
2137,2393,002393,20.390094615499763,20.395118914584067,0.6734576225280762,0.6802660822868347,153.86790000047768,214.86959999674582,0.24435852468013763,0.005024299084304573,0.006808459758758545
2138,2394,002394,20.43595658023156,20.346242066381862,0.682733952999115,0.67313152551651,136.24649999837857,190.67639999775565,0.24411647021770477,-0.08971451384969953,-0.00960242748260498
2139,2395,002395,20.347630014993104,20.332370248060027,0.6779797673225403,0.6817725896835327,144.9670000001788,197.31730000057723,0.2572191059589386,-0.015259766933077401,0.0037928223609924316
2140,2396,002396,25.854598683357594,25.870969375600403,0.7305429577827454,0.7339784502983093,146.15799999955925,194.7677999996813,0.16038109362125397,0.01637069224280907,0.003435492515563965
2141,2397,002397,28.12620734503757,28.226899426354414,0.6777850985527039,0.6924222707748413,133.53379999898607,187.14960000215797,0.09827785938978195,0.10069208131684348,0.014637172222137451
2142,2398,002398,28.046597634668636,28.04639757008305,0.6899378895759583,0.6868717074394226,135.83809999909136,186.0028000010061,0.09805674105882645,-0.0002000645855844141,-0.0030661821365356445
2143,2399,002399,28.366296750841382,28.3145072786639,0.6857852339744568,0.6861224174499512,135.2931000001263,183.9319999999134,0.08022962510585785,-0.05178947217748231,0.00033718347549438477
2144,2400,002400,23.778135998854832,23.795069111208264,0.7872830033302307,0.7872748374938965,135.93960000071093,193.07560000015656,0.2813718020915985,0.016933112353431312,-8.165836334228516e-06
2145,2401,002401,21.400819500282967,21.398667984798433,0.578102171421051,0.5655924081802368,138.51290000093286,187.99339999895892,0.1549689769744873,-0.0021515154845346274,-0.012509763240814209
2146,2402,002402,21.27278612105559,21.360794044194684,0.5768589377403259,0.5558411478996277,131.1329999989539,200.0129999978526,0.14983052015304565,0.08800792313909511,-0.021017789840698242
2147,2403,002403,21.222578790351786,21.32616905364451,0.5629941821098328,0.5434200167655945,135.7696000013675,195.24989999990794,0.15422235429286957,0.10359026329272325,-0.01957416534423828
2148,2404,002404,23.62829853873397,23.552165224373226,0.7509119510650635,0.7480545043945312,135.91319999977713,186.7695000000822,0.2415532022714615,-0.07613331436074233,-0.0028574466705322266
2149,2405,002405,33.55946542133127,33.43001392474015,0.9251510500907898,0.9243996143341064,132.73639999897568,185.93240000336664,0.2367221713066101,-0.1294514965911162,-0.0007514357566833496
2150,2406,002406,33.578104216464475,33.638256382865315,0.919241726398468,0.9198103547096252,130.22410000121454,188.3516999987478,0.20371802151203156,0.0601521664008402,0.0005686283111572266
2151,2407,002407,34.16164544948588,34.12389808580309,0.9248969554901123,0.9244765639305115,137.74579999881098,190.40070000119158,0.272937536239624,-0.03774736368279008,-0.0004203915596008301
2152,2408,002408,31.593995840148533,31.663607598365388,0.927626371383667,0.9270704388618469,136.07849999971222,195.62130000122124,0.19150926172733307,0.06961175821685472,-0.0005559325218200684
2153,2409,002409,21.499354572257424,21.474742741740805,0.6566011309623718,0.6574980020523071,186.39099999927566,190.14990000141552,0.1822340041399002,-0.024611830516619193,0.0008968710899353027
2154,2410,002410,21.896150678585396,21.93375039940982,0.668513298034668,0.6703654527664185,142.15359999798238,225.85999999864725,0.18222765624523163,0.03759972082442431,0.0018521547317504883
2155,2411,002411,21.18321095783535,21.182548881081516,0.6134412884712219,0.6263715028762817,135.0840999984939,190.86959999913233,0.18209636211395264,-0.0006620767538336736,0.012930214405059814
2156,2412,002412,26.52022390368534,26.67063256279295,0.7593823075294495,0.7574037909507751,138.72400000036578,214.6742999975686,0.17936134338378906,0.15040865910760814,-0.0019785165786743164
2157,2413,002413,34.78725135017227,34.60449334166785,0.9481002688407898,0.9472856521606445,139.80349999837927,184.46309999853838,0.2278352975845337,-0.1827580085044218,-0.0008146166801452637
2158,2414,002414,35.041484540794535,35.405386008502404,0.911230742931366,0.9320636987686157,127.61289999980363,198.67259999955422,0.2148965299129486,0.36390146770786913,0.020832955837249756
2159,2415,002415,34.74722748288184,35.994848196267036,0.8847678303718567,0.9324944615364075,146.92199999990407,180.37790000016685,0.21326802670955658,1.2476207133851958,0.04772663116455078
2160,2416,002416,21.021406578584482,21.013190819909056,0.7110990285873413,0.7054641246795654,132.56529999853228,202.62929999807966,0.17414173483848572,-0.008215758675426343,-0.005634903907775879
2161,2417,002417,27.01099253863255,27.02556543989038,0.7846919894218445,0.7756416201591492,140.89610000155517,194.86369999867748,0.1637311428785324,0.014572901257828619,-0.009050369262695312
2162,2418,002418,27.381609142824743,27.342175916302097,0.7960827946662903,0.7882832884788513,132.31369999994058,207.45450000322307,0.16154760122299194,-0.03943322652264669,-0.007799506187438965
2163,2419,002419,27.775305152527274,27.725136863702936,0.7769610285758972,0.7813085913658142,174.0405999989889,195.0068000005558,0.14352600276470184,-0.05016828882433799,0.004347562789916992
2164,2420,002420,32.89932870693012,32.72224278342143,0.8090068697929382,0.8032240271568298,139.0041000013298,202.972499999305,0.13056287169456482,-0.17708592350869168,-0.0057828426361083984
2165,2421,002421,31.848263671742902,31.878097524874292,0.9037269353866577,0.9025793671607971,159.1152000000875,249.34279999797582,0.17262952029705048,0.02983385313138953,-0.0011475682258605957
2166,2422,002422,32.46795198526004,32.356731368569186,0.9110409617424011,0.909842312335968,157.90729999935138,202.88909999726457,0.17299334704875946,-0.1112206166908507,-0.0011986494064331055
2167,2423,002423,32.53095156190976,32.571838581623894,0.9112628698348999,0.9107885956764221,137.02660000126343,185.33879999813507,0.1770724356174469,0.040887019714134,-0.0004742741584777832
2168,2424,002424,36.284749785520496,36.10530914287628,0.9342023134231567,0.9333293437957764,136.07039999988046,188.38789999790606,0.24544869363307953,-0.17944064264421655,-0.0008729696273803711
2169,2425,002425,35.907857989779316,35.62651231102713,0.9356188178062439,0.9357399940490723,145.74500000162516,200.2664999999979,0.2120804786682129,-0.28134567875218863,0.00012117624282836914
2170,2426,002426,36.12595456980857,35.862296607574294,0.9386972784996033,0.937761664390564,147.18699999866658,186.0753000000841,0.1629682034254074,-0.2636579622342765,-0.0009356141090393066
2171,2427,002427,36.83024464454803,37.24268473416206,0.9364842176437378,0.937016487121582,133.15390000207117,191.6654999986349,0.20049327611923218,0.4124400896140301,0.0005322694778442383
2172,2428,002428,27.773656066786817,27.848688860053148,0.7880665063858032,0.7891883254051208,135.40719999946305,186.51220000174362,0.16977663338184357,0.07503279326633105,0.001121819019317627
2173,2429,002429,27.706819892808248,27.710725016618202,0.778065025806427,0.7810593247413635,132.8100999999151,216.2624999982654,0.19073179364204407,0.003905123809953892,0.0029942989349365234
2174,2430,002430,28.09388251688941,28.212826667890983,0.7798448801040649,0.7793678641319275,142.2119000017119,180.3381999998237,0.18120035529136658,0.11894415100157474,-0.00047701597213745117
2175,2431,002431,26.813240714095485,26.918893746228022,0.7466397285461426,0.7535199522972107,134.34859999688342,178.05109999972046,0.18097953498363495,0.10565303213253685,0.006880223751068115
2176,2432,002432,29.598303312058853,29.68629548831278,0.9192367792129517,0.92039555311203,135.23560000248835,198.23840000026394,0.22087348997592926,0.08799217625392686,0.0011587738990783691
2177,2433,002433,27.80814731062277,27.816919615167386,0.7711561918258667,0.7744298577308655,135.41990000157966,191.04239999796846,0.16431128978729248,0.008772304544617526,0.0032736659049987793
2178,2434,002434,26.87654652586311,26.80934538110378,0.7152615189552307,0.718537449836731,139.3223000013677,195.3151000016078,0.17898611724376678,-0.06720114475933059,0.003275930881500244
2179,2435,002435,26.397425090470506,26.378400764303937,0.7122265696525574,0.7127453684806824,133.20600000224658,183.37640000027022,0.17465023696422577,-0.01902432616656924,0.000518798828125
2180,2436,002436,22.941469265155785,22.92329012196303,0.6547923684120178,0.6494186520576477,132.95530000323197,190.48640000255546,0.25762125849723816,-0.0181791431927536,-0.005373716354370117
2181,2437,002437,21.66847117035385,21.93961531440614,0.25409266352653503,0.24656157195568085,132.6574000013352,197.0024000002013,0.12513189017772675,0.2711441440522897,-0.007531091570854187
2182,2438,002438,21.0518364672419,21.060244304227567,0.20730742812156677,0.21419525146484375,143.08990000063204,189.86999999833643,0.1314772218465805,0.008407836985668382,0.0068878233432769775
2183,2439,002439,20.719804996828653,20.72426046204974,0.21273383498191833,0.2032148241996765,139.49150000189547,195.9028000019316,0.137607604265213,0.004455465221088417,-0.009519010782241821
2184,2440,002440,28.5403401026051,28.56111992021762,0.8620012402534485,0.8600308299064636,133.09040000240202,200.3134999977192,0.1267753690481186,0.0207798176125209,-0.0019704103469848633
2185,2441,002441,29.46154581527008,29.45012651310389,0.8645058274269104,0.8641213774681091,145.27319999979227,202.67749999766238,0.1506451517343521,-0.01141930216619258,-0.00038444995880126953
2186,2442,002442,29.374214274234973,29.44676587268168,0.856908917427063,0.8602034449577332,133.37329999922076,197.91579999946407,0.14822819828987122,0.072551598446708,0.003294527530670166
2187,2443,002443,29.77917332412254,29.78271513832537,0.8582170009613037,0.8607431650161743,139.0984000026947,206.05649999924935,0.14715024828910828,0.0035418142028298405,0.0025261640548706055
2188,2444,002444,32.75939195816764,32.64637920616582,0.9095194339752197,0.9078465700149536,166.5106000000378,223.35340000063297,0.14693394303321838,-0.11301275200182204,-0.0016728639602661133
2189,2445,002445,30.222393524982,30.186832825214903,0.8081097602844238,0.8085006475448608,165.64020000078017,222.43739999976242,0.09737014025449753,-0.03556069976709608,0.0003908872604370117
2190,2446,002446,29.946799445548244,29.829979327523482,0.812491238117218,0.8108737468719482,185.5915999985882,287.9388999972434,0.09129584580659866,-0.11682011802476211,-0.0016174912452697754
2191,2447,002447,28.45276672780865,28.718394148342306,0.7512492537498474,0.7715864777565002,199.38420000107726,259.22039999932167,0.09934727847576141,0.2656274205336544,0.020337224006652832
2192,2448,002448,30.75808186832541,30.63191547379858,0.8589920997619629,0.8592149019241333,229.92660000090837,261.0924000000523,0.19843319058418274,-0.12616639452683032,0.00022280216217041016
2193,2449,002449,33.1118158199327,33.049225428219,0.8705573678016663,0.8713374733924866,193.27740000153426,264.016699999047,0.15623697638511658,-0.06259039171369807,0.0007801055908203125
2194,2450,002450,33.21369766213427,33.29188598935019,0.8733392357826233,0.8742706179618835,177.56499999813968,271.1325000018405,0.15680226683616638,0.07818832721591917,0.0009313821792602539
2195,2451,002451,32.55631831439536,32.58913598126549,0.8578294515609741,0.8579403758049011,212.5006000023859,279.3782000007923,0.14467088878154755,0.032817666870130324,0.00011092424392700195
2196,2452,002452,33.822202656756616,33.64831736551609,0.9090588092803955,0.9075542688369751,194.7459999973944,262.18169999992824,0.19325338304042816,-0.17388529124052354,-0.0015045404434204102
2197,2453,002453,27.28923409281467,27.028416815431985,0.8415477871894836,0.8341802954673767,171.27439999967464,252.15689999822644,0.1859598010778427,-0.2608172773826851,-0.007367491722106934
2198,2454,002454,27.44210634358452,27.441056929686567,0.8411201238632202,0.8382960557937622,189.97640000088722,247.83709999974235,0.18433833122253418,-0.0010494138979524337,-0.002824068069458008
2199,2455,002455,28.32238270243511,28.357491342993963,0.876776397228241,0.8761883974075317,176.09660000016447,250.45059999683872,0.207966148853302,0.03510864055885321,-0.0005879998207092285
2200,2456,002456,32.96351468019566,32.9636200517977,0.7574280500411987,0.7574268579483032,197.0565000010538,250.60650000159512,0.15611760318279266,0.00010537160203938356,-1.1920928955078125e-06
2201,2457,002457,23.907725096297085,23.750083271571455,0.8121588230133057,0.8039498329162598,181.6569000002346,262.6060000002326,0.19001130759716034,-0.15764182472562993,-0.008208990097045898
2202,2458,002458,23.098946910751504,22.97294490648015,0.7930613160133362,0.7838736176490784,190.6741000020702,308.2029999968654,0.2117842584848404,-0.12600200427135277,-0.009187698364257812
2203,2459,002459,24.27002794129788,24.01297624263689,0.82259601354599,0.814734935760498,241.14410000038333,299.5717000012519,0.1807774007320404,-0.257051698660991,-0.007861077785491943
2204,2460,002460,36.91049705907399,36.9937816692577,0.9219667911529541,0.9226254820823669,220.87609999653068,295.52500000136206,0.07156863063573837,0.08328461018371058,0.0006586909294128418
2205,2461,002461,33.421726034305685,33.35317658898108,0.8777461051940918,0.8780189752578735,193.21209999907296,273.17430000039167,0.1631515920162201,-0.0685494453246065,0.0002728700637817383
2206,2462,002462,33.109302705887075,33.17259265192267,0.8827311396598816,0.8859628438949585,200.2409999986412,278.67390000028536,0.18510450422763824,0.06328994603559579,0.0032317042350769043
2207,2463,002463,33.425191330854865,33.55414475771282,0.8706940412521362,0.8722780346870422,192.47860000177752,752.5322000001324,0.1710515022277832,0.1289534268579544,0.0015839934349060059
2208,2464,002464,32.853217598540326,32.81295086927105,0.6981837749481201,0.6999133229255676,522.431699999288,627.9858000016247,0.23581463098526,-0.04026672926927688,0.0017295479774475098
2209,2465,002465,26.57136433920819,26.59205383195953,0.7441877722740173,0.7478142976760864,368.80659999951604,508.16260000283364,0.21504329144954681,0.020689492751337468,0.003626525402069092
2210,2466,002466,26.48099716956186,26.48194692199678,0.7615135312080383,0.7664772272109985,488.5367999995651,597.1363999997266,0.21218012273311615,0.0009497524349200148,0.004963696002960205
2211,2467,002467,25.813359929451387,25.927477313106575,0.7342535257339478,0.7312445044517517,421.6525999981968,432.97529999836115,0.2163858711719513,0.11411738365518787,-0.003009021282196045
2212,2468,002468,16.99772366226545,17.134828433544307,0.5626761317253113,0.5614028573036194,242.6921999976912,455.0751999995555,0.34512773156166077,0.13710477127885667,-0.0012732744216918945
2213,2469,002469,28.94292385041166,28.96911730264827,0.7022719383239746,0.7005009651184082,266.25960000092164,350.8567999997467,0.36793410778045654,0.026193452236611847,-0.0017709732055664062
2214,2470,002470,29.0654173859024,29.102437616434898,0.6616188287734985,0.6666021347045898,219.64209999714512,291.74780000175815,0.271093487739563,0.03702023053249803,0.004983305931091309
2215,2471,002471,27.871879431109793,27.955257864527464,0.4811047911643982,0.4975811541080475,205.4984999995213,287.5930000009248,0.047922730445861816,0.08337843341767126,0.016476362943649292
2216,2472,002472,21.712576723098728,21.687436499593847,0.7671262621879578,0.7690303325653076,269.7327999994741,376.9950999994762,0.18956318497657776,-0.025140223504880765,0.0019040703773498535
2217,2473,002473,17.87003597479539,17.890654625961055,0.7419652938842773,0.7415178418159485,321.3508000008005,445.5573999985063,0.2929040193557739,0.02061865116566608,-0.0004474520683288574
2218,2474,002474,17.942784438237332,17.920088347118643,0.7403745651245117,0.740821123123169,323.2538000011118,311.53120000089984,0.2874510884284973,-0.02269609111868931,0.00044655799865722656
2219,2475,002475,17.87753474495299,17.820332050971842,0.7378546595573425,0.7360351085662842,332.229699997697,447.53449999916484,0.29401543736457825,-0.057202693981146524,-0.0018195509910583496
2220,2476,002476,28.902730390245903,28.85231082489058,0.7508804202079773,0.7528893351554871,241.8050000014773,383.1860999998753,0.13961076736450195,-0.050419565355323215,0.0020089149475097656
2221,2477,002477,34.72171032897876,34.47145866152014,0.9379109144210815,0.9325153231620789,235.24299999917275,321.1187000015343,0.2107827067375183,-0.2502516674586204,-0.0053955912590026855
2222,2478,002478,34.62642781422565,34.403907695063296,0.9392020106315613,0.9370469450950623,237.05170000175713,314.51060000108555,0.21436575055122375,-0.22252011916235404,-0.0021550655364990234
2223,2479,002479,34.869347356833245,34.91845936601118,0.9394997358322144,0.9403368234634399,227.04909999811207,560.7859000010649,0.21729335188865662,0.049112009177932237,0.0008370876312255859
2224,2480,002480,25.421488520147562,25.40348329610854,0.7758163809776306,0.7732624411582947,290.01700000299024,342.1573999985412,0.24724449217319489,-0.018005224039022494,-0.0025539398193359375
2225,2481,002481,29.699347271620304,29.730040879607785,0.9462413787841797,0.9481568336486816,267.5240999997186,388.03850000113016,0.0839521735906601,0.03069360798748022,0.0019154548645019531
2226,2482,002482,31.6718478420825,32.00017023551665,0.9501082897186279,0.9636337161064148,235.04759999923408,318.75959999888437,0.05878346785902977,0.32832239343414926,0.013525426387786865
2227,2483,002483,29.280199142680257,29.176346509274484,0.9421643018722534,0.9416009187698364,216.6566000014427,386.94939999913913,0.09400953352451324,-0.10385263340577211,-0.0005633831024169922
2228,2484,002484,35.54137993851914,35.63444912454396,0.9482742547988892,0.9483333826065063,243.2264999988547,317.85739999759244,0.1661209762096405,0.09306918602482028,5.91278076171875e-05
2229,2485,002485,33.19063654509781,33.253214675035935,0.7546643614768982,0.7554211616516113,227.30599999704282,323.9088999980595,0.1414235234260559,0.0625781299381245,0.0007568001747131348
2230,2486,002486,33.289747451645304,33.356346171449346,0.76027512550354,0.7621209025382996,203.01649999964866,277.15960000205087,0.1379062682390213,0.0665987198040412,0.0018457770347595215
2231,2487,002487,32.27415004032993,32.3510383278427,0.7689436674118042,0.771432101726532,206.80319999883068,298.43759999857866,0.12260769307613373,0.07688828751277299,0.002488434314727783
2232,2488,002488,26.746829616710748,26.751613230108514,0.7714890241622925,0.7700886726379395,219.50599999763654,280.52929999830667,0.2210855484008789,0.004783613397766118,-0.0014003515243530273
2233,2489,002489,30.274204628022865,30.219738007715875,0.6715549230575562,0.6713429689407349,227.4169999982405,339.1039999987697,0.13670404255390167,-0.054466620306989455,-0.00021195411682128906
2234,2490,002490,30.56151122317788,30.503974231678654,0.692630410194397,0.6944898366928101,385.13370000146097,508.2657000020845,0.13785161077976227,-0.05753699149922653,0.001859426498413086
2235,2491,002491,29.691653957975312,29.62533381489059,0.6380869150161743,0.6379707455635071,414.6467000027769,778.4900000006019,0.14467155933380127,-0.06632014308472378,-0.00011616945266723633
2236,2492,002492,25.10871983500765,25.11017892464567,0.6225287914276123,0.6219004392623901,549.3335999999545,634.2105000003357,0.19216011464595795,0.0014590896380184404,-0.000628352165222168
2237,2493,002493,22.404894488602917,22.334671752259844,0.5889604687690735,0.5806067585945129,416.69780000302126,331.1857000007876,0.18973694741725922,-0.07022273634307297,-0.008353710174560547
2238,2494,002494,21.661803764742366,21.695939522425107,0.576103687286377,0.5775222182273865,229.08059999826946,346.0399000032339,0.18978632986545563,0.034135757682740575,0.0014185309410095215
2239,2495,002495,21.877116278040894,21.834688777614737,0.577210009098053,0.5822712182998657,317.0518999977503,415.5012999981409,0.1902165412902832,-0.042427500426157394,0.005061209201812744
2240,2496,002496,21.272593821413885,21.275192027827103,0.7508768439292908,0.7527758479118347,363.349899998866,444.93900000088615,0.26312369108200073,0.0025982064132179516,0.0018990039825439453
2241,2497,002497,30.687595345778625,30.74458635528393,0.7463615536689758,0.7467343807220459,398.8089000013133,647.5471000012476,0.21446749567985535,0.056991009505303225,0.00037282705307006836
2242,2498,002498,30.419306542589013,30.355374676512845,0.7390304207801819,0.737627387046814,1101.4149000002362,564.0733999971417,0.21024537086486816,-0.06393186607616741,-0.00140303373336792
2243,2499,002499,31.021375734487965,30.96789070470118,0.7527670860290527,0.7534283399581909,356.21939999691676,455.1126000005752,0.21666307747364044,-0.05348502978678482,0.0006612539291381836
2244,2500,002500,27.121511088694295,27.190695577957058,0.850713312625885,0.8511632084846497,255.7124000013573,307.30149999726564,0.22522534430027008,0.06918448926276355,0.00044989585876464844
2245,2501,002501,25.374869335814157,25.222464773957004,0.5948337912559509,0.5721688866615295,227.09929999837186,308.53690000003553,0.10022678226232529,-0.15240456185715345,-0.022664904594421387
2246,2502,002502,25.47962237469711,25.40823910942319,0.6083130240440369,0.5868133306503296,203.56810000157566,303.2664999991539,0.09289076924324036,-0.0713832652739228,-0.021499693393707275
2247,2503,002503,25.412024298782274,25.459850595585873,0.5801876187324524,0.5993240475654602,234.35930000050575,289.08400000000256,0.09273440390825272,0.04782629680359918,0.019136428833007812
2248,2504,002504,26.36395605247394,26.366726224239294,0.776278555393219,0.7736108899116516,201.20979999774136,299.98429999977816,0.22422146797180176,0.002770171765352103,-0.002667665481567383
2249,2505,002505,37.490558282586036,37.23296134915971,0.9476708769798279,0.9458850622177124,215.24259999932838,355.7360000013432,0.40928637981414795,-0.2575969334263277,-0.0017858147621154785
2250,2506,002506,37.72410082452555,37.168577648761584,0.9460086822509766,0.9429999589920044,233.21149999901536,329.1358999995282,0.40907493233680725,-0.555523175763966,-0.003008723258972168
2251,2507,002507,38.10811586581862,37.95399542828558,0.9505111575126648,0.9504390954971313,234.55850000027567,280.0599999973201,0.4024353325366974,-0.15412043753303806,-7.206201553344727e-05
2252,2508,002508,27.139116595268767,27.12056195658358,0.7450649738311768,0.7468836903572083,273.5522000002675,323.4757999998692,0.2811744511127472,-0.01855463868518825,0.0018187165260314941
2253,2509,002509,22.15022830209967,22.20838516774848,0.48436713218688965,0.4768119752407074,197.23570000132895,279.39599999808706,0.18562275171279907,0.05815686564881162,-0.007555156946182251
2254,2510,002510,21.725646513730975,21.816919883455288,0.49768099188804626,0.48375067114830017,215.50260000003618,321.58939999862923,0.1983448714017868,0.09127336972431266,-0.013930320739746094
2255,2511,002511,21.949915267931686,22.016808809483358,0.47782114148139954,0.47300416231155396,210.04660000107833,270.24080000046524,0.18568289279937744,0.06689354155167138,-0.004816979169845581
2256,2512,002512,24.842780324617536,24.875735471357,0.7936928868293762,0.7896384000778198,193.3497999998508,250.79829999958747,0.2249872088432312,0.032955146739464425,-0.0040544867515563965
2257,2513,002513,30.677296672740148,30.591274521068897,0.9226741194725037,0.9202375411987305,184.60199999753968,242.6780999994662,0.16589292883872986,-0.08602215167125138,-0.0024365782737731934
2258,2514,002514,30.102684426594685,30.10150199870604,0.9106917381286621,0.9089964032173157,188.87499999982538,251.21439999929862,0.16928806900978088,-0.0011824278886436446,-0.0016953349113464355
2259,2515,002515,30.546538592813306,30.543619857066112,0.9186529517173767,0.919840395450592,171.78250000142725,255.72660000034375,0.16653554141521454,-0.0029187357471940345,0.001187443733215332
2260,2516,002516,30.097329354007822,30.111592058821163,0.8827077746391296,0.8802576661109924,174.55380000319565,246.93240000124206,0.10756928473711014,0.014262704813340576,-0.002450108528137207
2261,2517,002517,23.636945989146394,23.64804970473883,0.29212531447410583,0.29276207089424133,174.84080000212998,243.48409999947762,0.15143942832946777,0.011103715592437169,0.000636756420135498
2262,2518,002518,23.704953855399765,23.74485845868584,0.2893839478492737,0.27868199348449707,200.6083000014769,254.23850000152015,0.14746429026126862,0.03990460328607526,-0.010701954364776611
2263,2519,002519,23.830735253299686,23.83535147749854,0.3187539279460907,0.30654677748680115,194.52749999982188,279.28350000001956,0.15226785838603973,0.004616224198855434,-0.01220715045928955
2264,2520,002520,27.823425609001355,27.738252212366458,0.7929085493087769,0.7893064022064209,205.00240000183112,277.6053999987198,0.17080144584178925,-0.08517339663489665,-0.003602147102355957
2265,2521,002521,31.855365611292612,31.862386634218204,0.6339103579521179,0.6357709169387817,181.10499999966123,248.3752000007371,0.2388506382703781,0.007021022925592035,0.0018605589866638184
2266,2522,002522,34.04736465568415,33.94329300743474,0.7453849911689758,0.7448012232780457,285.2383000026748,350.33049999765353,0.1952594816684723,-0.10407164824940907,-0.0005837678909301758
2267,2523,002523,32.151377268357,32.00743369874502,0.6462389230728149,0.646202802658081,306.0615000031248,716.4654000007431,0.23268195986747742,-0.1439435696119844,-3.612041473388672e-05
2268,2524,002524,24.327637368949752,24.22987668795166,0.6493806838989258,0.6376202702522278,372.303500000271,302.6285000014468,0.20594830811023712,-0.09776068099809265,-0.011760413646697998
2269,2525,002525,25.38846552020248,25.419850421545583,0.832171618938446,0.8353933691978455,188.81529999998747,272.775500001444,0.23345947265625,0.031384901343102456,0.003221750259399414
2270,2526,002526,24.340269369649846,24.41246219764619,0.7698714733123779,0.783950924873352,174.1894000006141,254.95840000075987,0.23276729881763458,0.07219282799634286,0.014079451560974121
2271,2527,002527,24.703550168434973,24.70627963275692,0.7989886999130249,0.8020241260528564,196.99949999994715,246.94779999845196,0.23348203301429749,0.002729464321948427,0.003035426139831543
2272,2528,002528,27.335300309610542,27.285695976979643,0.8999416828155518,0.8960862755775452,183.33320000238018,260.6749000005948,0.2663538157939911,-0.04960433263089925,-0.003855407238006592
2273,2529,002529,35.74998801726862,35.86263904944549,0.9553008079528809,0.9542560577392578,196.347599998262,255.79909999942174,0.33932629227638245,0.11265103217687056,-0.0010447502136230469
2274,2530,002530,36.60748222301345,36.69413202985145,0.9611452221870422,0.9613338112831116,175.7486999995308,253.39579999854323,0.32999852299690247,0.08664980683800394,0.00018858909606933594
2275,2531,002531,37.267259283842904,37.11877855443856,0.9672319293022156,0.9672077894210815,173.61519999758457,251.52520000119694,0.33485037088394165,-0.14848072940434065,-2.4139881134033203e-05
2276,2532,002532,26.903216672111476,26.738650788934603,0.7263056039810181,0.7169994115829468,181.72239999694284,243.2851000012306,0.20591597259044647,-0.16456588317687348,-0.009306192398071289
2277,2533,002533,18.57587169327894,18.527694035291795,0.4770612418651581,0.4794318974018097,180.05600000105915,249.6566999980132,0.14574238657951355,-0.04817765798714646,0.0023706555366516113
2278,2534,002534,18.207685561400208,18.20605153756318,0.46445322036743164,0.4590432941913605,177.783899998758,237.95480000262614,0.14567223191261292,-0.0016340238370275983,-0.005409926176071167
2279,2535,002535,18.238221186349417,18.34143587113125,0.46981334686279297,0.4561828076839447,168.1029999999737,251.89159999717958,0.14632554352283478,0.10321468478183249,-0.013630539178848267
2280,2536,002536,23.16862033983606,23.14247370614315,0.6371172666549683,0.6364772319793701,173.61850000088452,257.62939999913215,0.21724580228328705,-0.02614663369291037,-0.0006400346755981445
2281,2537,002537,11.156729157952473,11.211138894871214,0.26452749967575073,0.2593809962272644,196.6044000000693,295.97519999879296,0.2892255485057831,0.05440973691874085,-0.005146503448486328
2282,2538,002538,22.77605351435092,22.932785585890024,0.1828719526529312,0.2453058660030365,187.7344999993511,256.51360000119894,0.07389726489782333,0.1567320715391034,0.062433913350105286
2283,2539,002539,11.192709719394028,11.201434221070405,0.26703590154647827,0.2634928226470947,181.62460000166902,263.86169999750564,0.2887875437736511,0.008724501676377727,-0.003543078899383545
2284,2540,002540,19.684022817709234,19.25356926367439,0.7995485067367554,0.7859748601913452,195.6668000020727,284.00049999982,0.23941287398338318,-0.43045355403484464,-0.013573646545410156
2285,2541,002541,19.853538705021446,19.96203625239283,0.8819311261177063,0.88609778881073,209.99880000090343,273.2176999998046,0.25463831424713135,0.1084975473713854,0.004166662693023682
2286,2542,002542,19.862304985887725,20.328777322541555,0.8874127268791199,0.8986790180206299,193.1153000004997,259.92590000169,0.2533666491508484,0.4664723366538297,0.01126629114151001
2287,2543,002543,20.11159070021376,20.625110176547267,0.8931067585945129,0.9043145775794983,174.18180000095163,245.80710000009276,0.25383561849594116,0.5135194763335065,0.011207818984985352
2288,2544,002544,24.770314466507195,24.75295519380833,0.791799008846283,0.7948121428489685,172.3089999977674,239.98840000058408,0.24602752923965454,-0.01735927269886517,0.003013134002685547
2289,2545,002545,27.256094021591743,27.34905173870617,0.7418964505195618,0.7450734972953796,228.587300000072,269.5711000014853,0.11940467357635498,0.09295771711442669,0.003177046775817871
2290,2546,002546,28.78044275103786,28.815082656139804,0.7740424275398254,0.7770618200302124,183.85979999948177,267.7198999990651,0.11024878174066544,0.034639905101943924,0.003019392490386963
2291,2547,002547,27.42991604180086,27.678259025016736,0.6870500445365906,0.7065736055374146,253.5993999990751,352.151999999478,0.09608950465917587,0.24834298321587767,0.019523561000823975
2292,2548,002548,26.59545447644849,26.54259356774036,0.749602198600769,0.7475675344467163,215.41110000180197,260.7365000003483,0.2651805877685547,-0.05286090870812998,-0.0020346641540527344
2293,2549,002549,29.675102624619925,29.676450524262698,0.8963069915771484,0.8951893448829651,197.99939999938942,263.8418999995338,0.15408672392368317,0.0013478996427735979,-0.0011176466941833496
2294,2550,002550,30.079101065354095,30.073938715908035,0.8997973799705505,0.8988457322120667,188.36989999908837,246.23750000318978,0.16944721341133118,-0.005162349446059977,-0.0009516477584838867
2295,2551,002551,30.055282704663092,30.053291019303202,0.8889787197113037,0.8879908919334412,187.91269999928772,258.74689999909606,0.17378193140029907,-0.0019916853598900275,-0.0009878277778625488
2296,2552,002552,27.347995101811282,27.536611243022367,0.7819032073020935,0.78216952085495,182.830699999613,253.84219999978086,0.1791604906320572,0.18861614121108516,0.0002663135528564453
2297,2553,002553,29.990507037919883,29.9606406258733,0.6361476182937622,0.6351063251495361,170.73059999893303,240.77219999890076,0.25134173035621643,-0.02986641204658369,-0.0010412931442260742
2298,2554,002554,30.32315899315033,30.30296173837748,0.6364254355430603,0.6387941241264343,175.78099999809638,236.14420000012615,0.2336772382259369,-0.020197254772849504,0.0023686885833740234
2299,2555,002555,30.21728415853788,30.264717172359813,0.6291441917419434,0.6332511901855469,166.4332000000286,240.51239999971585,0.2552257180213928,0.047433013821933656,0.004106998443603516
2300,2556,002556,31.27231092146825,31.26584908184675,0.9016753435134888,0.9005950093269348,191.32399999944028,261.71050000266405,0.15913423895835876,-0.006461839621501042,-0.001080334186553955
2301,2557,002557,26.96708312562628,27.021474368616406,0.7653330564498901,0.7656530141830444,183.01120000251103,243.60479999813833,0.1402825117111206,0.054391242990124766,0.0003199577331542969
2302,2558,002558,27.74435925134417,27.76647885861862,0.7810461521148682,0.7883169651031494,178.93000000185566,233.7052999973821,0.13777534663677216,0.022119607274447617,0.00727081298828125
2303,2559,002559,27.17519929442517,27.11725178562007,0.7882195115089417,0.788599967956543,174.90510000061477,242.0404000004055,0.14350998401641846,-0.0579475088050998,0.00038045644760131836
2304,2592,002592,33.83416523278663,33.967294364344326,0.8896915912628174,0.8908190131187439,189.50449999829289,258.8222999984282,0.2064693123102188,0.1331291315576948,0.0011274218559265137
2305,2593,002593,32.390272684562,32.37598719989545,0.7159073948860168,0.7157634496688843,192.01560000146856,257.35809999969206,0.17855578660964966,-0.01428548466655144,-0.00014394521713256836
2306,2594,002594,34.51044900944603,34.5173808626664,0.8321083188056946,0.8314144015312195,183.051300002262,245.35210000249208,0.1344374567270279,0.006931853220372375,-0.0006939172744750977
2307,2595,002595,34.61959429871841,34.5676696106808,0.8236374258995056,0.823138952255249,177.5441999998293,241.13460000080522,0.14557237923145294,-0.051924688037608746,-0.0004984736442565918
2308,2596,002596,38.45299499692197,38.54124919117582,0.9766350388526917,0.9765757918357849,166.26629999882425,250.15329999951064,0.1409481018781662,0.0882541942538495,-5.924701690673828e-05
2309,2597,002597,26.00333318018413,25.953358369186383,0.844193696975708,0.8433446288108826,167.14219999994384,294.04710000017076,0.21616582572460175,-0.04997481099774603,-0.0008490681648254395
2310,2598,002598,25.26562490978067,25.197480805406016,0.8245849609375,0.8195053935050964,194.60350000008475,279.15670000220416,0.21671055257320404,-0.06814410437465312,-0.0050795674324035645
2311,2599,002599,25.040573765842606,24.967485538624103,0.8222781419754028,0.8196099996566772,235.0880000012694,246.93259999912698,0.21927906572818756,-0.07308822721850206,-0.002668142318725586
2312,2600,002600,30.456608987815287,30.447479707721364,0.8171696662902832,0.8150194883346558,186.93639999764855,255.90240000019548,0.24472476541996002,-0.009129280093922887,-0.0021501779556274414
2313,2601,002601,28.370427893567864,28.428757481230058,0.7088041305541992,0.7104608416557312,187.79329999961192,280.57840000110446,0.15342727303504944,0.058329587662193205,0.0016567111015319824
2314,2602,002602,27.975099804770235,28.02066482334901,0.6894646883010864,0.6901150345802307,199.44380000015371,334.04650000011316,0.16191543638706207,0.04556501857877393,0.0006503462791442871
2315,2603,002603,28.214461327501095,28.2127063612293,0.6876317858695984,0.6860496997833252,226.94250000131433,286.43340000053286,0.15256324410438538,-0.001754966271793279,-0.0015820860862731934
2316,2604,002604,29.439713928838728,29.322856767158754,0.6949719786643982,0.6936275362968445,193.62620000174502,265.2531999992789,0.17571516335010529,-0.11685716167997384,-0.001344442367553711
2317,2605,002605,23.230067191186734,23.210037564101803,0.26255491375923157,0.2569710910320282,178.29380000330275,237.78259999744478,0.16740228235721588,-0.020029627084930723,-0.005583822727203369
2318,2606,002606,25.65817724150003,25.600747063856435,0.33230629563331604,0.3231789469718933,180.3107000014279,238.39220000081696,0.12887491285800934,-0.057430177643595925,-0.00912734866142273
2319,2607,002607,23.13798247256669,23.143027812245723,0.2608053684234619,0.2395295947790146,169.201200002135,321.47790000090026,0.1698341965675354,0.005045339679032423,-0.021275773644447327
2320,2608,002608,35.33469423464034,35.376609378333455,0.9306264519691467,0.9308050870895386,195.25480000083917,277.91830000205664,0.10558685660362244,0.04191514369311733,0.0001786351203918457
2321,2609,002609,30.91467615819119,30.919542248947828,0.9248907566070557,0.9239192605018616,180.6375999985903,371.693499997491,0.12403737008571625,0.004866090756635799,-0.0009714961051940918
2322,2610,002610,29.620085032171396,29.639973916423582,0.9089968204498291,0.9088196754455566,217.3263999975461,289.91099999984726,0.1338564157485962,0.019888884252186045,-0.00017714500427246094
2323,2611,002611,29.912130405025174,29.893228896532257,0.9156988263130188,0.9154202938079834,195.65800000054878,258.0645000016375,0.1368689388036728,-0.01890150849291672,-0.0002785325050354004
2324,2612,002612,29.74528600300043,29.724924778858743,0.808209240436554,0.8027555346488953,253.8987999978417,260.7386999989103,0.27581682801246643,-0.020361224141687728,-0.005453705787658691
2325,2613,002613,31.621585244208422,31.71337414205444,0.8643487691879272,0.872368574142456,179.86800000289804,243.6944000000949,0.3134833872318268,0.09178889784601907,0.008019804954528809
2326,2614,002614,31.253661502194362,31.543839877073545,0.8521696329116821,0.863290011882782,166.75430000032065,246.35499999931199,0.32961151003837585,0.29017837487918285,0.011120378971099854
2327,2615,002615,31.329418393651608,31.28683107851849,0.8583609461784363,0.8634255528450012,167.69090000161668,240.79620000338764,0.32889482378959656,-0.042587315133118864,0.005064606666564941
2328,2616,002616,23.68543816315182,23.627021380966266,0.6720687747001648,0.6600372791290283,173.75929999980144,254.24330000168993,0.16594672203063965,-0.05841678218555302,-0.012031495571136475
2329,2617,002617,26.85582567311564,26.780698272390243,0.792109489440918,0.7914900183677673,209.8465999988548,253.59219999882043,0.2851170301437378,-0.07512740072539614,-0.0006194710731506348
2330,2618,002618,26.98863418671386,27.017593240707537,0.8020964860916138,0.7975501418113708,183.30869999772403,245.93159999858472,0.29865869879722595,0.028959053993677486,-0.00454634428024292
2331,2619,002619,26.93202838836928,26.90054513428061,0.8177241086959839,0.8140978217124939,173.0760000027658,243.5559999976249,0.28379517793655396,-0.03148325408866981,-0.0036262869834899902
2332,2620,002620,24.175066484153543,24.09055748493445,0.33625221252441406,0.343883216381073,189.90499999927124,240.3083000026527,0.15455712378025055,-0.08450899921909283,0.0076310038566589355
2333,2621,002621,31.088228325712297,31.11137011259575,0.8074840307235718,0.807238757610321,164.66249999939464,246.90579999878537,0.16555869579315186,0.023141786883453364,-0.0002452731132507324
2334,2622,002622,30.84624680612057,30.759337689751046,0.8096199035644531,0.8009715676307678,190.56620000264957,282.6203999975405,0.15770722925662994,-0.08690911636952237,-0.008648335933685303
2335,2623,002623,30.076172617146142,29.904712337650228,0.7907416820526123,0.7786526679992676,213.34420000130194,301.34739999994054,0.13904152810573578,-0.17146027949591414,-0.012089014053344727
2336,2624,002624,27.65189765917666,27.603906168186523,0.4516643285751343,0.45069536566734314,216.54229999694508,282.88940000129514,0.15172897279262543,-0.047991490990138885,-0.0009689629077911377
2337,2625,002625,25.28196218033778,25.437471952671267,0.42699217796325684,0.42367273569107056,172.64839999916148,246.67580000095768,0.13469550013542175,0.15550977233348817,-0.0033194422721862793
2338,2626,002626,25.67835034031357,25.649006924958382,0.4213089644908905,0.417892187833786,176.66059999828576,254.59540000156267,0.12071840465068817,-0.02934341535518925,-0.003416776657104492
2339,2627,002627,25.531738496091805,25.511814533145383,0.42801764607429504,0.42271748185157776,187.89860000106273,270.7899999986694,0.1344136893749237,-0.019923962946421625,-0.005300164222717285
2340,2628,002628,32.910681566289625,33.01889298531851,0.9047053456306458,0.906201958656311,188.88909999805037,250.07909999840194,0.25568893551826477,0.10821141902888343,0.0014966130256652832
2341,2629,002629,28.246125648674017,28.25115017847374,0.8536470532417297,0.852196455001831,208.256199999596,283.7731999970856,0.22375783324241638,0.005024529799722899,-0.0014505982398986816
2342,2630,002630,29.01088137458124,29.00371225686788,0.8714313507080078,0.8668813705444336,240.68699999770615,261.4739000018744,0.2029435783624649,-0.007169117713360151,-0.004549980163574219
2343,2631,002631,29.04077951566694,29.063139537786515,0.8733065128326416,0.8707003593444824,214.84099999725004,350.0261999979557,0.20284469425678253,0.022360022119574552,-0.0026061534881591797
2344,2632,002632,25.51748886632396,25.56336161287374,0.7697424292564392,0.7697202563285828,208.0307999967772,274.84650000042166,0.33187466859817505,0.04587274654978302,-2.2172927856445312e-05
2345,2633,002633,23.594568273620105,23.571303646470845,0.3430275321006775,0.3450569808483124,175.45810000228812,255.19679999706568,0.13465093076229095,-0.02326462714925981,0.0020294487476348877
2346,2634,002634,23.39263473399447,23.439801498595507,0.37429162859916687,0.363945871591568,172.16479999842704,243.53079999855254,0.12730689346790314,0.047166764601037414,-0.010345757007598877
2347,2635,002635,21.38371355427219,21.390407581830125,0.3406522274017334,0.34173423051834106,165.4878999979701,235.0734999999986,0.1210736557841301,0.006694027557934135,0.001082003116607666
2348,2636,002636,22.388002181543097,22.37864955794441,0.7886278033256531,0.7904857397079468,191.19099999807077,239.42950000127894,0.16502390801906586,-0.00935262359868716,0.0018579363822937012
2349,2637,002637,11.19319031970896,11.11445074695909,0.2741682529449463,0.2842473089694977,177.71849999917322,244.51690000205417,0.2889803946018219,-0.07873957274986942,0.010079056024551392
2350,2638,002638,11.154910180660993,11.11026283107012,0.2660600244998932,0.2704288959503174,181.2543000014557,250.2716999988479,0.2885694205760956,-0.04464734959087302,0.004368871450424194
2351,2639,002639,11.205944241444676,11.129140416556458,0.26846086978912354,0.27747395634651184,182.11470000096597,259.6289000030083,0.28849828243255615,-0.07680382488821813,0.009013086557388306
2352,2640,002640,24.180131302329894,24.195888678527563,0.7492957711219788,0.747749924659729,198.70090000040364,258.25179999810643,0.2191213071346283,0.01575737619766926,-0.0015458464622497559
2353,2641,002641,21.48750231022199,21.425838963894055,0.6862248778343201,0.6781254410743713,228.5368999982893,283.89460000107647,0.1845751255750656,-0.06166334632793635,-0.00809943675994873
2354,2642,002642,21.68081494506009,21.672819470527504,0.6916308999061584,0.6933885216712952,206.8838000013784,268.7106000012136,0.1825818568468094,-0.007995474532584979,0.0017576217651367188
2355,2643,002643,21.409468083625857,21.35785642900433,0.6764724850654602,0.6684332489967346,186.89380000068923,262.5002000022505,0.18399061262607574,-0.05161165462152795,-0.008039236068725586
2356,2644,002644,30.274554467113568,30.235367934893745,0.8805487751960754,0.8787166476249695,197.61060000018915,371.74810000215075,0.14852654933929443,-0.03918653221982282,-0.001832127571105957
2357,2645,002645,34.14349167485788,33.96880886684914,0.9212802648544312,0.9212929010391235,240.26039999807836,326.1148999990837,0.12683285772800446,-0.1746828080087397,1.2636184692382812e-05
2358,2646,002646,33.610179392268826,33.590462923505314,0.9174817800521851,0.9166533946990967,216.29179999945336,369.35319999975036,0.12546983361244202,-0.019716468763512296,-0.0008283853530883789
2359,2647,002647,32.11775222626744,31.849462114505748,0.9000946283340454,0.899345338344574,241.41139999846928,282.0371999987401,0.12862248718738556,-0.2682901117616936,-0.0007492899894714355
2360,2648,002648,28.836946563241874,28.855068436933276,0.7587708234786987,0.7630409598350525,199.26510000004782,272.1289999972214,0.20071062445640564,0.018121873691402612,0.00427013635635376
2361,2649,002649,24.8021125355999,24.847576174253668,0.34609255194664,0.32318443059921265,202.00389999808976,289.15710000001127,0.1906525045633316,0.0454636386537679,-0.022908121347427368
2362,2650,002650,24.855380144496017,24.847362196423187,0.32686880230903625,0.33047324419021606,216.58060000117985,262.81050000034156,0.18784074485301971,-0.00801794807282974,0.0036044418811798096
2363,2651,002651,25.51833271285652,25.531711035168083,0.3363412022590637,0.33035606145858765,199.93930000055116,272.06419999856735,0.184152752161026,0.01337832231156355,-0.005985140800476074
2364,2652,002652,31.180239870617857,31.152312787912507,0.9313106536865234,0.931019127368927,195.9212000001571,282.2454999986803,0.09156376868486404,-0.02792708270535016,-0.00029152631759643555
2365,2653,002653,23.251923416760185,23.229632359042736,0.627734363079071,0.6308361291885376,214.71419999943464,277.58259999973234,0.21365146338939667,-0.022291057717449547,0.0031017661094665527
2366,2654,002654,23.207687702304234,23.182509710930322,0.6554408073425293,0.6535438299179077,214.57209999789484,300.90889999701176,0.2118285596370697,-0.02517799137391208,-0.001896977424621582
2367,2655,002655,22.960209635382398,23.01296990438317,0.6134846210479736,0.6035311818122864,194.89570000223466,273.0840999975044,0.213954895734787,0.05276026900077113,-0.009953439235687256
2368,2656,002656,26.480556060605615,26.418871217065494,0.7666453719139099,0.762397289276123,191.52789999861852,245.4491999997117,0.18604499101638794,-0.06168484354012094,-0.004248082637786865
2369,2657,002657,30.333428592084747,30.261423066230574,0.8052331805229187,0.8058839440345764,176.4913000006345,243.42910000268603,0.10108388215303421,-0.07200552585417341,0.0006507635116577148
2370,2658,002658,30.02191578695257,29.896439725326324,0.7941771149635315,0.7948125004768372,172.4538999987999,230.3554999998596,0.0982271134853363,-0.12547606162624447,0.0006353855133056641
2371,2659,002659,30.53177079244648,30.405963032810735,0.8153241872787476,0.8140132427215576,186.84550000034506,260.26830000046175,0.10150454938411713,-0.12580775963574453,-0.0013109445571899414
2372,2660,002660,27.234800317575175,27.15042832281754,0.8229321837425232,0.8247936367988586,170.79369999919436,252.22990000111167,0.20798352360725403,-0.08437199475763535,0.0018614530563354492
2373,2661,002661,33.64489000989133,33.384748644459705,0.9271887540817261,0.9236084222793579,177.9333000013139,241.1606000023312,0.136550635099411,-0.2601413654316218,-0.003580331802368164
2374,2662,002662,33.58969948552107,33.57297664691777,0.9263428449630737,0.9240149259567261,154.81949999957578,300.1802000035241,0.13160555064678192,-0.01672283860330026,-0.0023279190063476562
2375,2663,002663,33.70606331664556,33.65312747240719,0.9267935752868652,0.9260292053222656,179.3046000020695,250.1099000000977,0.13649548590183258,-0.05293584423836961,-0.0007643699645996094
2376,2664,002664,30.25898244628194,30.29835451689631,0.8909080028533936,0.892262876033783,206.3386999980139,260.01689999975497,0.3042980134487152,0.03937207061436965,0.0013548731803894043
2377,2665,002665,27.18315033026915,27.109134553013135,0.7848174571990967,0.785719633102417,169.80960000000778,246.60050000238698,0.15504266321659088,-0.07401577725601527,0.0009021759033203125
2378,2666,002666,26.70969451430807,26.759061475967805,0.7646896243095398,0.7693098187446594,169.21039999942877,243.3413000035216,0.1361236274242401,0.049366961659735864,0.004620194435119629
2379,2667,002667,26.07995605858187,26.222651395873875,0.7496396899223328,0.755079448223114,166.05559999879915,271.014699999796,0.15231311321258545,0.1426953372920039,0.00543975830078125
2380,2668,002668,25.914354384288096,25.815226642332924,0.6732514500617981,0.6683600544929504,188.65849999929196,261.9626999985485,0.22830986976623535,-0.09912774195517216,-0.004891395568847656
2381,2669,002669,24.824185163545778,24.638252773748086,0.7494927048683167,0.7483704090118408,195.46990000162623,274.42499999961,0.26089444756507874,-0.1859323897976921,-0.00112229585647583
2382,2670,002670,25.480383508459603,25.405563352280325,0.7503738403320312,0.7541879415512085,191.6942999996536,242.70810000234633,0.27606895565986633,-0.07482015617927829,0.003814101219177246
2383,2671,002671,25.2069903541814,25.016578370082946,0.7625303864479065,0.7585666179656982,173.92120000295108,238.62519999966025,0.2602425515651703,-0.1904119840984535,-0.003963768482208252
2384,2672,002672,21.56231319801637,21.58065434393005,0.6981030702590942,0.6999269127845764,160.9987000010733,251.32440000015777,0.23852749168872833,0.018341145913680634,0.0018238425254821777
2385,2673,002673,28.303893335880474,28.305354425425698,0.8626978397369385,0.8592697978019714,161.23050000169314,241.93599999853177,0.14733561873435974,0.001461089545223615,-0.003428041934967041
2386,2674,002674,27.746345133346473,27.715809774091866,0.8542246222496033,0.8523249626159668,206.171900001209,295.9109000003082,0.16295939683914185,-0.03053535925460693,-0.0018996596336364746
2387,2675,002675,25.652302422041572,25.603341034125997,0.79421466588974,0.7891252636909485,208.36330000020098,292.5211000001582,0.1900017410516739,-0.04896138791557547,-0.005089402198791504
2388,2676,002676,29.603490862415285,29.430738921951946,0.7203367948532104,0.7157483696937561,357.3300999996718,359.4569999986561,0.07967957854270935,-0.17275194046333908,-0.004588425159454346
2389,2677,002677,28.008119113162948,27.97197625459861,0.7221313118934631,0.7197149991989136,231.28650000217021,270.3007999989495,0.09223665297031403,-0.03614285856433952,-0.0024163126945495605
2390,2678,002678,28.404872573247374,28.406684383220743,0.7496997117996216,0.7474477291107178,191.58459999744082,254.44380000044475,0.09395314007997513,0.0018118099733683835,-0.0022519826889038086
2391,2679,002679,27.974896915536984,27.837883977921006,0.7371842265129089,0.7337967157363892,183.12000000150874,243.18029999994906,0.08995227515697479,-0.1370129376159781,-0.0033875107765197754
2392,2680,002680,26.541730259344085,26.43066709945871,0.7960900068283081,0.7944287061691284,170.76900000029127,233.3175999992818,0.20667168498039246,-0.11106315988537574,-0.0016613006591796875
2393,2681,002681,20.143944803252296,20.16164864293752,0.7808579206466675,0.783015787601471,159.50059999886435,245.7429999994929,0.2958698868751526,0.017703839685225375,0.002157866954803467
2394,2682,002682,20.798402354879897,20.84263770057909,0.7885643839836121,0.7897046208381653,177.89499999707914,240.6821000004129,0.27385610342025757,0.04423534569919241,0.0011402368545532227
2395,2683,002683,20.183231073000197,20.167498051828204,0.7907273769378662,0.7916306853294373,166.2337000016123,265.1039000011224,0.296627938747406,-0.015733021171993045,0.0009033083915710449
2396,2684,002684,24.795434872733942,24.83673602431971,0.7107754945755005,0.7078508138656616,180.7291000004625,254.12689999939175,0.18165349960327148,0.04130115158576686,-0.002924680709838867
2397,2685,002685,31.21005725243757,31.24546767356581,0.9281887412071228,0.9274743795394897,177.42489999727695,240.55550000048243,0.07150202989578247,0.035410421128240444,-0.0007143616676330566
2398,2686,002686,30.883633195801757,30.820137202898174,0.9243558049201965,0.9238243699073792,205.95209999737563,260.6147000005876,0.08769884705543518,-0.06349599290358299,-0.0005314350128173828
2399,2687,002687,33.29214595629788,33.347241167994085,0.9339896440505981,0.9347594380378723,184.60200000117766,250.34539999978733,0.06313632428646088,0.055095211696205126,0.0007697939872741699
2400,2688,002688,26.820976924645144,26.73044112205484,0.8642663955688477,0.8642236590385437,193.53469999987283,337.6785000000382,0.2918380796909332,-0.0905358025903027,-4.273653030395508e-05
2401,2689,002689,26.059399046339742,25.956198512457966,0.8139013648033142,0.8156046867370605,205.78539999769419,253.26919999861275,0.30428269505500793,-0.10320053388177541,0.0017033219337463379
2402,2690,002690,25.6247294192787,25.57992453889939,0.8071994185447693,0.8115286827087402,230.8350999992399,244.2044999988866,0.2918432950973511,-0.044804880379309964,0.004329264163970947
2403,2691,002691,25.887285421873433,25.91065497014194,0.809647262096405,0.8154237866401672,175.44439999983297,246.46369999754825,0.28511181473731995,0.023369548268508566,0.005776524543762207
2404,2692,002692,36.60426484563369,36.63994314070672,0.9362798929214478,0.9367240071296692,170.81929999767453,234.58300000129384,0.18533824384212494,0.035678295073026334,0.00044411420822143555
2405,2693,002693,37.11540190077292,36.49203663884699,0.9463865756988525,0.9455968141555786,177.03809999875375,260.65050000033807,0.054901428520679474,-0.6233652619259331,-0.0007897615432739258
2406,2694,002694,22.83331868575697,22.838277017497667,0.2682406008243561,0.2757679224014282,190.2049000018451,246.84650000199326,0.14747872948646545,0.0049583317406955985,0.0075273215770721436
2407,2695,002695,23.067416953935137,23.069348049480737,0.2649714946746826,0.28350508213043213,165.67009999926086,254.21239999923273,0.14372988045215607,0.0019310955456006695,0.01853358745574951
2408,2696,002696,30.51443714150135,30.412215825928122,0.8297722339630127,0.8332039713859558,185.24270000125398,265.7705999990867,0.22778424620628357,-0.10222131557322811,0.0034317374229431152
2409,2697,002697,25.453131895344473,25.453636808275014,0.3428725302219391,0.3560120165348053,176.48580000241054,259.11229999837815,0.13574962317943573,0.0005049129305412237,0.013139486312866211
2410,2698,002698,24.591431177290914,24.628765786965264,0.35288742184638977,0.35274675488471985,175.85130000225035,253.0406000005314,0.14934195578098297,0.03733460967434965,-0.00014066696166992188
2411,2699,002699,24.69796483647615,24.69378077956886,0.34862494468688965,0.3497258126735687,181.49750000156928,249.9774999996589,0.15148170292377472,-0.004184056907288181,0.0011008679866790771
2412,2700,002700,25.70056398577163,25.721167813719447,0.6935412883758545,0.7018621563911438,204.819899998256,272.02869999746326,0.09621375054121017,0.020603827947816455,0.008320868015289307
2413,2701,002701,33.34875348827678,33.32038019368359,0.8362379670143127,0.8358703851699829,280.5988999971305,298.19819999829633,0.09544537961483002,-0.02837329459318738,-0.000367581844329834
2414,2702,002702,34.68383781536854,34.65004866939183,0.8599148392677307,0.8595983386039734,222.82809999887832,316.44320000123116,0.08445392549037933,-0.03378914597671212,-0.0003165006637573242
2415,2703,002703,34.82043683523755,34.85967015850083,0.8597218990325928,0.8601477742195129,196.0795999984839,246.65969999841764,0.0838986411690712,0.039233323263282216,0.000425875186920166
2416,2704,002704,18.52228664450027,18.59721529344195,0.6623132824897766,0.6587931513786316,175.9645999991335,240.00639999940176,0.2746248245239258,0.07492864894167894,-0.0035201311111450195
2417,2705,002705,24.008819656399773,23.99746071369812,0.8377940654754639,0.8385287523269653,173.4667000018817,246.03759999808972,0.17520762979984283,-0.011358942701651387,0.0007346868515014648
2418,2706,002706,22.495463404875057,22.516003615322898,0.8151914477348328,0.8123699426651001,167.7295999979833,254.77219999811496,0.19503344595432281,0.020540210447840934,-0.002821505069732666
2419,2707,002707,24.002272785531,23.976101540652817,0.8441817164421082,0.8444947004318237,184.0553000001819,245.78199999814387,0.1752789318561554,-0.026171244878185007,0.00031298398971557617
2420,2708,002708,25.351242025223613,25.854300937714573,0.5919262170791626,0.6150652766227722,191.06860000101733,249.0977000015846,0.11647006869316101,0.5030589124909604,0.02313905954360962
2421,2709,002709,28.479496309614632,28.420548181893967,0.7543008923530579,0.749530017375946,183.94289999923785,245.08759999662288,0.13952338695526123,-0.058948127720665155,-0.004770874977111816
2422,2710,002710,27.925755024707026,27.834523989473297,0.7260385155677795,0.7206226587295532,170.346700000664,247.8795999995782,0.1351914256811142,-0.09123103523372933,-0.005415856838226318
2423,2711,002711,27.52715473222491,27.522021102565525,0.7044602036476135,0.6987558603286743,173.70179999852553,244.3749999983993,0.1389150619506836,-0.005133629659386685,-0.005704343318939209
2424,2712,002712,30.935927259416744,31.05370798229019,0.7747962474822998,0.785580575466156,177.70310000196332,294.0567999976338,0.1522107869386673,0.11778072287344798,0.010784327983856201
2425,2713,002713,20.87409382623969,20.861332628841673,0.2943187952041626,0.28138113021850586,275.50979999796255,302.0892000022286,0.11966383457183838,-0.012761197398017288,-0.012937664985656738
2426,2714,002714,21.204556613889277,21.180048865159108,0.28940120339393616,0.2695385217666626,204.68149999942398,259.55400000020745,0.1177956759929657,-0.024507748730169254,-0.01986268162727356
2427,2715,002715,20.719624845885917,20.704582267607773,0.30286574363708496,0.3018944561481476,173.41229999874486,250.64130000100704,0.13143421709537506,-0.015042578278144703,-0.0009712874889373779
2428,2716,002716,18.355215628373188,18.240584722921415,0.5848197937011719,0.5839646458625793,177.94790000334615,243.68260000119335,0.2455293834209442,-0.11463090545177224,-0.0008551478385925293
2429,2717,002717,26.426280638428466,26.352554080382834,0.7576810717582703,0.7555545568466187,185.01710000055027,257.74079999973765,0.12521827220916748,-0.07372655804563166,-0.0021265149116516113
2430,2718,002718,25.684649448506526,25.352664407335617,0.7279921174049377,0.6851821541786194,180.83289999776753,253.5323000010976,0.12687930464744568,-0.33198504117090977,-0.04280996322631836
2431,2719,002719,25.817310736717328,25.704268824447656,0.7346364259719849,0.7267953157424927,166.98709999764105,246.16169999717386,0.12520267069339752,-0.1130419122696722,-0.007841110229492188
2432,2720,002720,21.45038978156932,21.42188478102589,0.7545425295829773,0.7523961067199707,170.15170000013313,237.38200000298093,0.21257613599300385,-0.028505000543429304,-0.002146422863006592
2433,2721,002721,20.12511171607622,20.097403500432577,0.6499110460281372,0.6482570171356201,182.88449999818113,253.41019999905257,0.23415042459964752,-0.02770821564364212,-0.0016540288925170898
2434,2722,002722,19.92017917552169,19.95904771126702,0.6451058387756348,0.6394532918930054,179.05380000229343,254.81369999761228,0.23715516924858093,0.03886853574532978,-0.0056525468826293945
2435,2723,002723,20.010893780506795,19.977703149143288,0.645867109298706,0.6305738091468811,179.1784999986703,255.64030000168714,0.22047297656536102,-0.03319063136350664,-0.015293300151824951
2436,2724,002724,27.734660851773935,27.739758788275658,0.7975322604179382,0.7910974025726318,176.84750000262284,261.7653000015707,0.1650545746088028,0.00509793650172341,-0.0064348578453063965
2437,2725,002725,32.18211042403888,32.12620407156595,0.8727109432220459,0.8682264685630798,224.44030000042403,240.56410000048345,0.12266610562801361,-0.055906352472931076,-0.0044844746589660645
2438,2726,002726,33.36284847358945,33.31560975980654,0.8996803164482117,0.8996635675430298,170.81469999902765,302.8675999994448,0.11192013323307037,-0.047238713782910224,-1.6748905181884766e-05
2439,2727,002727,33.189745503575466,33.126146571135756,0.8919025659561157,0.8906159400939941,179.04510000153095,274.47160000156146,0.11315878480672836,-0.06359893243971015,-0.001286625862121582
2440,2728,002728,20.239016702658624,20.195404694321603,0.44893360137939453,0.4408498704433441,226.40619999947376,283.6929999975837,0.18908940255641937,-0.04361200833702128,-0.008083730936050415
2441,2729,002729,34.951325424349335,34.74489564778745,0.9346922636032104,0.9332554936408997,206.0590000000957,326.8467000016244,0.1130998432636261,-0.20642977656188322,-0.001436769962310791
2442,2730,002730,35.227627444205154,35.09238042299611,0.9389961957931519,0.9393333196640015,257.13700000051176,291.3343999971403,0.12754684686660767,-0.13524702120904664,0.0003371238708496094
2443,2731,002731,33.714173771941546,33.76734991672028,0.930862545967102,0.930322527885437,203.97610000145505,263.38290000057896,0.13756497204303741,0.05317614477873178,-0.0005400180816650391
2444,2732,002732,26.869394097679262,26.914972351996514,0.8343067169189453,0.8387933373451233,265.31600000089384,363.2055999987642,0.22308823466300964,0.04557825431725249,0.0044866204261779785
2445,2733,002733,29.095440411516336,29.12260870234207,0.8180624842643738,0.8211507201194763,207.20690000234754,259.5381000028283,0.2247568517923355,0.027168290825734687,0.003088235855102539
2446,2734,002734,27.85447648645212,27.90693586048627,0.7698339819908142,0.7701390385627747,186.38740000096732,245.8747000018775,0.22835803031921387,0.05245937403415013,0.0003050565719604492
2447,2735,002735,29.62641042390072,29.446448329434517,0.8275315165519714,0.8243054151535034,176.03279999821098,244.16769999879762,0.22306784987449646,-0.1799620944662017,-0.0032261013984680176
2448,2736,002736,28.187139761093437,28.135125296685565,0.854481041431427,0.8515200018882751,169.52499999752035,248.6973000013677,0.22173646092414856,-0.05201446440787194,-0.0029610395431518555
2449,2737,002737,27.72643024348412,27.721096575411263,0.8156998753547668,0.8137288689613342,187.53099999958067,312.052199999016,0.19869312644004822,-0.0053336680728577335,-0.001971006393432617
2450,2738,002738,26.40517911596218,26.512520541170865,0.7822437882423401,0.7863195538520813,188.90399999872898,254.22690000050352,0.22159208357334137,0.10734142520868417,0.004075765609741211
2451,2739,002739,26.57331408626134,26.550682942470722,0.792672872543335,0.7952898144721985,189.6826999982295,261.4505999990797,0.22664666175842285,-0.022631143790619035,0.0026169419288635254
2452,2740,002740,29.881369412306896,29.773897543419846,0.8167258501052856,0.8183152079582214,175.91470000115805,240.58320000040112,0.2313118875026703,-0.10747186888704974,0.001589357852935791
2453,2741,002741,20.36855222813037,20.348626576810744,0.5727828145027161,0.5697250366210938,189.40299999667332,257.40070000028936,0.18106190860271454,-0.01992565131962465,-0.0030577778816223145
2454,2742,002742,21.02561073167257,21.07968030586834,0.6256018280982971,0.6208126544952393,181.27950000052806,286.28369999933057,0.18284375965595245,0.05406957419576841,-0.004789173603057861
2455,2743,002743,19.990060735894623,20.017443084454545,0.5717740058898926,0.5577644109725952,196.78380000186735,272.3429999969085,0.18071360886096954,0.02738234855992161,-0.014009594917297363
2456,2744,002744,18.696131121005244,18.644711079952213,0.6366194486618042,0.6296000480651855,199.95630000266829,335.70850000251085,0.21623459458351135,-0.05142004105303144,-0.007019400596618652
2457,2745,002745,30.931434164582747,30.87545292396615,0.7767053246498108,0.773232102394104,205.2508000015223,273.0374999991909,0.14802666008472443,-0.05598124061659604,-0.003473222255706787
2458,2746,002746,30.716408574766845,30.770984342771136,0.7765240669250488,0.778009295463562,210.2444000011019,269.53620000131195,0.12032012641429901,0.05457576800429109,0.0014852285385131836
2459,2747,002747,30.938136418877612,30.969083274109778,0.7758194804191589,0.7813125848770142,188.5898999971687,255.27710000096704,0.13334645330905914,0.030946855232166115,0.005493104457855225
2460,2748,002748,30.534972314397976,30.458001312349122,0.8556541204452515,0.8548206686973572,179.1970999984187,295.3968999972858,0.19760508835315704,-0.07697100204885388,-0.0008334517478942871
2461,2749,002749,25.6003584761315,25.55102973056578,0.634138286113739,0.6311756372451782,175.03510000096867,245.4911999993783,0.0774543508887291,-0.04932874556572031,-0.002962648868560791
2462,2750,002750,25.687683412971726,25.63152275445995,0.6478308439254761,0.6494203805923462,166.77060000074562,251.12580000131857,0.07723590731620789,-0.0561606585117751,0.0015895366668701172
2463,2751,002751,25.610148575269452,25.542196678573102,0.6397863626480103,0.6247824430465698,185.71240000164835,255.7130999994115,0.07730031758546829,-0.06795189669634993,-0.01500391960144043
2464,2752,002752,29.170153719037174,29.278205754438993,0.85774165391922,0.8596694469451904,178.04719999912777,233.52299999896786,0.20416243374347687,0.10805203540181907,0.001927793025970459
2465,2753,002753,33.11934506159787,32.49506211268118,0.9194809794425964,0.8951523900032043,165.11119999995572,245.19929999951273,0.09513231366872787,-0.6242829489166866,-0.02432858943939209
2466,2754,002754,35.60758466804379,35.65873819243467,0.9402284622192383,0.9403976202011108,166.71370000040042,237.1642000034626,0.18441127240657806,0.051153524390876726,0.0001691579818725586
2467,2755,002755,34.31620363696797,34.494459402242676,0.916086733341217,0.9249176979064941,174.9863999975787,246.95059999794466,0.18747307360172272,0.17825576527470588,0.0088309645652771
2468,2756,002756,33.52552858257803,33.55929892462842,0.8013038039207458,0.8020776510238647,185.4440999995859,264.5113999969908,0.041337545961141586,0.033770342050388535,0.0007738471031188965
2469,2757,002757,23.225327560045976,23.238601308490253,0.38959240913391113,0.38764488697052,184.5656000004965,248.54140000024927,0.11367686837911606,0.01327374844427709,-0.0019475221633911133
2470,2758,002758,23.01773755749968,22.961436470956897,0.29420003294944763,0.2801017165184021,177.47360000066692,246.52579999747104,0.09881222993135452,-0.05630108654278132,-0.014098316431045532
2471,2759,002759,23.330667303338455,23.33308421326339,0.3866451680660248,0.3862685263156891,239.67160000029253,270.83739999943646,0.10924357175827026,0.002416909924935595,-0.00037664175033569336
2472,2760,002760,31.189897497279645,31.42112234376796,0.9022164940834045,0.9037523865699768,182.5777999983984,261.9330000015907,0.21091806888580322,0.23122484648831332,0.0015358924865722656
2473,2761,002761,28.490640299231856,28.592200529903668,0.9244531989097595,0.9251694679260254,250.39359999937005,327.6631999979145,0.15047359466552734,0.10156023067181152,0.0007162690162658691
2474,2762,002762,29.88211515769342,29.97992727727581,0.9197480082511902,0.921586275100708,216.57129999948665,261.2054999990505,0.1016874611377716,0.09781211958238956,0.0018382668495178223
2475,2763,002763,29.162393560325476,29.109378190625087,0.9027619361877441,0.8997305631637573,231.39630000150646,324.71020000230055,0.25269612669944763,-0.05301536970038967,-0.0030313730239868164
2476,2764,002764,27.378348061070398,27.42639535273885,0.7180852890014648,0.7170153856277466,275.7945999983349,274.14560000033816,0.16284285485744476,0.04804729166845334,-0.0010699033737182617
2477,2765,002765,35.21561531108524,35.32314307059971,0.807417094707489,0.8077743649482727,187.73109999892768,263.9224999984435,0.17081747949123383,0.10752775951447546,0.0003572702407836914
2478,2766,002766,34.95043635609067,35.12385750545584,0.8018124103546143,0.8042720556259155,198.27290000102948,292.2163000002911,0.16798189282417297,0.1734211493651685,0.0024596452713012695
2479,2767,002767,34.859240391747,34.9444508871128,0.8119308948516846,0.8126173615455627,342.86700000302517,325.03060000090045,0.17631876468658447,0.08521049536579994,0.0006864666938781738
2480,2768,002768,29.78711997298278,29.71633798696809,0.9171255826950073,0.9178206920623779,206.73840000017663,271.4129999985744,0.18062452971935272,-0.07078198601469055,0.0006951093673706055
2481,2769,002769,24.7424984200076,24.62154991648839,0.42216044664382935,0.40649816393852234,189.58710000151768,245.77859999772045,0.08969315886497498,-0.12094850351920883,-0.015662282705307007
2482,2770,002770,26.11984667433464,26.157187360634424,0.4788229465484619,0.490601509809494,177.7144000006956,256.92139999955543,0.08302091807126999,0.037340686299785375,0.011778563261032104
2483,2771,002771,25.00065951853914,24.90287118212447,0.43522775173187256,0.42140457034111023,185.91060000107973,259.1954000017722,0.0868750512599945,-0.09778833641466989,-0.013823181390762329
2484,2772,002772,28.59918054093466,28.693114911639064,0.9161322116851807,0.9157282710075378,198.60449999760021,261.7429000019911,0.074806347489357,0.09393437070440314,-0.00040394067764282227
2485,2773,002773,28.0603498815655,28.030366268602464,0.8057899475097656,0.804038405418396,189.58140000177082,267.6506000025256,0.1938360631465912,-0.02998361296303642,-0.001751542091369629
2486,2774,002774,27.688470348557704,27.78712562974533,0.7896677255630493,0.7927696704864502,215.9986000006029,282.58629999982077,0.20299631357192993,0.09865528118762512,0.003101944923400879
2487,2775,002775,26.943375560127368,27.050439786550836,0.7762334942817688,0.7855556607246399,220.58459999971092,309.7173999994993,0.20657749474048615,0.1070642264234678,0.009322166442871094
2488,2776,002776,19.18259903187416,19.12651108271422,0.6281673312187195,0.6309453248977661,196.997699997155,291.17110000152024,0.251853346824646,-0.05608794915994153,0.002777993679046631
2489,2777,002777,23.169412466379036,23.08915179521524,0.746934175491333,0.7461873292922974,202.32949999990524,295.189799999207,0.1711844652891159,-0.08026067116379565,-0.0007468461990356445
2490,2778,002778,22.439451703719318,22.46533097085457,0.7401642799377441,0.738636314868927,198.1502000016917,273.42510000016773,0.18209706246852875,0.02587926713525235,-0.0015279650688171387
2491,2779,002779,22.21603945756837,22.179122387259476,0.7289052605628967,0.7323114275932312,248.12430000019958,284.39480000088224,0.1848505288362503,-0.03691707030889546,0.0034061670303344727
2492,2780,002780,26.9711224854666,27.093874999050925,0.5965319871902466,0.6054485440254211,184.51120000099763,253.84979999944335,0.2742204964160919,0.12275251358432371,0.00891655683517456
2493,2781,002781,23.78635368539858,23.69674872918867,0.7373998165130615,0.7188101410865784,187.44750000041677,244.57930000062333,0.17443092167377472,-0.08960495620991082,-0.018589675426483154
2494,2782,002782,23.83256835746898,23.876771153081155,0.716553270816803,0.723255455493927,186.92970000120113,234.00670000046375,0.17424295842647552,0.04420279561217555,0.0067021846771240234
2495,2783,002783,23.669222927239765,23.64394475112706,0.7217392921447754,0.7328832745552063,159.67649999947753,245.21420000019134,0.1772499829530716,-0.025278176112706774,0.011143982410430908
2496,2784,002784,27.8549597557376,27.720830063732443,0.7746694684028625,0.7692690491676331,173.7102999977651,237.20509999839123,0.22446024417877197,-0.1341296920051569,-0.005400419235229492
2497,2785,002785,26.112706413543524,26.221410754964896,0.7653424143791199,0.771609365940094,185.0830000003043,259.9408999994921,0.11521382629871368,0.10870434142137242,0.006266951560974121
2498,2786,002786,25.867484818449682,25.98354621633814,0.7628509402275085,0.7656282186508179,183.12259999947855,263.7943000008818,0.11904061585664749,0.11606139788845837,0.002777278423309326
2499,2787,002787,26.364749992405628,26.45163220311213,0.7508101463317871,0.7587912082672119,185.96999999863328,240.41270000088844,0.1195346936583519,0.08688221070650215,0.007981061935424805
2500,2788,002788,28.876890432692885,28.855404860207095,0.6231265664100647,0.6239073276519775,167.9729999996198,269.16960000016843,0.16999638080596924,-0.021485572485790527,0.0007807612419128418
2501,2789,002789,23.462247845904187,23.359057552876994,0.421245276927948,0.3983200788497925,188.17090000084136,249.13440000091214,0.11758635938167572,-0.10319029302719329,-0.022925198078155518
2502,2790,002790,23.172674149528973,22.975559976817284,0.4128504693508148,0.3683282732963562,174.25399999774527,235.8367000015278,0.11806070804595947,-0.1971141727116894,-0.04452219605445862
2503,2791,002791,22.762636410419613,22.79945914229225,0.4021442234516144,0.41410908102989197,172.68029999831924,263.7109000024793,0.12412191927433014,0.03682273187263618,0.011964857578277588
2504,2792,002792,29.403966956639728,29.43935921906722,0.8460775017738342,0.8594440817832947,176.16289999932633,244.0156000011484,0.12131562829017639,0.03539226242749294,0.01336658000946045
2505,2793,002793,34.22481894813046,33.92674170717126,0.8974992632865906,0.8923985362052917,180.4124000009324,252.633700001752,0.18307316303253174,-0.29807724095920207,-0.005100727081298828
2506,2794,002794,34.72876864728435,34.63931191154954,0.9059475064277649,0.90310138463974,168.5777999991842,246.72329999884823,0.19030258059501648,-0.08945673573480661,-0.0028461217880249023
2507,2795,002795,34.63803444701113,34.67391618130111,0.8985182046890259,0.8983621001243591,177.6964999990014,239.28780000278493,0.17511644959449768,0.03588173428997976,-0.00015610456466674805
2508,2796,002796,26.31047044715006,26.27638632866705,0.8524925112724304,0.8535743355751038,174.4539999999688,261.5833999989263,0.20847153663635254,-0.0340841184830083,0.0010818243026733398
2509,2797,002797,29.27435046333077,29.225313438980667,0.5188887715339661,0.5169963240623474,192.70379999943543,295.98669999904814,0.22542642056941986,-0.0490370243501026,-0.0018924474716186523
2510,2798,002798,29.22245371016499,29.24986911730725,0.5145331621170044,0.5167736411094666,275.6597999978112,275.8700999984285,0.22747042775154114,0.02741540714225721,0.002240478992462158
2511,2799,002799,29.01609902064093,29.004592434068712,0.5034419298171997,0.5110732913017273,182.63870000009774,317.22630000149366,0.193141371011734,-0.011506586572217259,0.007631361484527588
2512,2800,002800,21.653922801890737,21.610505000975312,0.6571298837661743,0.6474830508232117,267.6828999974532,285.6314000018756,0.1849852353334427,-0.043417800915424465,-0.009646832942962646
2513,2801,002801,27.767234516369427,27.692671381093646,0.6164316534996033,0.6142807006835938,207.31229999728384,255.83060000280966,0.2277463972568512,-0.07456313527578118,-0.0021509528160095215
2514,2802,002802,27.746992429829053,27.71795145777454,0.6102482080459595,0.6117552518844604,177.15899999893736,241.11810000249534,0.22797666490077972,-0.029040972054513503,0.0015070438385009766
2515,2803,002803,26.866924943947147,26.810885116272708,0.5802651643753052,0.5760980248451233,178.4979999974894,240.43530000199098,0.2296932339668274,-0.05603982767443938,-0.004167139530181885
2516,2804,002804,27.498345429795556,27.520889428820844,0.7456726431846619,0.7479840517044067,174.0118000016082,237.82079999728012,0.1795944720506668,0.02254399902528803,0.002311408519744873
2517,2805,002805,27.366189192956373,27.40732486873995,0.4062691032886505,0.4142175614833832,164.40130000046338,246.0620999991079,0.14409971237182617,0.041135675783575465,0.007948458194732666
2518,2806,002806,25.258477579513542,25.267901523007453,0.3289767801761627,0.33252641558647156,191.5353000003961,262.01599999694736,0.14493399858474731,0.009423943493910514,0.003549635410308838
2519,2807,002807,26.57760562308226,26.710049163452254,0.4013003706932068,0.3893795311450958,168.39860000254703,231.12419999961276,0.14525961875915527,0.1324435403699944,-0.011920839548110962
2520,2808,002808,24.092320734555187,24.052788289652852,0.7333247661590576,0.7318448424339294,168.55679999935091,235.66300000311458,0.22563084959983826,-0.03953244490233487,-0.0014799237251281738
2521,2809,002809,30.30091403789667,30.25400037811233,0.6865801811218262,0.6773259043693542,172.09599999841885,233.4286000004795,0.07121045142412186,-0.04691365978434092,-0.009254276752471924
2522,2810,002810,30.1031954064174,30.023888453345386,0.6903076767921448,0.6843863129615784,175.39509999915026,267.4449000005552,0.07677346467971802,-0.07930695307201319,-0.005921363830566406
2523,2811,002811,29.779581407857428,29.713909885053617,0.7031340599060059,0.686359703540802,260.6640000012703,284.47589999996126,0.07650773972272873,-0.06567152280381094,-0.016774356365203857
2524,2812,002812,29.619423602773157,29.52725519075349,0.877013623714447,0.8734403252601624,194.6204999985639,266.64119999986724,0.24118655920028687,-0.0921684120196673,-0.003573298454284668
2525,2813,002813,28.897833960815067,29.011599604096368,0.9002178907394409,0.9052532315254211,216.22360000037588,282.9271999980847,0.2934943437576294,0.11376564328130101,0.005035340785980225
2526,2814,002814,29.9976222366185,29.94486506860976,0.9235625863075256,0.9243932962417603,181.7999000013515,246.24609999955283,0.2898104190826416,-0.052757168008739086,0.0008307099342346191
2527,2815,002815,29.414043870286047,29.382400293171592,0.9158412218093872,0.9158371090888977,180.5904000029841,256.3377999977092,0.28493523597717285,-0.03164357711445476,-4.112720489501953e-06
2528,2816,002816,29.875757911022838,29.891041975592255,0.8507523536682129,0.8496707081794739,194.23550000283285,248.4232000024349,0.15579688549041748,0.015284064569417666,-0.0010816454887390137
2529,2817,002817,30.74627352245404,30.759507185531973,0.7623187899589539,0.7633573412895203,176.1283000014373,239.56929999985732,0.11596385389566422,0.0132336630779335,0.0010385513305664062
2530,2818,002818,27.240629350327215,27.297085026521486,0.6344715356826782,0.6330298781394958,167.39890000098967,255.4125999995449,0.15262094140052795,0.05645567619427183,-0.001441657543182373
2531,2819,002819,31.100797713398165,31.022577397457894,0.7811370491981506,0.7749496102333069,173.00329999852693,243.61759999737842,0.11958818882703781,-0.07822031594027123,-0.00618743896484375
2532,2820,002820,23.176601771883746,23.180832203472047,0.5998309254646301,0.5986774563789368,183.40080000052694,251.42889999915496,0.1957504153251648,0.0042304315883008314,-0.0011534690856933594
2533,2821,002821,25.9535079271766,25.882069906076282,0.6207423210144043,0.6009828448295593,196.41060000139987,257.5833999981114,0.13818426430225372,-0.07143802110031672,-0.01975947618484497
2534,2822,002822,25.470046794519888,25.41282965713063,0.6029625535011292,0.6007991433143616,189.91079999977956,241.87779999920167,0.13854071497917175,-0.05721713738925871,-0.002163410186767578
2535,2823,002823,25.352713890576744,25.298294916507245,0.6130701303482056,0.6030792593955994,173.14260000057402,242.7400000015041,0.14675770699977875,-0.054418974069498915,-0.009990870952606201
2536,2824,002824,24.719158635706727,24.755291973434094,0.7571094036102295,0.7600330114364624,181.62060000031488,245.0394999978016,0.257292777299881,0.036133337727367376,0.00292360782623291
2537,2825,002825,23.473480759666856,23.502983446222473,0.5780477523803711,0.5778276324272156,175.92590000276687,244.6473000018159,0.13308514654636383,0.02950268655561672,-0.00022011995315551758
2538,2826,002826,23.294959542000267,23.163791435723976,0.5236788392066956,0.5025582909584045,191.20010000187904,251.82420000055572,0.13147465884685516,-0.1311681062762915,-0.021120548248291016
2539,2827,002827,23.2203326383846,23.187464694111558,0.6296952962875366,0.6279918551445007,237.25269999704324,271.73100000072736,0.14609676599502563,-0.03286794427304329,-0.0017034411430358887
2540,2828,002828,36.28927714789327,36.210840407597324,0.961359441280365,0.9614984393119812,179.01229999915813,250.65919999906328,0.18014121055603027,-0.07843674029594894,0.00013899803161621094
2541,2829,002829,30.992002639680063,30.990721549272337,0.6320827007293701,0.629203736782074,177.51059999864083,251.78729999970528,0.22283965349197388,-0.001281090407726282,-0.0028789639472961426
2542,2830,002830,30.662313050834456,30.66971512669003,0.6256968975067139,0.6266574859619141,187.61829999857582,260.0073999965389,0.23783020675182343,0.007402075855573287,0.0009605884552001953
2543,2831,002831,31.229568966685694,31.28822219006232,0.6449385285377502,0.6457065343856812,187.97950000225683,260.70249999975204,0.22354382276535034,0.05865322337662704,0.0007680058479309082
2544,2832,002832,27.540919102826816,27.639346190022422,0.7837362885475159,0.7877228260040283,178.79059999904712,243.74200000238488,0.18189364671707153,0.09842708719560633,0.003986537456512451
2545,2833,002833,24.871401908811386,24.806960117713224,0.8179170489311218,0.8150956630706787,176.052200000413,244.02750000081141,0.19591636955738068,-0.06444179109816162,-0.0028213858604431152
2546,2834,002834,23.86255255598021,23.82487242492433,0.7862061262130737,0.7809484004974365,168.15320000023348,237.27430000144523,0.18992051482200623,-0.037680131055878974,-0.005257725715637207
2547,2835,002835,24.863913692311076,24.807413223539104,0.8180509209632874,0.8130056858062744,175.31859999871813,234.91130000184057,0.19631721079349518,-0.05650046877197212,-0.0050452351570129395
2548,2836,002836,31.874382385639347,31.692566121385237,0.9527864456176758,0.9518011212348938,201.05920000059996,287.27190000063274,0.22128596901893616,-0.18181626425410968,-0.0009853243827819824
2549,2837,002837,38.52119695546038,38.67985312046396,0.9592068195343018,0.9596808552742004,195.28799999898183,246.85150000004796,0.21746839582920074,0.1586561650035776,0.00047403573989868164
2550,2838,002838,37.19059372210074,37.10760461896192,0.9575409293174744,0.9567314982414246,178.06740000014543,322.5300000012794,0.21783696115016937,-0.08298910313882146,-0.0008094310760498047
2551,2839,002839,36.28386017224579,36.102167882618346,0.9541069865226746,0.9536985754966736,219.1500000008091,325.55909999791766,0.2280150055885315,-0.181692289627442,-0.00040841102600097656
2552,2840,002840,26.065387050261002,26.17779379973129,0.6778275370597839,0.6792725920677185,194.43540000065695,270.1919999999518,0.24845118820667267,0.1124067494702885,0.0014450550079345703
2553,2841,002841,30.08953039577746,29.89270613196364,0.8977828025817871,0.8943082094192505,180.95619999803603,255.96589999986463,0.17635942995548248,-0.19682426381382,-0.003474593162536621
2554,2842,002842,30.332238571633706,30.11100760886422,0.9027572274208069,0.8976309299468994,189.68360000144457,245.2091000013752,0.15735766291618347,-0.22123096276948573,-0.005126297473907471
2555,2843,002843,28.5947941554462,28.5367442360786,0.8823404312133789,0.8791494965553284,192.53740000203834,243.0486999983259,0.21713939309120178,-0.058049919367597624,-0.003190934658050537
2556,2844,002844,26.726089915417504,26.690117552580386,0.6017544865608215,0.5851009488105774,175.24989999947138,237.75609999938752,0.17080140113830566,-0.0359723628371178,-0.01665353775024414
2557,2845,002845,28.997131290426424,28.841458018062216,0.7399228811264038,0.7245936393737793,186.22969999705674,281.1211000007461,0.20710740983486176,-0.1556732723642078,-0.015329241752624512
2558,2846,002846,28.817997209477962,28.872950399866756,0.7350061535835266,0.7278797030448914,190.86539999989327,244.05259999912232,0.18145541846752167,0.05495319038879387,-0.007126450538635254
2559,2847,002847,30.84098975221266,30.852331683500196,0.778767466545105,0.7756319046020508,201.76749999882304,261.83649999802583,0.17012105882167816,0.0113419312875358,-0.0031355619430541992
2560,2848,002848,30.591247851885118,30.61034989985684,0.7441107034683228,0.7437837719917297,175.48640000313753,249.4327999993402,0.20871661603450775,0.019102047971720992,-0.0003269314765930176
2561,2849,002849,35.6876461043779,35.83132029580404,0.9594216346740723,0.9589522480964661,184.66859999898588,246.09170000258018,0.25582483410835266,0.14367419142614324,-0.00046938657760620117
2562,2850,002850,34.859463187222126,35.076540414036835,0.9557333588600159,0.9539709687232971,185.70229999750154,271.4296000012837,0.266714483499527,0.21707722681470898,-0.00176239013671875
2563,2851,002851,34.86664875139143,34.98500278581286,0.9468536972999573,0.9457858800888062,199.48899999872083,262.7624000015203,0.2019459456205368,0.11835403442142933,-0.001067817211151123
2564,2852,002852,21.532576060578414,21.57225943469474,0.587498664855957,0.582936704158783,181.11870000211638,251.5233000012813,0.16533850133419037,0.03968337411632561,-0.004561960697174072
2565,2853,002853,21.17344219575036,21.21162403895866,0.7134669423103333,0.7091217637062073,343.24719999858644,326.9739000024856,0.20433707535266876,0.038181843208299426,-0.0043451786041259766
2566,2854,002854,20.69783174667885,20.739120403087952,0.6910153031349182,0.6882889270782471,210.14470000227448,264.3373999999312,0.2042759656906128,0.041288656409101065,-0.0027263760566711426
2567,2855,002855,21.046062997644288,21.03449416502736,0.6944604516029358,0.701984703540802,191.0241000005044,232.75790000116103,0.20202302932739258,-0.011568832616926983,0.007524251937866211
2568,2856,002856,27.91069993549385,27.918128007433708,0.7968651652336121,0.7979853749275208,183.1903999991482,237.92619999949238,0.16929802298545837,0.007428071939859393,0.0011202096939086914
2569,2857,002857,38.29520907884537,38.59829123295156,0.9061610698699951,0.906116783618927,164.67159999956493,234.50619999857736,0.2442767322063446,0.30308215410619255,-4.4286251068115234e-05
2570,2858,002858,37.985235799168166,37.507932992556434,0.9101327657699585,0.9046550989151001,159.88089999882504,229.4261999995797,0.24360443651676178,-0.47730280661173197,-0.0054776668548583984
2571,2859,002859,38.23528833379612,38.090960430362976,0.8992472887039185,0.8992802500724792,161.82280000066385,241.52809999941383,0.23784369230270386,-0.14432790343314394,3.2961368560791016e-05
2572,2860,002860,27.091802198519588,27.163905424668823,0.7322642207145691,0.737124502658844,186.9886000022234,244.83329999929992,0.17716141045093536,0.0721032261492347,0.004860281944274902
2573,2861,002861,27.15276688126866,27.134753963954047,0.80279541015625,0.8020710945129395,166.40039999765577,231.8048999986786,0.12950004637241364,-0.018012917314614185,-0.0007243156433105469
2574,2862,002862,27.162841993346582,27.195145033024314,0.7979801297187805,0.7965635061264038,167.4353999987943,238.9017999994394,0.12402733415365219,0.03230303967773196,-0.001416623592376709
2575,2863,002863,25.506075043645,25.492740247999972,0.7768071889877319,0.7774134874343872,162.78170000077807,243.22620000020834,0.14702042937278748,-0.013334795645029374,0.0006062984466552734
2576,2864,002864,27.18363730256989,27.23471672349112,0.7833911180496216,0.7838883399963379,178.1929000026139,232.72580000048038,0.1716877967119217,0.05107942092122997,0.0004972219467163086
2577,2865,002865,29.288392392029188,29.32382030321968,0.7771602272987366,0.7789825797080994,179.14919999748236,270.52049999838346,0.10986626148223877,0.03542791119049227,0.001822352409362793
2578,2866,002866,29.2416815859914,29.276347876615347,0.7663984298706055,0.7770394682884216,195.97799999974086,247.47569999817642,0.10945244878530502,0.03466629062394588,0.010641038417816162
2579,2867,002867,29.903840686702075,29.90449452427474,0.7946208119392395,0.7917864322662354,176.97250000128406,251.12989999979618,0.10684748739004135,0.0006538375726634627,-0.0028343796730041504
2580,2868,002868,26.185294935921412,26.171619574001888,0.7199558615684509,0.7131608724594116,188.15950000134762,244.51670000053127,0.26631706953048706,-0.013675361919524676,-0.006794989109039307
2581,2869,002869,34.41831671148386,34.311561640726474,0.8390952348709106,0.839590311050415,165.6942000008712,246.20390000200132,0.2720548212528229,-0.10675507075738722,0.0004950761795043945
2582,2870,002870,33.76163358805276,33.556457408212374,0.8095368146896362,0.8079066276550293,171.10780000075465,303.90129999796045,0.2777838110923767,-0.20517617984038594,-0.0016301870346069336
2583,2871,002871,33.2113300629845,32.99823796375488,0.8019662499427795,0.7987312078475952,265.29350000055274,277.00840000034077,0.2793828845024109,-0.2130920992296197,-0.003235042095184326
2584,2872,002872,32.57060210583549,32.48417685535462,0.8411369919776917,0.8402736186981201,193.34479999815812,260.93109999783337,0.26810184121131897,-0.0864252504808718,-0.0008633732795715332
2585,2873,002873,31.55496970488755,30.638919448730842,0.8265615105628967,0.7327621579170227,192.64590000238968,288.05279999869526,0.10645971447229385,-0.9160502561567085,-0.09379935264587402
2586,2874,002874,31.83005638544057,31.894333117917427,0.8668490648269653,0.8550887107849121,198.53349999903003,264.17749999745865,0.11406055837869644,0.06427673247685561,-0.011760354042053223
2587,2875,002875,31.318823703782698,31.251501420897064,0.8541949391365051,0.8324567079544067,243.2282000008854,254.7372999979416,0.1320810317993164,-0.06732228288563391,-0.02173823118209839
2588,2876,002876,27.5888911587778,27.569629455508448,0.43794822692871094,0.42427316308021545,186.45109999852139,284.6070999985386,0.16004055738449097,-0.019261703269350505,-0.013675063848495483
2589,2877,002877,25.895887662102236,25.77505090900502,0.8182238340377808,0.815054714679718,207.52490000086254,313.9095000005909,0.2620134651660919,-0.12083675309721542,-0.003169119358062744
2590,2878,002878,25.976010073283838,25.887909029281595,0.8188090324401855,0.8178218007087708,215.34729999984847,275.5951999970421,0.21346253156661987,-0.08810104400224361,-0.000987231731414795
2591,2879,002879,26.151071526278933,26.160126870875796,0.8349490165710449,0.8368025422096252,199.4769000011729,317.452700001013,0.2135809063911438,0.00905534459686308,0.0018535256385803223
2592,2912,002912,25.327316428964117,25.22409616099955,0.872426450252533,0.8727006316184998,198.59659999929136,307.73950000002515,0.25855350494384766,-0.1032202679645664,0.0002741813659667969
2593,2913,002913,36.13322622945548,36.30280671992767,0.8923664093017578,0.8929131627082825,253.95650000064052,299.29709999851184,0.10111350566148758,0.16958049047219248,0.0005467534065246582
2594,2914,002914,38.93700881725402,38.95437638428537,0.9360029697418213,0.935342013835907,189.62269999974524,259.16769999821554,0.08048634976148605,0.017367567031350006,-0.0006609559059143066
2595,2915,002915,37.04402232965438,37.20266630621121,0.9473287463188171,0.9479806423187256,183.74839999887627,248.12180000299122,0.10834553837776184,0.1586439765568315,0.0006518959999084473
2596,2916,002916,27.698641800875173,27.629499176733603,0.7466264963150024,0.7454020380973816,198.66090000141412,254.33860000339337,0.15187683701515198,-0.0691426241415698,-0.0012244582176208496
2597,2917,002917,27.3780216455542,27.31224467291352,0.7914972901344299,0.7912583947181702,233.88340000019525,245.17529999866383,0.3041043281555176,-0.0657769726406805,-0.00023889541625976562
2598,2918,002918,27.504083584839304,27.555161490197936,0.8086522817611694,0.8103252649307251,182.24840000038967,242.9803000013635,0.31787869334220886,0.05107790535863188,0.001672983169555664
2599,2919,002919,27.6878320951584,27.546204063963444,0.7939403653144836,0.7894257307052612,182.26449999929173,249.9413999976241,0.2796820402145386,-0.14162803119495493,-0.004514634609222412
2600,2920,002920,19.623799043633156,19.658067886913948,0.6656683087348938,0.6606186628341675,167.36840000157827,261.6167000014684,0.2050355225801468,0.03426884328079183,-0.005049645900726318
2601,2921,002921,29.122797113824994,28.997781578012134,0.7870152592658997,0.7829415202140808,178.50650000036694,250.32170000122278,0.16157689690589905,-0.12501553581286018,-0.004073739051818848
2602,2922,002922,29.13651762397365,29.046161915362458,0.7674611806869507,0.7653173208236694,173.005299999204,246.7211999974097,0.1532522737979889,-0.09035570861119169,-0.00214385986328125
2603,2923,002923,29.262022845425953,29.238181113893113,0.7647895812988281,0.7646206617355347,183.1348000014259,256.20580000031623,0.1554761528968811,-0.023841731532840527,-0.00016891956329345703
2604,2924,002924,25.691224653101443,25.73534514734782,0.5664551854133606,0.5596892833709717,163.8679999996384,238.32839999886346,0.1669164001941681,0.04412049424637843,-0.006765902042388916
2605,2925,002925,22.61604190205737,22.63675118619336,0.2338913083076477,0.24206049740314484,172.69260000102804,250.01680000059423,0.1546003818511963,0.020709284135993045,0.008169189095497131
2606,2926,002926,22.296341448489905,22.303491849888392,0.22841447591781616,0.22596201300621033,189.3662000002223,256.6439000001992,0.1726185530424118,0.007150401398487105,-0.002452462911605835
2607,2927,002927,22.301836226653645,22.324531589602223,0.2344510406255722,0.22444510459899902,200.96859999830485,269.42810000036843,0.16934336721897125,0.022695362948578435,-0.010005936026573181
2608,2928,002928,21.970796423374416,22.073703577134722,0.6956644058227539,0.697691798210144,209.62299999882816,271.38290000220877,0.24025428295135498,0.1029071537603059,0.0020273923873901367
2609,2929,002929,22.35940574967504,22.299569572217017,0.5453609228134155,0.5268233418464661,207.08449999801815,281.8803000009211,0.1352846920490265,-0.059836177458024054,-0.018537580966949463
2610,2930,002930,22.241130564851307,22.15850675753911,0.5086302161216736,0.5036139488220215,194.47860000218498,297.24249999708263,0.13399188220500946,-0.08262380731219565,-0.0050162672996521
2611,2931,002931,22.626659313854685,22.626237279056383,0.5856471061706543,0.588342010974884,179.59980000159703,241.13069999657455,0.13557657599449158,-0.00042203479830149604,0.0026949048042297363
2612,2932,002932,28.57235443647638,28.210297097195,0.8405996561050415,0.8344315886497498,174.72770000313176,252.59340000047814,0.16960859298706055,-0.36205733928138173,-0.006168067455291748
2613,2933,002933,30.379142520816643,30.33816505195828,0.8914633393287659,0.8911216259002686,163.226399999985,241.07599999842932,0.18455560505390167,-0.04097746885836173,-0.00034171342849731445
2614,2934,002934,30.85274338926334,30.877895558300253,0.8992917537689209,0.8976214528083801,168.85199999887845,255.99650000003749,0.1772550791501999,0.02515216903691453,-0.0016703009605407715
2615,2935,002935,31.19371913285096,31.11390551548364,0.9008222222328186,0.9006618857383728,163.24689999964903,260.3135999997903,0.17761774361133575,-0.07981361736731785,-0.00016033649444580078
2616,2936,002936,32.017459319627164,31.970342092896182,0.9141775369644165,0.9111633896827698,191.7671999981394,247.38470000011148,0.17807751893997192,-0.04711722673098251,-0.0030141472816467285
2617,2937,002937,28.071579467813823,28.051476816775853,0.7005211114883423,0.6997641324996948,163.1240999995498,378.2463000025018,0.17356055974960327,-0.02010265103796982,-0.0007569789886474609
2618,2938,002938,27.645931813225893,27.68733819623211,0.6951890587806702,0.6969672441482544,203.20150000043213,262.515300000814,0.18274755775928497,0.041406383006215464,0.0017781853675842285
2619,2939,002939,28.53675222498962,28.40956390643801,0.7133967280387878,0.7072542905807495,177.50410000007832,254.02089999988675,0.17141635715961456,-0.12718831855161028,-0.00614243745803833
2620,2940,002940,21.732245054869445,21.760057271328286,0.7234938740730286,0.7239224314689636,187.32570000065607,261.991899998975,0.3225901126861572,0.02781221645884102,0.0004285573959350586
2621,2941,002941,27.268434295651485,27.186671702774063,0.6148757338523865,0.6128115653991699,180.5558000014571,254.36469999840483,0.2665053606033325,-0.08176259287742127,-0.0020641684532165527
2622,2942,002942,26.899717018069367,26.829070252483127,0.6219913959503174,0.6183513402938843,200.80769999913173,306.624600001669,0.2857258915901184,-0.07064676558623972,-0.0036400556564331055
2623,2943,002943,26.912138198786554,26.872590488062972,0.608395516872406,0.6056739091873169,204.65930000136723,281.86810000261175,0.26339101791381836,-0.039547710723581986,-0.0027216076850891113
2624,2944,002944,23.284514380933203,23.281383915287293,0.6140981912612915,0.6123752593994141,212.41190000000643,286.20890000092913,0.21559128165245056,-0.003130465645909908,-0.0017229318618774414
2625,2945,002945,24.047045247455095,24.11430020883335,0.6576133370399475,0.6706916093826294,255.54030000057537,301.7991000015172,0.14049918949604034,0.0672549613782536,0.013078272342681885
2626,2946,002946,24.095329643941415,24.05920819621832,0.6766201853752136,0.6711015701293945,224.43379999822355,286.31769999992684,0.1473715752363205,-0.03612144772309378,-0.005518615245819092
2627,2947,002947,23.946253487037016,23.932944943821944,0.6546531915664673,0.6634268164634705,211.5711000005831,314.49310000243713,0.13554507493972778,-0.013308543215071467,0.008773624897003174
2628,2948,002948,24.465721330637592,24.438010624704045,0.8094833493232727,0.8095682859420776,232.904000000417,309.55420000100276,0.26900556683540344,-0.027710705933547075,8.493661880493164e-05
2629,2949,002949,23.94503971229372,23.937470359996308,0.3700510859489441,0.3733961880207062,238.39710000174819,311.20279999959166,0.2117786556482315,-0.007569352297412735,0.003345102071762085
2630,2950,002950,24.75963324383836,24.771449058616763,0.3803215026855469,0.3816784620285034,216.8984999989334,288.2021999976132,0.1618751436471939,0.011815814778405098,0.001356959342956543
2631,2951,002951,24.72665306944466,24.759044551230506,0.37821802496910095,0.3813853859901428,221.56790000008186,289.5250000001397,0.16373521089553833,0.032391481785847276,0.00316736102104187
2632,2952,002952,25.91328610760168,25.909750578298308,0.8091635704040527,0.8089903593063354,261.3557000004221,293.63410000223666,0.2572656273841858,-0.0035355293033738633,-0.00017321109771728516
2633,2953,002953,31.30311876599434,31.33061734378738,0.9390535950660706,0.9399735927581787,293.0902999978571,310.0488000018231,0.2689327895641327,0.027498577793039658,0.0009199976921081543
2634,2954,002954,29.230278692189657,29.21896469868308,0.909325361251831,0.9114193320274353,214.81190000122297,294.54809999879217,0.283522367477417,-0.011313993506576026,0.002093970775604248
2635,2955,002955,30.21729580530565,30.174217882499107,0.9247943162918091,0.9254938960075378,236.47920000075828,289.63519999888376,0.29509466886520386,-0.043077922806542546,0.0006995797157287598
2636,2956,002956,24.013891306451605,24.02926113436331,0.5767761468887329,0.5870385766029358,197.12260000233073,282.7937000001839,0.3417200446128845,0.015369827911705158,0.01026242971420288
2637,2957,002957,26.0188494457335,26.01126247369105,0.6683931350708008,0.6733642816543579,187.9776000023412,274.0523000029498,0.1657785028219223,-0.007586972042449958,0.004971146583557129
2638,2958,002958,27.039241957124,27.037295122391576,0.6819694638252258,0.6749857664108276,183.18960000033258,247.56060000072466,0.163613960146904,-0.0019468347324220758,-0.006983697414398193
2639,2959,002959,26.902251256426087,26.93748781746461,0.648657500743866,0.6493964195251465,172.58489999949234,257.825500000763,0.1701194941997528,0.03523656103852346,0.0007389187812805176
2640,2960,002960,24.894228156592742,24.97560958334352,0.7238733768463135,0.7353122234344482,166.9493000008515,234.5233999985794,0.19185681641101837,0.08138142675077731,0.011438846588134766
2641,2961,002961,34.916921468424796,34.97060501364801,0.9374216794967651,0.9369597434997559,161.19520000211196,245.60090000159107,0.13156569004058838,0.05368354522321539,-0.00046193599700927734
2642,2962,002962,35.505271460998415,35.47759934409044,0.9416234493255615,0.9403411149978638,166.35780000069644,252.74569999965024,0.1282685101032257,-0.02767211690797211,-0.001282334327697754
2643,2963,002963,32.62726871972016,32.51167254325386,0.9288851618766785,0.9280945062637329,178.5042000010435,251.12179999996442,0.1543186604976654,-0.11559617646630471,-0.0007906556129455566
2644,2964,002964,27.986146684342273,27.919736512922633,0.8620684146881104,0.8614356517791748,169.31130000011763,257.42669999817736,0.16116061806678772,-0.06641017141964056,-0.0006327629089355469
2645,2965,002965,29.74034264872528,29.80600040643732,0.8473366498947144,0.8476170301437378,176.64349999904516,244.40830000094138,0.1848212629556656,0.06565775771203874,0.0002803802490234375
2646,2966,002966,28.220466360094775,28.245258906676565,0.8342639803886414,0.8318302631378174,190.5832999982522,377.59039999946253,0.19786284863948822,0.02479254658178931,-0.0024337172508239746
2647,2967,002967,28.30898959860418,28.327041238311168,0.8400427103042603,0.8375922441482544,310.3883000003407,388.99099999980535,0.19796091318130493,0.018051639706985867,-0.0024504661560058594
2648,2968,002968,24.05038263472013,24.134116205273077,0.5709985494613647,0.5736175179481506,283.6664999995264,374.4086000006064,0.1381053924560547,0.08373357055294761,0.0026189684867858887
2649,2969,002969,34.467648415493436,34.33243461326332,0.9259517788887024,0.9256535768508911,257.07469999906607,387.50059999802033,0.17147137224674225,-0.13521380223011903,-0.0002982020378112793
2650,2970,002970,33.92722209163011,33.77813789329798,0.9175238609313965,0.9183874130249023,296.3702999986708,485.4187999990245,0.16173610091209412,-0.14908419833212605,0.0008635520935058594
2651,2971,002971,35.10299303874666,34.9112739360773,0.9276800155639648,0.9274213314056396,272.2481999990123,287.69870000178344,0.16303426027297974,-0.1917191026693601,-0.0002586841583251953
2652,2972,002972,34.110164476257246,34.12745332609099,0.9140382409095764,0.9122870564460754,213.8702000011108,307.7357000001939,0.2400594800710678,0.017288849833747122,-0.0017511844635009766
2653,2973,002973,11.22536821251666,11.148254253634583,0.2744988799095154,0.2847859561443329,232.46579999977257,334.69269999841345,0.2887621819972992,-0.07711395888207662,0.010287076234817505
2654,2974,002974,11.19693257437731,11.124454591769044,0.2681806683540344,0.2781275808811188,207.92570000048727,347.27530000236584,0.2886882722377777,-0.07247798260826599,0.00994691252708435
2655,2975,002975,11.209945468692196,11.15379233725426,0.26921752095222473,0.2790161371231079,231.68969999824185,342.75650000199676,0.28919655084609985,-0.05615313143793621,0.009798616170883179
2656,2976,002976,20.429767711375067,20.32716328716233,0.6644365787506104,0.6588544249534607,231.4397000009194,388.89750000089407,0.25438258051872253,-0.10260442421273908,-0.005582153797149658
2657,2977,002977,28.410143210804883,28.498671753047105,0.6619933247566223,0.6874809861183167,224.92699999929755,298.3964000013657,0.08606301248073578,0.08852854224222284,0.025487661361694336
2658,2978,002978,27.898974919600306,27.92540618490169,0.6935790181159973,0.7087515592575073,298.5800999995263,376.66519999766024,0.10959000140428543,0.026431265301383178,0.01517254114151001
2659,2979,002979,27.861165051016748,27.96782488409578,0.6582232713699341,0.6873397827148438,216.3168000006408,311.8988999995054,0.09997466206550598,0.10665983307903204,0.029116511344909668
2660,2980,002980,25.51276571545163,25.4871985999274,0.5914353728294373,0.5756526589393616,255.76490000094054,311.1113999984809,0.210770845413208,-0.025567115524228967,-0.015782713890075684
2661,2981,002981,11.222502106786711,11.201802899790671,0.2684784233570099,0.2707851827144623,215.90160000050673,305.20529999921564,0.288179874420166,-0.02069920699604033,0.0023067593574523926
2662,2982,002982,11.212283418854215,11.228375643220234,0.2723201513290405,0.2708164155483246,240.21300000094925,327.2097999979451,0.2897624373435974,0.016092224366019536,-0.0015037357807159424
2663,2983,002983,11.2449460728275,11.14063741132842,0.2750737965106964,0.28943419456481934,269.5499000001291,331.6561999999976,0.28842461109161377,-0.10430866149907914,0.014360398054122925
2664,2984,002984,26.698289917336126,26.596378239901032,0.7640015482902527,0.7656283378601074,243.11630000011064,329.8265999983414,0.22854618728160858,-0.1019116774350941,0.0016267895698547363
2665,2985,002985,26.488279892893075,26.59645053851937,0.40510842204093933,0.42309993505477905,212.5125000020489,350.0664000021061,0.07286832481622696,0.10817064562629497,0.01799151301383972
2666,2986,002986,26.908690485453523,27.03233657968367,0.44123661518096924,0.4580845534801483,245.4187000003003,361.5600999983144,0.09461308270692825,0.12364609423014628,0.016847938299179077
2667,2987,002987,26.265888408751216,26.393330458695544,0.3896277844905853,0.40412309765815735,263.6259999999311,387.70130000193603,0.07435888051986694,0.12744204994432806,0.014495313167572021
2668,2988,002988,27.054735544232113,26.960757012242812,0.6036764979362488,0.6012139320373535,247.0315999999002,337.87690000099246,0.12991955876350403,-0.0939785319893005,-0.0024625658988952637
2669,2989,002989,27.471024935120564,27.539217319575094,0.6052907705307007,0.607866108417511,215.26079999966896,319.4833999987168,0.1924934685230255,0.06819238445453024,0.0025753378868103027
2670,2990,002990,27.29366630473588,27.153509221620364,0.5807881355285645,0.5636297464370728,240.08560000220314,307.5023000019428,0.22988010942935944,-0.14015708311551478,-0.0171583890914917
2671,2991,002991,27.27480538343016,27.244363802303084,0.565547525882721,0.557372510433197,223.09449999738717,328.83510000101523,0.1877099573612213,-0.030441581127075068,-0.008175015449523926
2672,2992,002992,20.414327524447025,20.409777702829327,0.7935694456100464,0.7959171533584595,370.6200999986322,413.48260000086157,0.3235642611980438,-0.004549821617697347,0.002347707748413086
2673,2993,002993,24.142150808470152,24.15267991507549,0.7816001176834106,0.7820686101913452,233.574599998974,363.21740000130376,0.23666270077228546,0.010529106605336125,0.0004684925079345703
2674,2994,002994,23.47174305202559,23.475254441089515,0.7587717175483704,0.7566479444503784,272.9006000008667,615.375800000038,0.23896057903766632,0.0035113890639237866,-0.0021237730979919434
2675,2995,002995,23.822341970774943,23.80251644116438,0.7736761569976807,0.769534707069397,497.8281000003335,582.514199999423,0.23980525135993958,-0.019825529610564274,-0.004141449928283691
2676,2996,002996,28.46511443191833,28.304753713533092,0.8015559911727905,0.7962762713432312,403.7595000008878,341.1793999985093,0.2808278799057007,-0.16036071838523824,-0.005279719829559326
2677,2997,002997,30.491725489760242,30.534214214928316,0.7658771276473999,0.7674950361251831,262.39730000088457,323.9214000022912,0.08730713278055191,0.04248872516807367,0.0016179084777832031
2678,2998,002998,30.500987387818718,30.447411015304265,0.7713293433189392,0.770172119140625,239.57859999791253,295.54730000018026,0.0803396925330162,-0.053576372514452686,-0.001157224178314209
2679,2999,002999,31.234914062924915,31.20414530784682,0.7871831059455872,0.7871659398078918,219.9609999988752,305.1242000001366,0.07676927745342255,-0.030768755078096177,-1.71661376953125e-05
2680,3000,003000,25.085535054421054,24.982998086008198,0.8287831544876099,0.8253984451293945,199.82159999926807,275.7093999971403,0.21432001888751984,-0.10253696841285631,-0.003384709358215332
2681,3001,003001,33.81228312637252,33.642239841580746,0.930332362651825,0.9306424260139465,203.02150000134134,348.2264000012947,0.08578159660100937,-0.17004328479177389,0.00031006336212158203
2682,3002,003002,35.40375061898626,35.51456281065931,0.9352140426635742,0.935033917427063,210.59129999775905,336.31289999902947,0.06931249797344208,0.11081219167304823,-0.00018012523651123047
2683,3003,003003,33.53361471425552,33.58014426137138,0.9255488514900208,0.9251529574394226,238.74769999747514,281.23360000245157,0.08565881103277206,0.04652954711585977,-0.00039589405059814453
2684,3004,003004,25.625809252430436,25.63676294841092,0.7814053297042847,0.783176839351654,203.7674999992305,267.69749999948544,0.14618359506130219,0.010953695980482792,0.0017715096473693848
2685,3005,003005,24.429867514489164,24.38836411625197,0.7653656601905823,0.771791398525238,195.96680000177003,267.6718000002438,0.20103566348552704,-0.04150339823719307,0.006425738334655762
2686,3006,003006,24.154145977930348,24.129711730478846,0.7689985036849976,0.7647241950035095,201.99670000147307,282.545800000662,0.19787847995758057,-0.024434247451502245,-0.004274308681488037
2687,3007,003007,24.086727800672556,24.069693392874058,0.771301805973053,0.7696682214736938,223.820600000181,325.8303000002343,0.22987549006938934,-0.017034407798497853,-0.0016335844993591309
2688,3008,003008,28.574048492665824,28.60700879495001,0.8473014831542969,0.8472277522087097,224.5199999997567,308.3202000016172,0.15886518359184265,0.03296030228418445,-7.37309455871582e-05
2689,3009,003009,26.363239060885274,26.379649397521547,0.5359755158424377,0.5397788286209106,225.30330000154208,301.9093000002613,0.11522745341062546,0.016410336636273115,0.0038033127784729004
2690,3010,003010,26.337895910176734,26.22291707565495,0.508679211139679,0.4876944422721863,211.54849999948055,270.5872000005911,0.114556223154068,-0.11497883452178215,-0.020984768867492676
2691,3011,003011,24.09362745479324,24.043439028992793,0.4122828543186188,0.41204315423965454,219.06230000240612,284.8997999972198,0.14218147099018097,-0.05018842580044591,-0.0002397000789642334
2692,3012,003012,22.724163276092195,22.742160750454914,0.5969042778015137,0.5989266037940979,224.04290000122273,324.8514000006253,0.24245129525661469,0.017997474362719146,0.0020223259925842285
2693,3013,003013,36.193111896398214,36.268964775278405,0.9796022176742554,0.9796859622001648,270.2304999984335,285.0460999979987,0.06606318056583405,0.0758528788801911,8.374452590942383e-05
2694,3014,003014,36.523949022458886,36.534023178386036,0.9775007367134094,0.9775552749633789,205.89070000278298,298.63620000105584,0.06597205996513367,0.010074155927149775,5.453824996948242e-05
2695,3015,003015,36.52059558250036,36.576128283687154,0.9772936105728149,0.9774167537689209,180.11079999996582,250.72279999949387,0.06607412546873093,0.055532701186791655,0.00012314319610595703
2696,3016,003016,22.589697879193565,22.57483815331829,0.7398943305015564,0.7389991879463196,171.64390000107232,262.093499997718,0.24185843765735626,-0.014859725875275842,-0.0008951425552368164
2697,3017,003017,28.145783368045883,28.081438599051612,0.45155221223831177,0.4333738386631012,198.37190000180271,256.55170000027283,0.18845471739768982,-0.0643447689942711,-0.01817837357521057
2698,3018,003018,28.079793390689503,28.057817681193153,0.437760591506958,0.4333949685096741,175.3076000022702,282.5052999978652,0.1818830817937851,-0.021975709496349083,-0.0043656229972839355
2699,3019,003019,28.065161577225442,28.079049500183526,0.43394631147384644,0.4396406412124634,190.18310000319616,254.31849999949918,0.1825430542230606,0.01388792295808372,0.005694329738616943
2700,3020,003020,27.50199531868631,27.653097696303707,0.829074501991272,0.8314183950424194,180.30590000125812,247.3913000030734,0.12939859926700592,0.15110237761739853,0.002343893051147461
2701,3021,003021,24.34863547078606,24.348349127566017,0.7899031639099121,0.786586582660675,173.89050000201678,255.31430000046385,0.153584823012352,-0.00028634322004350565,-0.0033165812492370605
2702,3022,003022,24.52029409909736,24.50359320422381,0.7883647084236145,0.7943383455276489,187.6568000006955,262.2945000002801,0.1527831256389618,-0.016700894873547867,0.005973637104034424
2703,3023,003023,24.51697271953247,24.517087593576917,0.8014200329780579,0.805601179599762,204.43650000015623,311.5864000028523,0.16562141478061676,0.00011487404444920912,0.0041811466217041016
2704,3024,003024,31.293460726111853,31.295855286573943,0.6674038171768188,0.6662406325340271,212.7031000018178,289.2829999982496,0.221110537648201,0.0023945604620898564,-0.001163184642791748
2705,3025,003025,29.83344760307755,29.911008758929995,0.6356436014175415,0.6342381238937378,234.97000000133994,283.3771000005072,0.20232868194580078,0.07756115585244672,-0.001405477523803711
2706,3026,003026,30.065988765871428,30.035824381616063,0.6413612365722656,0.6376024484634399,251.26880000243546,337.8964999974414,0.20073392987251282,-0.030164384255364496,-0.0037587881088256836
2707,3027,003027,29.499658583994098,29.402938760072324,0.6361435651779175,0.6330946087837219,224.64419999960228,287.4426999987918,0.2016279250383377,-0.0967198239217737,-0.0030489563941955566
2708,3028,003028,23.261044661827853,23.295130655901342,0.6041786670684814,0.6089613437652588,208.17660000102478,294.48860000047716,0.2298239916563034,0.034085994073489445,0.004782676696777344
2709,3029,003029,24.034094454520748,24.00912906628306,0.7584072947502136,0.7581299543380737,209.46090000143158,294.82439999992494,0.12329479306936264,-0.024965388237689012,-0.0002773404121398926
2710,3030,003030,24.01950808064498,24.019990878826732,0.7674669623374939,0.7621184587478638,211.27749999868684,316.1894000004395,0.1234450563788414,0.0004827981817534521,-0.005348503589630127
2711,3031,003031,24.06892808692794,24.07324342343697,0.76397705078125,0.7554966807365417,215.47999999893364,288.5329999990063,0.12297292798757553,0.004315336509030487,-0.008480370044708252
2712,3032,003032,24.39755726377568,24.30570676490326,0.5507586002349854,0.5474053621292114,219.79239999927813,328.29750000018976,0.20505164563655853,-0.09185049887242158,-0.0033532381057739258
2713,3033,003033,23.83491436357823,23.814608988703007,0.5346312522888184,0.5281550288200378,256.64060000053723,331.96400000088033,0.21265898644924164,-0.020305374875221105,-0.006476223468780518
2714,3034,003034,24.024871192221017,24.073368468883288,0.5378789901733398,0.545070469379425,241.77640000198153,395.9515000024112,0.21309049427509308,0.048497276662271105,0.007191479206085205
2715,3035,003035,24.10979542187009,23.89024721443439,0.5304692983627319,0.505351722240448,327.346199999738,472.9316999982984,0.21940505504608154,-0.21954820743570025,-0.025117576122283936
2716,3036,003036,18.916320703957986,18.899918760501443,0.5887932181358337,0.5742225050926208,289.98309999951744,379.93289999940316,0.23676341772079468,-0.016401943456543222,-0.01457071304321289
2717,3037,003037,29.116624849265826,29.07681601137957,0.9110715985298157,0.9109570384025574,326.122899998154,492.57589999979245,0.14901569485664368,-0.03980883788625533,-0.00011456012725830078
2718,3038,003038,28.169329858730713,28.224081921167887,0.8945953845977783,0.896441638469696,431.5833000000566,668.140300000232,0.150166854262352,0.05475206243717423,0.0018462538719177246
2719,3039,003039,28.60295963128752,28.521405530038354,0.9026438593864441,0.9025538563728333,469.79909999936353,653.1108999988646,0.14936314523220062,-0.08155410124916429,-9.000301361083984e-05
2720,3040,003040,27.923257976918165,27.944262549768773,0.8314694166183472,0.8311297297477722,415.37439999956405,543.916700000409,0.06583305448293686,0.021004572850607417,-0.00033968687057495117
2721,3041,003041,26.36238875189366,26.372238366631223,0.8557682633399963,0.8569489121437073,385.63190000058967,585.2938999996695,0.1707116812467575,0.009849614737561296,0.0011806488037109375
2722,3042,003042,26.08328555617355,26.02658660663741,0.8456250429153442,0.844017505645752,464.11689999877126,658.8828999992984,0.1738300919532776,-0.056698949536141185,-0.0016075372695922852
2723,3043,003043,25.876223378078937,25.82851385845327,0.8528677821159363,0.8522793650627136,374.305600002117,371.5769000009459,0.1664828360080719,-0.047709519625666275,-0.0005884170532226562
2724,3044,003044,21.311884851180977,21.223371682818456,0.23691010475158691,0.24978886544704437,262.55379999929573,371.4189999991504,0.1242225170135498,-0.0885131683625211,0.012878760695457458
2725,3045,003045,30.26284275956764,30.240678140392312,0.5692107081413269,0.5708719491958618,187.24010000005364,259.6570999994583,0.17280159890651703,-0.02216461917532797,0.0016612410545349121
2726,3046,003046,32.196580832567705,32.340046915215964,0.7032210230827332,0.7039020657539368,195.8201999987068,267.8248000011081,0.16462118923664093,0.14346608264825988,0.0006810426712036133
2727,3047,003047,31.41448882556775,31.46235312651255,0.636508047580719,0.637248158454895,192.312099999981,295.40470000210917,0.15993301570415497,0.04786430094479854,0.0007401108741760254
2728,3048,003048,29.011538633513606,29.067230240007103,0.7808469533920288,0.7814245223999023,210.53240000037476,282.51340000133496,0.19731394946575165,0.05569160649349669,0.0005775690078735352
2729,3049,003049,36.40355644528357,36.44217571222284,0.959926426410675,0.9604930281639099,205.796599999303,281.783299997187,0.10227654874324799,0.03861926693927131,0.0005666017532348633
2730,3050,003050,36.61860736937735,37.00449477327125,0.953515887260437,0.9577137231826782,205.2780999983952,282.1029000006092,0.07502731680870056,0.3858874038938964,0.004197835922241211
2731,3051,003051,36.605762265142275,37.34433149606396,0.9365161657333374,0.9513118863105774,174.5755999982066,245.87400000018533,0.05038340762257576,0.7385692309216836,0.01479572057723999
2732,3052,003052,27.21846731694171,27.230615876160343,0.8172755837440491,0.814242959022522,190.1830000024347,278.63650000290363,0.113224558532238,0.012148559218633892,-0.0030326247215270996
2733,3053,003053,29.229690500106287,29.199781868419777,0.7658708095550537,0.7729902267456055,216.40629999819794,354.0611999997054,0.12584559619426727,-0.029908631686510034,0.007119417190551758
2734,3054,003054,29.335373730605482,29.36084590928758,0.7637159824371338,0.774146556854248,229.16989999794168,287.96650000003865,0.12683942914009094,0.02547217868209728,0.010430574417114258
2735,3055,003055,29.79931521899651,29.738107596533712,0.7912791967391968,0.7896327376365662,179.81660000077682,255.48319999870728,0.12495177984237671,-0.061207622462799094,-0.0016464591026306152
2736,3056,003056,23.661211927687017,23.753413816947496,0.6872696876525879,0.6911017298698425,184.32450000182143,281.03769999870565,0.16850747168064117,0.09220188926047967,0.0038320422172546387
2737,3057,003057,30.765215096975798,30.780633796695426,0.8937854766845703,0.8935850858688354,218.54220000022906,327.13069999954314,0.07924921810626984,0.015418699719628393,-0.00020039081573486328
2738,3058,003058,29.7166360299626,29.77443331577546,0.8774229288101196,0.8816890120506287,355.2632999999332,278.53260000119917,0.08464569598436356,0.057797285812860366,0.004266083240509033
2739,3059,003059,30.936039797669043,30.878035169262485,0.9030553102493286,0.9021070599555969,195.18840000091586,277.6886999999988,0.07545506209135056,-0.0580046284065574,-0.0009482502937316895
2740,3060,003060,21.577652456399914,21.683800616386456,0.700787365436554,0.6958463191986084,207.35780000177328,291.00760000073933,0.1816255748271942,0.10614815998654237,-0.004941046237945557
2741,3061,003061,31.085160745241488,31.035263418909675,0.9275974035263062,0.9271572828292847,227.32950000136043,297.6636999992479,0.20608507096767426,-0.049897326331812764,-0.0004401206970214844
2742,3062,003062,31.287031512904463,31.182900623074502,0.9270193576812744,0.9236356616020203,211.90540000316105,310.96830000024056,0.20606359839439392,-0.10413088982996044,-0.0033836960792541504
2743,3063,003063,32.76257486720728,33.132382434983676,0.9465314149856567,0.9484994411468506,229.56490000069607,304.1692000006151,0.20798678696155548,0.3698075677763981,0.0019680261611938477
2744,3064,003064,25.822804504320473,25.78995863253949,0.8161798119544983,0.8170382380485535,216.28960000089137,285.56229999958305,0.18427415192127228,-0.03284587178098164,0.0008584260940551758
2745,3065,003065,28.280245050238232,28.29790051346183,0.8443422317504883,0.846519410610199,215.09950000108802,288.93519999837736,0.1737242192029953,0.01765546322359768,0.0021771788597106934
2746,3066,003066,26.497263754675345,26.50480390510171,0.8270838260650635,0.8259600400924683,213.51279999726103,320.8983000004082,0.2311192899942398,0.007540150426365244,-0.0011237859725952148
2747,3067,003067,29.880387761974212,29.939612643261306,0.8837979435920715,0.8851414322853088,225.58410000056028,318.9956999995047,0.16776029765605927,0.05922488128709347,0.0013434886932373047
2748,3068,003068,26.92988058636711,26.959294664418977,0.8395530581474304,0.842488706111908,222.42060000280617,326.6978999999992,0.23260867595672607,0.02941407805186813,0.002935647964477539
2749,3069,003069,22.217123686135555,22.178970574589144,0.23712597787380219,0.2147674262523651,238.13350000273203,361.8698999998742,0.11209067702293396,-0.038153111546410656,-0.022358551621437073
2750,3070,003070,23.240624210687358,23.275087111161646,0.22603872418403625,0.23225291073322296,228.2857000027434,366.8601999997918,0.12541045248508453,0.03446290047428846,0.0062141865491867065
2751,3071,003071,23.52918945959045,23.580135504637198,0.23803718388080597,0.24450312554836273,274.37880000070436,452.3793000007572,0.1260378360748291,0.05094604504674649,0.006465941667556763
2752,3072,003072,25.00417135888383,24.89752010636563,0.8646165132522583,0.8580923080444336,268.58480000009877,313.2436999985657,0.1408775895833969,-0.10665125251820129,-0.006524205207824707
2753,3073,003073,33.82010657343751,33.608607121885406,0.8981292843818665,0.9013913869857788,221.17250000155764,308.8155999976152,0.10186253488063812,-0.2114994515521076,0.0032621026039123535
2754,3074,003074,35.30683981920256,35.39563273099015,0.9029320478439331,0.904292106628418,253.2169000005524,330.5073999981687,0.0940307155251503,0.08879291178759274,0.0013600587844848633
2755,3075,003075,35.81850079597994,35.792830491105,0.8951812386512756,0.8949803113937378,235.75049999999464,321.58960000015213,0.0895596519112587,-0.02567030487494293,-0.0002009272575378418
2756,3076,003076,25.960281530964835,26.028985971676057,0.7903295755386353,0.7970373034477234,209.9197000025015,304.7060999997484,0.21960055828094482,0.0687044407112225,0.006707727909088135
2757,3077,003077,29.586917648996305,29.41226428847171,0.8553180694580078,0.8513864278793335,240.11310000059893,313.20789999881526,0.18913492560386658,-0.17465336052459435,-0.003931641578674316
2758,3078,003078,29.716217202088863,29.730642661320665,0.8438558578491211,0.8451951146125793,231.17790000105742,342.0332999994571,0.1682300865650177,0.014425459231802051,0.001339256763458252
2759,3079,003079,28.462540212070245,28.416990768392687,0.8345813155174255,0.8337968587875366,225.00310000032187,317.9044000025897,0.18680568039417267,-0.04554944367755809,-0.000784456729888916
2760,3080,003080,29.632897448636978,29.605850349795286,0.8852758407592773,0.8871246576309204,217.6145000012184,318.60369999776594,0.23963035643100739,-0.027047098841691763,0.0018488168716430664
2761,3081,003081,29.178686466868903,29.23835315737105,0.8080698251724243,0.8088762164115906,236.31139999997686,358.776900000521,0.1748935729265213,0.0596666905021479,0.0008063912391662598
2762,3082,003082,28.35182305820936,28.298577649149212,0.7707140445709229,0.7692576050758362,236.10410000037518,387.88900000145077,0.168313130736351,-0.05324540906014619,-0.00145643949508667
2763,3083,003083,28.71856524529329,28.858825305117524,0.7901278138160706,0.7969247102737427,255.1710000007006,358.3392000000458,0.17297889292240143,0.14026005982423229,0.006796896457672119
2764,3084,003084,21.748531285628523,21.73547720047818,0.6851111650466919,0.6847149729728699,243.30560000089463,374.9311999999918,0.22994406521320343,-0.013054085150344008,-0.0003961920738220215
2765,3085,003085,28.711558286743163,28.6715858498772,0.8119015097618103,0.8152692317962646,229.47349999958533,320.53559999985737,0.10100316256284714,-0.039972436865962635,0.0033677220344543457
2766,3086,003086,27.90282366670056,27.9108700168631,0.7940021753311157,0.8050381541252136,278.9618999995582,331.48260000234586,0.12304887175559998,0.00804635016254096,0.0110359787940979
2767,3087,003087,26.78551223874142,26.760997688370534,0.7895676493644714,0.787321150302887,235.88240000026417,322.780700000294,0.14451541006565094,-0.02451455037088479,-0.0022464990615844727
2768,3088,003088,23.808179378148324,23.755344386659687,0.7160981893539429,0.7160349488258362,226.74869999900693,329.5877999989898,0.14830650389194489,-0.052834991488637684,-6.324052810668945e-05
2769,3089,003089,26.150770624403727,26.13842165242625,0.7996924519538879,0.7951812148094177,229.3683999996574,301.12260000169044,0.13905730843544006,-0.012348971977477419,-0.004511237144470215
2770,3090,003090,26.468772263016916,26.47019851290211,0.7933869361877441,0.7961214184761047,273.45580000110203,362.136300002021,0.1355109065771103,0.0014262498851920213,0.0027344822883605957
2771,3091,003091,25.867223947021326,25.821664812818504,0.7793381810188293,0.7792124152183533,295.687400001043,443.8934000027075,0.1401328146457672,-0.045559134202822094,-0.00012576580047607422
2772,3092,003092,28.315816283115993,28.26199594424856,0.7119447588920593,0.718025267124176,267.3610000019835,332.10789999793633,0.12508834898471832,-0.05382033886743187,0.006080508232116699
2773,3093,003093,24.054590416736193,24.348202913552154,0.638180136680603,0.6499821543693542,360.72779999813065,512.8414999999222,0.12760977447032928,0.29361249681596036,0.01180201768875122
2774,3094,003094,24.85078673262095,24.97951781547616,0.6880263090133667,0.6945888996124268,354.03560000122525,439.51730000117095,0.1445009708404541,0.12873108285521084,0.006562590599060059
2775,3095,003095,24.96253077842951,24.967364056550252,0.6993072032928467,0.7024799585342407,355.76769999897806,485.5213000009826,0.1444876790046692,0.004833278120742079,0.003172755241394043
2776,3096,003096,24.287867678296593,24.288191698777904,0.6896747350692749,0.6893531680107117,348.01339999830816,474.4477000022016,0.18375352025032043,0.00032402048131174865,-0.0003215670585632324
2777,3097,003097,25.595657233057786,25.59554940904352,0.7288484573364258,0.7298920750617981,333.90030000009574,543.6093000025721,0.2237609475851059,-0.00010782401426467914,0.0010436177253723145
2778,3098,003098,25.016432004473643,25.02276952326808,0.722898542881012,0.7199498414993286,343.6409999994794,599.7779999997874,0.21968978643417358,0.006337518794438779,-0.0029487013816833496
2779,3099,003099,25.341736267537016,25.400430286665973,0.7046274542808533,0.7107235193252563,372.14959999982966,556.8292999996629,0.2208324521780014,0.05869401912895711,0.006096065044403076
2780,3100,003100,24.348206678873133,24.290190263831487,0.7561340928077698,0.7582236528396606,341.53779999905964,428.019700000732,0.17308056354522705,-0.058016415041645786,0.002089560031890869
2781,3101,003101,22.264058544140916,22.265789671366893,0.6099245548248291,0.6141486763954163,353.19760000129463,422.44489999939105,0.14484937489032745,0.0017311272259767918,0.004224121570587158
2782,3102,003102,21.86589196552228,21.844170160972162,0.6117439270019531,0.5962543487548828,597.6262000003771,594.2804000005708,0.14303022623062134,-0.021721804550118406,-0.015489578247070312
2783,3103,003103,22.782632689474074,22.69234350644731,0.6203444600105286,0.6087057590484619,623.8125999989279,680.6312000007892,0.13716499507427216,-0.09028918302676558,-0.01163870096206665
2784,3104,003104,35.901092461921266,35.80092535451768,0.9328827857971191,0.9319943785667419,588.3113000018056,925.2754999979516,0.10555173456668854,-0.10016710740358548,-0.0008884072303771973
2785,3105,003105,33.48429844422621,33.492742359365565,0.9385681748390198,0.9384297728538513,707.0592999989458,498.0673999998544,0.18122589588165283,0.008443915139352498,-0.00013840198516845703
2786,3106,003106,36.74936206358296,36.68472826816277,0.9510500431060791,0.9499285221099854,528.7238000018988,535.5846999991627,0.12825776636600494,-0.06463379542018544,-0.00112152099609375
2787,3107,003107,33.99581253904516,33.97520023359798,0.9445614814758301,0.9444942474365234,302.69140000018524,440.0839999980235,0.16423366963863373,-0.02061230544718029,-6.723403930664062e-05
2788,3108,003108,28.75157685238304,28.819472495885883,0.8051098585128784,0.8111920952796936,310.0881999998819,482.1360999994795,0.2470131665468216,0.06789564350284394,0.0060822367668151855
2789,3109,003109,29.3422239671063,29.31690202965409,0.8159655332565308,0.8137791752815247,307.13810000088415,442.68600000214064,0.22109024226665497,-0.025321937452208232,-0.0021863579750061035
2790,3110,003110,28.75755840461643,28.697855503665608,0.7992796301841736,0.8003388047218323,381.64689999757684,433.7879000013345,0.22074896097183228,-0.0597029009508212,0.0010591745376586914
2791,3111,003111,28.10701730501495,28.19968953177022,0.8146446943283081,0.8168784976005554,441.68229999922914,467.2705999983009,0.22391557693481445,0.0926722267552691,0.0022338032722473145
2792,3112,003112,27.00361414594937,26.93407235425439,0.8961253762245178,0.8950473666191101,298.42509999798494,431.56039999666973,0.19048522412776947,-0.06954179169498076,-0.0010780096054077148
2793,3113,003113,24.87118000251013,24.84937934442444,0.8018056154251099,0.7959654331207275,297.04770000171266,369.1123000025982,0.21185064315795898,-0.021800658085687985,-0.005840182304382324
2794,3114,003114,25.30980766718705,25.306355724710183,0.8141617774963379,0.8126043677330017,272.2613999976602,375.95320000036736,0.215196430683136,-0.0034519424768681972,-0.0015574097633361816
2795,3115,003115,25.60074717825675,25.548916456571916,0.8178352117538452,0.8159267902374268,267.2372999986692,409.3219999995199,0.2071954309940338,-0.05183072168483349,-0.001908421516418457
2796,3116,003116,34.46957868348474,34.24915388403392,0.7794921398162842,0.7743906378746033,431.90099999992526,595.8625999992364,0.1519990712404251,-0.22042479945081794,-0.005101501941680908
2797,3117,003117,39.93843097096678,40.01836200095596,0.9561413526535034,0.9552560448646545,362.63770000005024,484.1309999974328,0.060219429433345795,0.07993102998918289,-0.000885307788848877
2798,3118,003118,33.224889670348745,32.77093102721985,0.944060742855072,0.9430112242698669,350.58999999819207,457.11060000030557,0.1415504515171051,-0.45395864312889245,-0.0010495185852050781
2799,3119,003119,39.28511253095471,39.44815737364855,0.9685413837432861,0.9686949253082275,617.217699997127,468.2944000014686,0.06501839309930801,0.1630448426938358,0.00015354156494140625
2800,3120,003120,37.12978967145558,37.08991264776433,0.9280897974967957,0.9283027648925781,292.79529999985243,368.0577999984962,0.17008866369724274,-0.03987702369125401,0.0002129673957824707
2801,3121,003121,25.373239729948555,25.363588982601158,0.6577382683753967,0.6559644341468811,236.9317000011506,305.65370000113035,0.22106234729290009,-0.009650747347397015,-0.001773834228515625
2802,3122,003122,25.46904400870754,25.53666921285279,0.6416768431663513,0.6380516886711121,226.48640000261366,375.7976000015333,0.15134131908416748,0.06762520414524786,-0.003625154495239258
2803,3123,003123,26.240616494262426,26.217570132413,0.6619887948036194,0.6638270616531372,242.02510000031907,312.41810000210535,0.1780056655406952,-0.023046361849424102,0.0018382668495178223
2804,3124,003124,35.4690006186967,35.179893407355465,0.9619039297103882,0.9611413478851318,218.0856999984826,286.97359999932814,0.16208842396736145,-0.2891072113412321,-0.0007625818252563477
2805,3125,003125,36.511185088609324,36.23802757406364,0.921390175819397,0.9179881811141968,211.46890000090934,315.474399998493,0.21452243626117706,-0.27315751454568016,-0.0034019947052001953
2806,3126,003126,36.82785286180892,36.608424427732196,0.9115970730781555,0.9114283919334412,231.91409999708412,352.07209999862243,0.2459554374217987,-0.2194284340767254,-0.00016868114471435547
2807,3127,003127,36.88781054154568,36.747104807651986,0.9143821597099304,0.9137912392616272,241.95830000098795,311.2832000006165,0.2224757820367813,-0.14070573389369656,-0.0005909204483032227
2808,3128,003128,24.391977914033273,24.41091524931306,0.7806059122085571,0.7687031030654907,220.61430000030668,337.53169999909005,0.20284639298915863,0.01893733527978725,-0.011902809143066406
2809,3129,003129,30.90161684822998,30.81674683812224,0.6417843103408813,0.6426962614059448,229.5388999991701,324.93179999801214,0.0712810754776001,-0.08487001010774264,0.0009119510650634766
2810,3130,003130,30.931234475283723,30.92618755139516,0.6406991481781006,0.6409177780151367,238.96349999995437,377.8206999995746,0.07107363641262054,-0.005046923888563981,0.0002186298370361328
2811,3131,003131,30.056007082187296,30.175826377638344,0.6602329611778259,0.6593611240386963,240.60610000015004,319.6946999996726,0.15660716593265533,0.11981929545104819,-0.0008718371391296387
2812,3132,003132,22.731760567124844,22.707350382487498,0.6409178972244263,0.6369383931159973,225.20400000212248,305.4776999997557,0.2298731803894043,-0.024410184637346788,-0.003979504108428955
2813,3133,003133,29.363919903158685,29.295682771921577,0.8272270560264587,0.8273447155952454,224.94060000099125,324.63149999966845,0.18247120082378387,-0.06823713123710817,0.0001176595687866211
2814,3134,003134,28.708258327125957,28.553235649112562,0.8299526572227478,0.8273971080780029,241.52970000068308,383.08909999977914,0.19068828225135803,-0.15502267801339542,-0.002555549144744873
2815,3135,003135,29.47702498203943,29.381209048652227,0.8349258899688721,0.8327140212059021,300.653099999181,403.9431000019249,0.18477265536785126,-0.09581593338720396,-0.0022118687629699707
2816,3136,003136,23.19289329289157,23.178881078762306,0.6776377558708191,0.6777529716491699,239.88949999693432,401.3251000033051,0.14096757769584656,-0.014012214129262901,0.00011521577835083008
2817,3137,003137,24.794649090389562,24.740406072868435,0.731119692325592,0.7232874035835266,299.7679000000062,443.5636999987764,0.1275796741247177,-0.05424301752112726,-0.00783228874206543
2818,3138,003138,24.028379571698693,24.011799198162613,0.7149965763092041,0.7108192443847656,297.68070000136504,391.42100000026403,0.14436766505241394,-0.016580373536079662,-0.0041773319244384766
2819,3139,003139,24.095162793547495,24.027940119033783,0.7328364253044128,0.7238505482673645,312.0928999996977,436.35570000333246,0.15303608775138855,-0.06722267451371167,-0.00898587703704834
2820,3140,003140,26.834907659299503,26.75922227217849,0.8378862142562866,0.8316479325294495,266.138700000738,426.3271999989229,0.282160222530365,-0.07568538712101258,-0.006238281726837158
2821,3141,003141,35.275174299996834,35.84966606755512,0.8402649760246277,0.8455153107643127,313.227900001948,426.2196000017866,0.16147619485855103,0.5744917675582855,0.005250334739685059
2822,3142,003142,36.542916226891066,36.603908230318595,0.8666343092918396,0.8709162473678589,305.58730000120704,505.3661000019929,0.1613190770149231,0.060992003427529085,0.004281938076019287
2823,3143,003143,35.89203348852148,35.93466181949036,0.8552208542823792,0.8566802144050598,343.54440000242903,488.11470000146073,0.19538921117782593,0.0426283309688813,0.001459360122680664
2824,3144,003144,31.946378878816077,31.55107907511502,0.9322640299797058,0.9290040731430054,312.67510000179755,392.86770000035176,0.13013848662376404,-0.39529980370105733,-0.0032599568367004395
2825,3145,003145,23.881526491305184,23.895756626480235,0.696230411529541,0.6961952447891235,273.0416000013065,399.1153999995731,0.12495314329862595,0.014230135175051117,-3.516674041748047e-05
2826,3146,003146,23.97750085109117,23.988796423838007,0.6987892389297485,0.6998565196990967,310.9483999978693,421.40719999952125,0.12445037066936493,0.0112955727468389,0.0010672807693481445
2827,3147,003147,24.15287665872233,24.157405970156866,0.7032039165496826,0.7076952457427979,317.2015000018291,407.9301999991003,0.12460992485284805,0.004529311434534833,0.004491329193115234
2828,3148,003148,29.488464930704964,29.428486106304085,0.8267529606819153,0.8273759484291077,292.321400000219,426.9973000009486,0.1950543075799942,-0.059978824400879205,0.0006229877471923828
2829,3149,003149,30.84297088730052,30.729527288800213,0.8561792373657227,0.8533114194869995,317.899399997259,450.0240000015765,0.28052017092704773,-0.11344359850030727,-0.0028678178787231445
2830,3150,003150,31.21327674079637,31.105234021498852,0.8729958534240723,0.8710213303565979,323.1312000025355,421.831799998472,0.29628506302833557,-0.10804271929751863,-0.0019745230674743652
2831,3151,003151,30.854567370931797,30.802142890091126,0.8690792322158813,0.8690767288208008,303.46969999664,410.8018000006268,0.27792906761169434,-0.05242448084067064,-2.5033950805664062e-06
2832,3152,003152,25.69583223396252,25.651715007190518,0.8304950594902039,0.8300014138221741,260.60530000177096,324.8641999998654,0.21405062079429626,-0.04411722677200203,-0.0004936456680297852
2833,3153,003153,29.471344648082813,29.323190160112777,0.8808929324150085,0.8790643811225891,267.5927000018419,461.08079999976326,0.18838919699192047,-0.14815448797003583,-0.0018285512924194336
2834,3154,003154,29.513757004656455,29.479522770610384,0.8810367584228516,0.8806394338607788,276.73890000005485,474.08809999978985,0.1878807246685028,-0.034234234046071066,-0.0003973245620727539
2835,3155,003155,28.8476226203995,28.774994529111307,0.8637362718582153,0.8588219285011292,259.65310000174213,337.593399999605,0.18808238208293915,-0.07262809128819114,-0.004914343357086182
2836,3156,003156,22.32830790558274,22.271199685072006,0.6059291362762451,0.5993916988372803,246.05259999952978,357.2284000001673,0.1537255495786667,-0.0571082205107345,-0.006537437438964844
2837,3157,003157,27.93638216171789,27.955081048671346,0.4258446991443634,0.4282381236553192,238.38529999920866,339.3935000021884,0.2109682261943817,0.01869888695345523,0.0023934245109558105
2838,3158,003158,28.069441863443892,28.114648953350354,0.4381561279296875,0.43571937084198,249.25839999923483,354.1088999991189,0.20728938281536102,0.04520708990646227,-0.0024367570877075195
2839,3159,003159,28.322269022550692,28.35559431117696,0.4511670768260956,0.4505593776702881,249.30550000135554,388.01560000138124,0.20245163142681122,0.033325288626269156,-0.0006076991558074951
2840,3160,003160,26.154954512105398,26.054282069675388,0.8125517964363098,0.8049595952033997,363.48650000218186,453.78039999923203,0.19772391021251678,-0.10067244243001028,-0.007592201232910156
2841,3161,003161,26.39995091554095,26.317563300693372,0.8210793137550354,0.8147370219230652,337.9836999993131,452.843800001574,0.1590006947517395,-0.08238761484757617,-0.006342291831970215
2842,3162,003162,23.296130009144903,23.38054759869831,0.7712036967277527,0.7732390761375427,274.3707999979961,364.9383999982092,0.18196167051792145,0.08441758955340717,0.002035379409790039
2843,3163,003163,24.194945894895167,24.18607644115219,0.7784155011177063,0.7755931615829468,323.8509000002523,368.2243000002927,0.17843185365200043,-0.008869453742978095,-0.0028223395347595215
2844,3164,003164,22.820348924422497,22.68387974118373,0.8361639380455017,0.8336998224258423,261.0299000007217,354.60819999934756,0.2640253007411957,-0.13646918323876633,-0.002464115619659424
2845,3165,003165,29.253179933116286,29.229136112214206,0.867414653301239,0.8665570616722107,338.4050999993633,490.64150000049267,0.24195486307144165,-0.02404382090207946,-0.0008575916290283203
2846,3166,003166,28.333612072692695,28.34655524505642,0.8506161570549011,0.8501048684120178,319.6815000010247,378.88569999995525,0.2417372316122055,0.012943172363726774,-0.0005112886428833008
2847,3167,003167,28.909106110068908,28.76036802660567,0.8687008023262024,0.8648751974105835,270.7828000020527,368.897599997581,0.2530580163002014,-0.1487380834632397,-0.0038256049156188965
2848,3168,003168,30.247441037333438,30.241169405488165,0.7373319864273071,0.7380082607269287,262.98839999799384,350.7647000005818,0.351956307888031,-0.006271631845272907,0.000676274299621582
2849,3169,003169,31.650363169366386,31.722415433335737,0.7709459662437439,0.7759409546852112,249.91460000092047,383.6308999998437,0.1517188996076584,0.0720522639693506,0.004994988441467285
2850,3170,003170,30.497868368567747,30.481828877535513,0.7630355358123779,0.7633864283561707,256.2389999984589,323.57970000157366,0.15981613099575043,-0.016039491032234565,0.0003508925437927246
2851,3171,003171,30.967148497687372,30.983457886358508,0.7704387903213501,0.7707716226577759,239.20469999939087,326.9268000003649,0.19370707869529724,0.01630938867113585,0.00033283233642578125
2852,3172,003172,29.940750853769607,29.96306355438968,0.7945416569709778,0.792003333568573,242.9643000032229,316.34240000130376,0.0931866317987442,0.0223127006200734,-0.002538323402404785
2853,3173,003173,30.044291636783335,30.018772124531207,0.9193739295005798,0.9173873066902161,229.8893000006501,368.0361000006087,0.14156204462051392,-0.025519512252127896,-0.0019866228103637695
2854,3174,003174,29.559585935949944,29.21718822381127,0.9116328954696655,0.9095903038978577,243.6539999980596,327.09410000097705,0.1267969012260437,-0.3423977121386734,-0.0020425915718078613
2855,3175,003175,30.357922727695524,30.391822664196525,0.9253987073898315,0.9268046021461487,331.84719999917434,570.7269000013184,0.11213984340429306,0.03389993650100109,0.0014058947563171387
2856,3176,003176,26.28904757303735,26.286759950129166,0.6998694539070129,0.6988523602485657,324.6861000006902,482.1848999999929,0.1094081699848175,-0.0022876229081845167,-0.0010170936584472656
2857,3177,003177,22.317309204887742,22.33697657186312,0.6952610611915588,0.6980041861534119,773.8347000013164,416.8376999987231,0.2272755205631256,0.01966736697537641,0.0027431249618530273
2858,3178,003178,22.24256207620534,22.163705660490535,0.6866137385368347,0.6924040913581848,591.3446999984444,740.2316999978211,0.22497984766960144,-0.07885641571480306,0.005790352821350098
2859,3179,003179,21.80865094145229,21.808681230968947,0.6938003301620483,0.6924439668655396,464.31520000260207,492.4190000019735,0.22099967300891876,3.0289516658399407e-05,-0.001356363296508789
2860,3180,003180,34.3320850608397,34.3520634502616,0.9229924082756042,0.9230763912200928,563.1734999988112,657.6951999995799,0.3071414828300476,0.019978389421901,8.398294448852539e-05
2861,3181,003181,25.528547664163405,25.49215128287407,0.34606653451919556,0.35198503732681274,399.98990000094636,452.9648999996425,0.16176758706569672,-0.03639638128933598,0.0059185028076171875
2862,3182,003182,25.581381428107445,25.58002970702635,0.3400760591030121,0.3464319407939911,262.3657000003732,460.6449999992037,0.15487030148506165,-0.0013517210810967129,0.006355881690979004
2863,3183,003183,25.73746573111871,25.768142295537814,0.343193382024765,0.35333359241485596,331.5316999978677,367.18280000059167,0.16374841332435608,0.03067656441910316,0.010140210390090942
2864,3184,003184,22.393173964394883,22.419672897211523,0.7738077640533447,0.7685383558273315,254.31830000161426,327.49929999772576,0.2701784670352936,0.026498932816640064,-0.005269408226013184
2865,3185,003185,25.062996795754728,24.98556506318067,0.8072392344474792,0.7987136244773865,232.37549999976181,322.6490000015474,0.20653913915157318,-0.077431732574059,-0.008525609970092773
2866,3186,003186,25.23240005160142,25.227870790440058,0.7992016077041626,0.7944431900978088,238.52359999727923,326.75059999746736,0.20210188627243042,-0.004529261161362541,-0.00475841760635376
2867,3187,003187,25.321640144285702,25.35909348876361,0.7975202202796936,0.791187584400177,307.9509000017424,367.6424000004772,0.1909121721982956,0.037453344477906825,-0.0063326358795166016
2868,3188,003188,33.73450249242342,33.649817142276646,0.8533616065979004,0.8545517921447754,362.0566999998118,420.3875999992306,0.09517401456832886,-0.08468535014677059,0.001190185546875
2869,3189,003189,23.859809760411036,24.02088166677585,0.31691843271255493,0.2981054484844208,276.6005999983463,330.70650000081514,0.12367081642150879,0.16107190636481405,-0.018812984228134155
2870,3190,003190,23.38833198011273,23.39613226531963,0.31055817008018494,0.30225828289985657,229.11849999945844,357.1747999994841,0.12260959297418594,0.0078002852068976836,-0.00829988718032837
2871,3191,003191,23.514588305137885,23.521343850888826,0.3151821196079254,0.2922663986682892,233.21779999969294,337.04260000013164,0.12844537198543549,0.006755545750941394,-0.02291572093963623
2872,3192,003192,32.02232806472734,31.969178548471177,0.9414564967155457,0.9409947395324707,258.65019999764627,321.9615999987582,0.20915131270885468,-0.0531495162561626,-0.00046175718307495117
2873,3193,003193,27.494458695395238,27.530125594243536,0.872646152973175,0.8730087876319885,226.51480000058655,325.0826000003144,0.35842978954315186,0.03566689884829799,0.00036263465881347656
2874,3194,003194,26.937204442235313,26.895514041490035,0.8547292351722717,0.853834331035614,261.54590000078315,341.8435999992653,0.3496066629886627,-0.041690400745277856,-0.0008949041366577148
2875,3195,003195,27.223323714065483,27.133291822766232,0.8586140275001526,0.8552830815315247,246.68599999858998,314.510699998209,0.3508444130420685,-0.09003189129925104,-0.0033309459686279297
2876,3196,003196,26.147403238442728,25.991744837746165,0.7959303855895996,0.789965033531189,222.20850000303471,334.7505999990972,0.2678911089897156,-0.1556584006965629,-0.0059653520584106445
2877,3197,003197,25.730664834516205,25.721721813523075,0.8587654232978821,0.8594456315040588,268.04919999995036,342.20970000023954,0.23534147441387177,-0.00894302099312938,0.0006802082061767578
2878,3198,003198,25.530982649185784,25.615390472907116,0.847326934337616,0.8545491695404053,326.79409999764175,389.35380000111763,0.20939333736896515,0.08440782372133171,0.007222235202789307
2879,3199,003199,25.923082962098555,25.906403878463152,0.8561384081840515,0.8564174771308899,256.6202999987581,385.0955000016256,0.2425907999277115,-0.016679083635402492,0.0002790689468383789
